CREATE DATABASE  IF NOT EXISTS `3rdi` /*!40100 DEFAULT CHARACTER SET latin1 */;
USE `3rdi`;
-- MySQL dump 10.13  Distrib 5.6.23, for Win64 (x86_64)
--
-- Host: 127.0.0.1    Database: 3rdi
-- ------------------------------------------------------
-- Server version	5.6.24

/*!40101 SET @OLD_CHARACTER_SET_CLIENT=@@CHARACTER_SET_CLIENT */;
/*!40101 SET @OLD_CHARACTER_SET_RESULTS=@@CHARACTER_SET_RESULTS */;
/*!40101 SET @OLD_COLLATION_CONNECTION=@@COLLATION_CONNECTION */;
/*!40101 SET NAMES utf8 */;
/*!40103 SET @OLD_TIME_ZONE=@@TIME_ZONE */;
/*!40103 SET TIME_ZONE='+00:00' */;
/*!40014 SET @OLD_UNIQUE_CHECKS=@@UNIQUE_CHECKS, UNIQUE_CHECKS=0 */;
/*!40014 SET @OLD_FOREIGN_KEY_CHECKS=@@FOREIGN_KEY_CHECKS, FOREIGN_KEY_CHECKS=0 */;
/*!40101 SET @OLD_SQL_MODE=@@SQL_MODE, SQL_MODE='NO_AUTO_VALUE_ON_ZERO' */;
/*!40111 SET @OLD_SQL_NOTES=@@SQL_NOTES, SQL_NOTES=0 */;

--
-- Table structure for table `aid`
--

DROP TABLE IF EXISTS `aid`;
/*!40101 SET @saved_cs_client     = @@character_set_client */;
/*!40101 SET character_set_client = utf8 */;
CREATE TABLE `aid` (
  `id` int(11) NOT NULL AUTO_INCREMENT,
  `name` varchar(45) NOT NULL,
  `description` varchar(500) DEFAULT NULL,
  `assetTemplateId` int(11) NOT NULL,
  `aidTemplate` varchar(25) NOT NULL,
  `workspaceId` int(11) NOT NULL,
  `createdBy` int(11) NOT NULL,
  `createdDate` timestamp NOT NULL DEFAULT CURRENT_TIMESTAMP,
  `updatedBy` int(11) NOT NULL,
  `updatedDate` timestamp NOT NULL DEFAULT CURRENT_TIMESTAMP,
  PRIMARY KEY (`id`),
  UNIQUE KEY `UQ_AID_Name_WorkspaceId` (`name`,`workspaceId`),
  KEY `FK_AID_WORKSPACEID_idx` (`workspaceId`),
  KEY `FK_AID_ASSETTEMPLATID_idx` (`assetTemplateId`),
  KEY `FK_CREATEDBY_USERID_idx` (`createdBy`),
  KEY `FK_UPDATEDBY_USERID_idx` (`updatedBy`),
  CONSTRAINT `FK_AID_ASSETTEMPLATID` FOREIGN KEY (`assetTemplateId`) REFERENCES `asset_template` (`id`) ON DELETE NO ACTION ON UPDATE NO ACTION,
  CONSTRAINT `FK_AID_WORKSPACEID` FOREIGN KEY (`workspaceId`) REFERENCES `workspace` (`id`) ON DELETE NO ACTION ON UPDATE NO ACTION,
  CONSTRAINT `FK_CREATEDBY_USERID` FOREIGN KEY (`createdBy`) REFERENCES `user` (`id`) ON DELETE NO ACTION ON UPDATE NO ACTION,
  CONSTRAINT `FK_UPDATEDBY_USERID` FOREIGN KEY (`updatedBy`) REFERENCES `user` (`id`) ON DELETE NO ACTION ON UPDATE NO ACTION
) ENGINE=InnoDB AUTO_INCREMENT=10 DEFAULT CHARSET=latin1;
/*!40101 SET character_set_client = @saved_cs_client */;

--
-- Dumping data for table `aid`
--

LOCK TABLES `aid` WRITE;
/*!40000 ALTER TABLE `aid` DISABLE KEYS */;
INSERT INTO `aid` VALUES (2,'dummy 1','dummy desc',1,'DEFAULT',1,2,'2015-09-16 07:31:01',2,'2015-09-16 07:31:01'),(3,'Application AID for Customer','Sample AID interface diagram for the application inventory',16,'DEFAULT',5,2,'2015-09-23 12:03:02',2,'2015-09-23 12:03:02'),(4,'Impress Vamsi','',16,'DEFAULT',5,2,'2015-11-20 10:31:52',2,'2015-11-20 10:31:52'),(5,'Application to Server','Application to Server',29,'DEFAULT',7,5,'2016-01-07 11:39:22',5,'2016-01-07 11:39:22'),(6,'Application to Application','Application to Application',25,'DEFAULT',7,5,'2016-01-07 11:42:45',5,'2016-01-07 11:42:45'),(7,'Database to Database','Database to Database',24,'DEFAULT',7,5,'2016-01-07 11:46:38',5,'2016-01-07 11:46:38'),(8,'Application AID for Demo','Application AID for Demo',25,'DEFAULT',7,5,'2016-01-07 12:05:33',5,'2016-01-07 12:05:33'),(9,'Server AID for Demo','Server AID for Demo',23,'DEFAULT',7,5,'2016-01-07 12:33:12',5,'2016-01-07 12:33:12');
/*!40000 ALTER TABLE `aid` ENABLE KEYS */;
UNLOCK TABLES;

--
-- Table structure for table `aid_block`
--

DROP TABLE IF EXISTS `aid_block`;
/*!40101 SET @saved_cs_client     = @@character_set_client */;
/*!40101 SET character_set_client = utf8 */;
CREATE TABLE `aid_block` (
  `id` int(11) NOT NULL AUTO_INCREMENT,
  `aidId` int(11) NOT NULL,
  `aidBlockType` varchar(20) NOT NULL,
  `sequenceNumber` int(11) NOT NULL,
  `blockJSONConfig` text NOT NULL,
  PRIMARY KEY (`id`),
  KEY `FK_AIDID_AID_idx` (`aidId`),
  CONSTRAINT `FK_AIDID_AID` FOREIGN KEY (`aidId`) REFERENCES `aid` (`id`) ON DELETE NO ACTION ON UPDATE NO ACTION
) ENGINE=InnoDB AUTO_INCREMENT=64 DEFAULT CHARSET=latin1;
/*!40101 SET character_set_client = @saved_cs_client */;

--
-- Dumping data for table `aid_block`
--

LOCK TABLES `aid_block` WRITE;
/*!40000 ALTER TABLE `aid_block` DISABLE KEYS */;
INSERT INTO `aid_block` VALUES (34,2,'BLOCK_2',1,'{\"blockTitle\":\"block 2\",\"subBlock1\":{\"templateColumnId\":5,\"blockTitle\":\"\",\"paramQEId\":0,\"paramId\":0,\"questionId\":0,\"questionQEId\":0}}'),(36,2,'BLOCK_3',2,'{\"blockTitle\":\"Other details\",\"subBlock1\":{\"templateColumnId\":0,\"blockTitle\":\"Modelling tools\",\"paramQEId\":0,\"paramId\":0,\"questionId\":102,\"questionQEId\":23},\"subBlock2\":{\"templateColumnId\":6,\"blockTitle\":\"IT Manager\",\"paramQEId\":0,\"paramId\":0,\"questionId\":0,\"questionQEId\":0},\"subBlock3\":{\"templateColumnId\":0,\"blockTitle\":\"TQ\",\"paramQEId\":23,\"paramId\":81,\"questionId\":0,\"questionQEId\":0},\"subBlock4\":{\"templateColumnId\":0,\"blockTitle\":\"Deployment status\",\"paramQEId\":0,\"paramId\":0,\"questionId\":96,\"questionQEId\":23}}'),(39,2,'BLOCK_4',3,'{\"blockTitle\":\"Support Details\",\"subBlock1\":{\"templateColumnId\":0,\"blockTitle\":\"Production Support type\",\"paramQEId\":0,\"paramId\":0,\"questionId\":104,\"questionQEId\":23},\"subBlock2\":{\"templateColumnId\":0,\"blockTitle\":\"Documentation status\",\"paramQEId\":0,\"paramId\":0,\"questionId\":110,\"questionQEId\":23}}'),(40,3,'BLOCK_2',2,'{\"blockTitle\":\"Summary\",\"subBlock1\":{\"templateColumnId\":0,\"blockTitle\":\"\",\"paramQEId\":0,\"paramId\":0,\"questionId\":114,\"questionQEId\":29}}'),(42,3,'BLOCK_3',4,'{\"blockTitle\":\"TCO\",\"subBlock1\":{\"templateColumnId\":0,\"blockTitle\":\"Support Cost\",\"paramQEId\":0,\"paramId\":0,\"questionId\":123,\"questionQEId\":29},\"subBlock2\":{\"templateColumnId\":0,\"blockTitle\":\"Infra Cost\",\"paramQEId\":0,\"paramId\":0,\"questionId\":128,\"questionQEId\":29},\"subBlock3\":{\"templateColumnId\":0,\"blockTitle\":\"TCO\",\"paramQEId\":29,\"paramId\":92,\"questionId\":0,\"questionQEId\":0},\"subBlock4\":{\"templateColumnId\":0,\"blockTitle\":\"Downtime impact\",\"paramQEId\":0,\"paramId\":0,\"questionId\":115,\"questionQEId\":29}}'),(43,3,'BLOCK_1',1,'{\"blockTitle\":\"Application Overview\",\"subBlock1\":{\"templateColumnId\":29,\"blockTitle\":\"Application Id\",\"paramQEId\":0,\"paramId\":0,\"questionId\":0,\"questionQEId\":0},\"subBlock2\":{\"templateColumnId\":25,\"blockTitle\":\"Application Name\",\"paramQEId\":0,\"paramId\":0,\"questionId\":0,\"questionQEId\":0},\"subBlock3\":{\"templateColumnId\":27,\"blockTitle\":\"Owner\",\"paramQEId\":0,\"paramId\":0,\"questionId\":0,\"questionQEId\":0},\"subBlock4\":{\"templateColumnId\":28,\"blockTitle\":\"Date of Commission\",\"paramQEId\":0,\"paramId\":0,\"questionId\":0,\"questionQEId\":0},\"subBlock5\":{\"templateColumnId\":0,\"blockTitle\":\"Application Category\",\"paramQEId\":0,\"paramId\":0,\"questionId\":117,\"questionQEId\":29},\"subBlock6\":{\"templateColumnId\":0,\"blockTitle\":\"Business Line\",\"paramQEId\":0,\"paramId\":0,\"questionId\":122,\"questionQEId\":29}}'),(44,3,'BLOCK_3',3,'{\"blockTitle\":\"Application Health\",\"subBlock1\":{\"templateColumnId\":0,\"blockTitle\":\"Functional Health\",\"paramQEId\":29,\"paramId\":93,\"questionId\":0,\"questionQEId\":0},\"subBlock2\":{\"templateColumnId\":0,\"blockTitle\":\"Technical Health\",\"paramQEId\":29,\"paramId\":94,\"questionId\":0,\"questionQEId\":0},\"subBlock3\":{\"templateColumnId\":0,\"blockTitle\":\"APM Maturity\",\"paramQEId\":29,\"paramId\":95,\"questionId\":0,\"questionQEId\":0},\"subBlock4\":{\"templateColumnId\":0,\"blockTitle\":\"Technology\",\"paramQEId\":0,\"paramId\":0,\"questionId\":120,\"questionQEId\":29}}'),(45,4,'BLOCK_2',1,''),(46,4,'BLOCK_3',2,'{\"blockTitle\":\"\",\"subBlock1\":{\"templateColumnId\":0,\"blockTitle\":\"\",\"paramQEId\":29,\"paramId\":93,\"questionId\":0,\"questionQEId\":0},\"subBlock2\":{\"templateColumnId\":0,\"blockTitle\":null,\"paramQEId\":0,\"paramId\":0,\"questionId\":0,\"questionQEId\":0},\"subBlock3\":{\"templateColumnId\":0,\"blockTitle\":null,\"paramQEId\":0,\"paramId\":0,\"questionId\":0,\"questionQEId\":0},\"subBlock4\":{\"templateColumnId\":0,\"blockTitle\":null,\"paramQEId\":0,\"paramId\":0,\"questionId\":0,\"questionQEId\":0}}'),(51,6,'BLOCK_1',1,'{\"blockTitle\":\"\",\"subBlock1\":{\"templateColumnId\":0,\"blockTitle\":\"Sample\",\"paramQEId\":0,\"paramId\":0,\"questionId\":174,\"questionQEId\":39},\"subBlock2\":{\"templateColumnId\":0,\"blockTitle\":\"Sample 2\",\"paramQEId\":0,\"paramId\":0,\"questionId\":171,\"questionQEId\":40},\"subBlock3\":{\"templateColumnId\":0,\"blockTitle\":null,\"paramQEId\":0,\"paramId\":0,\"questionId\":0,\"questionQEId\":0},\"subBlock4\":{\"templateColumnId\":0,\"blockTitle\":null,\"paramQEId\":0,\"paramId\":0,\"questionId\":0,\"questionQEId\":0},\"subBlock5\":{\"templateColumnId\":0,\"blockTitle\":null,\"paramQEId\":0,\"paramId\":0,\"questionId\":0,\"questionQEId\":0},\"subBlock6\":{\"templateColumnId\":0,\"blockTitle\":null,\"paramQEId\":0,\"paramId\":0,\"questionId\":0,\"questionQEId\":0}}'),(52,7,'BLOCK_2',1,'{\"blockTitle\":\"\",\"subBlock1\":{\"templateColumnId\":0,\"blockTitle\":\"\",\"paramQEId\":0,\"paramId\":0,\"questionId\":171,\"questionQEId\":40}}'),(53,5,'BLOCK_1',1,'{\"blockTitle\":\"\",\"subBlock1\":{\"templateColumnId\":78,\"blockTitle\":\"Sample Title\",\"paramQEId\":0,\"paramId\":0,\"questionId\":0,\"questionQEId\":0},\"subBlock2\":{\"templateColumnId\":0,\"blockTitle\":null,\"paramQEId\":0,\"paramId\":0,\"questionId\":0,\"questionQEId\":0},\"subBlock3\":{\"templateColumnId\":0,\"blockTitle\":null,\"paramQEId\":0,\"paramId\":0,\"questionId\":0,\"questionQEId\":0},\"subBlock4\":{\"templateColumnId\":0,\"blockTitle\":null,\"paramQEId\":0,\"paramId\":0,\"questionId\":0,\"questionQEId\":0},\"subBlock5\":{\"templateColumnId\":0,\"blockTitle\":null,\"paramQEId\":0,\"paramId\":0,\"questionId\":0,\"questionQEId\":0},\"subBlock6\":{\"templateColumnId\":0,\"blockTitle\":null,\"paramQEId\":0,\"paramId\":0,\"questionId\":0,\"questionQEId\":0}}'),(54,8,'BLOCK_1',1,'{\"blockTitle\":\"Application Overview\",\"subBlock1\":{\"templateColumnId\":66,\"blockTitle\":\"Application Name\",\"paramQEId\":0,\"paramId\":0,\"questionId\":0,\"questionQEId\":0},\"subBlock2\":{\"templateColumnId\":70,\"blockTitle\":\"Application Type\",\"paramQEId\":0,\"paramId\":0,\"questionId\":0,\"questionQEId\":0},\"subBlock3\":{\"templateColumnId\":68,\"blockTitle\":\"LOB Name\",\"paramQEId\":0,\"paramId\":0,\"questionId\":0,\"questionQEId\":0},\"subBlock4\":{\"templateColumnId\":69,\"blockTitle\":\"Geo / Country\",\"paramQEId\":0,\"paramId\":0,\"questionId\":0,\"questionQEId\":0},\"subBlock5\":{\"templateColumnId\":71,\"blockTitle\":\"Technology\",\"paramQEId\":0,\"paramId\":0,\"questionId\":0,\"questionQEId\":0},\"subBlock6\":{\"templateColumnId\":0,\"blockTitle\":null,\"paramQEId\":0,\"paramId\":0,\"questionId\":0,\"questionQEId\":0}}'),(56,8,'BLOCK_3',2,'{\"blockTitle\":null,\"subBlock1\":{\"templateColumnId\":0,\"blockTitle\":\"Functional Health\",\"paramQEId\":44,\"paramId\":121,\"questionId\":0,\"questionQEId\":0},\"subBlock2\":{\"templateColumnId\":0,\"blockTitle\":\"Technical Health\",\"paramQEId\":44,\"paramId\":122,\"questionId\":0,\"questionQEId\":0},\"subBlock3\":{\"templateColumnId\":0,\"blockTitle\":\"Total Cost Of Ownership\",\"paramQEId\":44,\"paramId\":124,\"questionId\":0,\"questionQEId\":0},\"subBlock4\":{\"templateColumnId\":0,\"blockTitle\":\"Criticality Quotient\",\"paramQEId\":44,\"paramId\":125,\"questionId\":0,\"questionQEId\":0}}'),(58,9,'BLOCK_1',1,'{\"blockTitle\":\"\",\"subBlock1\":{\"templateColumnId\":44,\"blockTitle\":\"Server Name\",\"paramQEId\":0,\"paramId\":0,\"questionId\":0,\"questionQEId\":0},\"subBlock2\":{\"templateColumnId\":53,\"blockTitle\":\"OS Version\",\"paramQEId\":0,\"paramId\":0,\"questionId\":0,\"questionQEId\":0},\"subBlock3\":{\"templateColumnId\":56,\"blockTitle\":\"Server Role\",\"paramQEId\":0,\"paramId\":0,\"questionId\":0,\"questionQEId\":0},\"subBlock4\":{\"templateColumnId\":55,\"blockTitle\":\"IP Address\",\"paramQEId\":0,\"paramId\":0,\"questionId\":0,\"questionQEId\":0},\"subBlock5\":{\"templateColumnId\":45,\"blockTitle\":\"Server Location\",\"paramQEId\":0,\"paramId\":0,\"questionId\":0,\"questionQEId\":0},\"subBlock6\":{\"templateColumnId\":51,\"blockTitle\":\"Serial Number\",\"paramQEId\":0,\"paramId\":0,\"questionId\":0,\"questionQEId\":0}}'),(59,9,'BLOCK_2',2,'{\"blockTitle\":\"Server Summary\",\"subBlock1\":{\"templateColumnId\":84,\"blockTitle\":\"Summary\",\"paramQEId\":0,\"paramId\":0,\"questionId\":0,\"questionQEId\":0}}'),(60,9,'BLOCK_4',3,'{\"blockTitle\":\"Server Make\",\"subBlock1\":{\"templateColumnId\":47,\"blockTitle\":\"Server Make\",\"paramQEId\":0,\"paramId\":0,\"questionId\":0,\"questionQEId\":0},\"subBlock2\":{\"templateColumnId\":48,\"blockTitle\":\"Server Model\",\"paramQEId\":0,\"paramId\":0,\"questionId\":0,\"questionQEId\":0}}'),(61,9,'BLOCK_3',4,'{\"blockTitle\":\"Server Health Information\",\"subBlock1\":{\"templateColumnId\":0,\"blockTitle\":\"Technical Health Score\",\"paramQEId\":39,\"paramId\":111,\"questionId\":0,\"questionQEId\":0},\"subBlock2\":{\"templateColumnId\":0,\"blockTitle\":\"Utilization Score\",\"paramQEId\":39,\"paramId\":136,\"questionId\":0,\"questionQEId\":0},\"subBlock3\":{\"templateColumnId\":0,\"blockTitle\":\"Infra Health Score\",\"paramQEId\":39,\"paramId\":137,\"questionId\":0,\"questionQEId\":0},\"subBlock4\":{\"templateColumnId\":0,\"blockTitle\":\"Criticality Score\",\"paramQEId\":39,\"paramId\":134,\"questionId\":0,\"questionQEId\":0}}'),(62,9,'BLOCK_4',5,'{\"blockTitle\":\"TCO\",\"subBlock1\":{\"templateColumnId\":0,\"blockTitle\":\"Total Cost Of Ownership\",\"paramQEId\":39,\"paramId\":133,\"questionId\":0,\"questionQEId\":0},\"subBlock2\":{\"templateColumnId\":0,\"blockTitle\":\"Annual Maintenance Cost\",\"paramQEId\":0,\"paramId\":0,\"questionId\":145,\"questionQEId\":39}}'),(63,9,'BLOCK_4',6,'{\"blockTitle\":\"Cloud Readiness\",\"subBlock1\":{\"templateColumnId\":0,\"blockTitle\":\"Cloud Readiness Score\",\"paramQEId\":41,\"paramId\":115,\"questionId\":0,\"questionQEId\":0},\"subBlock2\":{\"templateColumnId\":0,\"blockTitle\":\"Maintenance Score\",\"paramQEId\":39,\"paramId\":135,\"questionId\":0,\"questionQEId\":0}}');
/*!40000 ALTER TABLE `aid_block` ENABLE KEYS */;
UNLOCK TABLES;

--
-- Table structure for table `asset`
--

DROP TABLE IF EXISTS `asset`;
/*!40101 SET @saved_cs_client     = @@character_set_client */;
/*!40101 SET character_set_client = utf8 */;
CREATE TABLE `asset` (
  `id` int(11) NOT NULL AUTO_INCREMENT,
  `templateId` int(11) NOT NULL,
  `deleteStatus` tinyint(1) NOT NULL DEFAULT '0',
  `createdBy` int(11) NOT NULL,
  `createdDate` timestamp NOT NULL DEFAULT CURRENT_TIMESTAMP ON UPDATE CURRENT_TIMESTAMP,
  `updatedBy` int(11) NOT NULL,
  `updatedDate` timestamp NOT NULL DEFAULT CURRENT_TIMESTAMP ON UPDATE CURRENT_TIMESTAMP,
  PRIMARY KEY (`id`),
  KEY `ASSET_TEMPLATE_FK_idx` (`templateId`),
  KEY `ASSET_CREATED_BY_FK_idx` (`createdBy`),
  KEY `ASSET_UPDATED_BY_FK_idx` (`updatedBy`),
  CONSTRAINT `ASSET_CREATED_BY_FK` FOREIGN KEY (`createdBy`) REFERENCES `user` (`id`) ON DELETE CASCADE ON UPDATE NO ACTION,
  CONSTRAINT `ASSET_TEMPLATE_FK` FOREIGN KEY (`templateId`) REFERENCES `asset_template` (`id`) ON DELETE CASCADE ON UPDATE NO ACTION,
  CONSTRAINT `ASSET_UPDATED_BY_FK` FOREIGN KEY (`updatedBy`) REFERENCES `user` (`id`) ON DELETE CASCADE ON UPDATE NO ACTION
) ENGINE=InnoDB AUTO_INCREMENT=1110 DEFAULT CHARSET=latin1;
/*!40101 SET character_set_client = @saved_cs_client */;

--
-- Dumping data for table `asset`
--

LOCK TABLES `asset` WRITE;
/*!40000 ALTER TABLE `asset` DISABLE KEYS */;
INSERT INTO `asset` VALUES (1,1,0,2,'2015-08-13 17:57:34',2,'2015-08-13 17:57:34'),(2,1,0,2,'2015-08-13 18:02:00',2,'2015-08-13 18:02:00'),(3,1,0,2,'2015-08-13 18:03:32',2,'2015-08-13 18:03:32'),(4,1,0,2,'2015-08-13 18:04:29',2,'2015-08-13 18:04:29'),(5,1,0,2,'2015-08-13 18:05:52',2,'2015-08-13 18:05:52'),(6,1,0,2,'2015-08-13 18:07:35',2,'2015-08-13 18:07:35'),(7,1,0,2,'2015-08-13 18:08:51',2,'2015-08-13 18:08:51'),(8,1,0,2,'2015-08-13 18:10:23',2,'2015-08-13 18:10:23'),(9,1,0,2,'2015-08-13 18:12:38',2,'2015-08-13 18:12:38'),(10,3,0,2,'2015-08-13 18:29:57',2,'2015-08-13 18:29:57'),(11,3,0,2,'2015-08-13 18:30:19',2,'2015-08-13 18:30:19'),(12,3,0,2,'2015-08-13 18:30:59',2,'2015-08-13 18:30:59'),(13,3,0,2,'2015-08-13 18:31:48',2,'2015-08-13 18:31:48'),(14,3,0,2,'2015-08-13 18:32:47',2,'2015-08-13 18:32:47'),(15,1,0,2,'2015-08-13 18:45:07',2,'2015-08-13 18:45:07'),(16,1,0,2,'2015-08-13 18:45:45',2,'2015-08-13 18:45:45'),(17,15,0,2,'2015-09-22 07:51:49',2,'2015-09-22 07:51:49'),(18,15,0,2,'2015-09-22 09:26:54',2,'2015-09-22 09:26:54'),(19,15,0,2,'2015-09-22 09:27:36',2,'2015-09-22 09:27:36'),(20,15,0,2,'2015-09-22 09:30:08',2,'2015-09-22 09:30:08'),(21,15,0,2,'2015-09-23 05:17:57',2,'2015-09-23 05:17:57'),(22,15,0,2,'2015-09-23 05:18:31',2,'2015-09-23 05:18:31'),(23,16,0,4,'2015-09-23 10:23:13',4,'2015-09-23 10:23:13'),(24,16,0,4,'2015-09-23 10:25:22',4,'2015-09-23 10:25:22'),(25,16,0,4,'2015-09-23 10:25:27',4,'2015-09-23 10:25:27'),(26,16,0,4,'2015-09-23 10:26:27',4,'2015-09-23 10:26:27'),(27,16,0,4,'2015-09-23 10:27:00',4,'2015-09-23 10:27:00'),(28,16,0,4,'2015-09-23 10:27:50',4,'2015-09-23 10:27:50'),(29,16,0,4,'2015-09-23 10:28:15',4,'2015-09-23 10:28:15'),(30,16,0,4,'2015-09-23 10:28:29',4,'2015-09-23 10:28:29'),(31,16,0,4,'2015-09-23 10:29:18',4,'2015-09-23 10:29:18'),(32,16,0,4,'2015-09-23 10:29:30',4,'2015-09-23 10:29:30'),(33,16,0,4,'2015-09-23 10:30:20',4,'2015-09-23 10:30:20'),(34,16,0,4,'2015-09-23 10:30:33',4,'2015-09-23 10:30:33'),(35,16,0,4,'2015-09-23 10:31:11',4,'2015-09-23 10:31:11'),(36,16,0,4,'2015-09-23 10:31:15',4,'2015-09-23 10:31:15'),(37,16,0,4,'2015-09-23 10:31:54',4,'2015-09-23 10:31:54'),(38,16,0,4,'2015-09-23 10:32:09',4,'2015-09-23 10:32:09'),(39,16,0,4,'2015-09-23 10:32:57',4,'2015-09-23 10:32:57'),(40,16,0,4,'2015-09-23 10:33:12',4,'2015-09-23 10:33:12'),(41,16,0,4,'2015-09-23 10:33:36',4,'2015-09-23 10:33:36'),(42,16,0,4,'2015-09-23 10:34:10',4,'2015-09-23 10:34:10'),(43,16,0,4,'2015-09-23 10:34:13',4,'2015-09-23 10:34:13'),(44,16,0,4,'2015-09-23 10:35:02',4,'2015-09-23 10:35:02'),(45,16,0,4,'2015-09-23 10:35:11',4,'2015-09-23 10:35:11'),(46,16,0,4,'2015-09-23 10:35:41',4,'2015-09-23 10:35:41'),(47,16,0,4,'2015-09-23 10:36:05',4,'2015-09-23 10:36:05'),(48,16,0,4,'2015-09-23 10:36:24',4,'2015-09-23 10:36:24'),(49,16,0,4,'2015-09-23 10:36:59',4,'2015-09-23 10:36:59'),(50,16,0,4,'2015-09-23 10:37:02',4,'2015-09-23 10:37:02'),(51,16,0,4,'2015-09-23 10:37:38',4,'2015-09-23 10:37:38'),(52,16,0,4,'2015-09-23 10:37:40',4,'2015-09-23 10:37:40'),(53,16,0,4,'2015-09-23 10:38:34',4,'2015-09-23 10:38:34'),(54,16,0,4,'2015-09-23 10:38:37',4,'2015-09-23 10:38:37'),(55,16,0,4,'2015-09-23 10:39:16',4,'2015-09-23 10:39:16'),(56,16,0,4,'2015-09-23 10:39:39',4,'2015-09-23 10:39:39'),(57,16,0,4,'2015-09-23 10:39:54',4,'2015-09-23 10:39:54'),(58,16,0,4,'2015-09-23 10:40:50',4,'2015-09-23 10:40:50'),(59,16,0,4,'2015-09-23 10:41:46',4,'2015-09-23 10:41:46'),(60,16,0,4,'2015-09-23 10:42:57',4,'2015-09-23 10:42:57'),(61,16,0,4,'2015-09-23 10:43:10',4,'2015-09-23 10:43:10'),(62,16,0,4,'2015-09-23 10:43:51',4,'2015-09-23 10:43:51'),(63,16,0,4,'2015-09-23 10:43:55',4,'2015-09-23 10:43:55'),(64,16,0,4,'2015-09-23 10:44:24',4,'2015-09-23 10:44:24'),(65,16,0,4,'2015-09-23 10:44:33',4,'2015-09-23 10:44:33'),(66,16,0,4,'2015-09-23 10:44:57',4,'2015-09-23 10:44:57'),(67,16,0,4,'2015-09-23 10:45:13',4,'2015-09-23 10:45:13'),(68,16,0,4,'2015-09-23 10:45:28',4,'2015-09-23 10:45:28'),(69,16,0,4,'2015-09-23 10:46:01',4,'2015-09-23 10:46:01'),(70,16,0,4,'2015-09-23 10:46:25',4,'2015-09-23 10:46:25'),(71,16,0,4,'2015-09-23 10:46:44',4,'2015-09-23 10:46:44'),(72,16,0,4,'2015-09-23 10:46:56',4,'2015-09-23 10:46:56'),(73,16,0,4,'2015-09-23 10:47:24',4,'2015-09-23 10:47:24'),(74,16,0,4,'2015-09-23 10:47:24',4,'2015-09-23 10:47:24'),(75,16,0,4,'2015-09-23 10:48:12',4,'2015-09-23 10:48:12'),(76,16,0,4,'2015-09-23 10:48:57',4,'2015-09-23 10:48:57'),(77,16,0,4,'2015-09-23 10:49:46',4,'2015-09-23 10:49:46'),(78,17,0,2,'2015-09-23 11:30:14',2,'2015-09-23 11:30:14'),(79,17,0,2,'2015-09-23 11:32:50',2,'2015-09-23 11:32:50'),(80,17,0,2,'2015-09-23 11:33:24',2,'2015-09-23 11:33:24'),(81,17,0,2,'2015-09-23 11:34:00',2,'2015-09-23 11:34:00'),(82,17,0,2,'2015-09-23 11:36:03',2,'2015-09-23 11:36:03'),(83,17,0,2,'2015-09-23 11:36:47',2,'2015-09-23 11:36:47'),(84,17,0,2,'2015-09-23 11:38:21',2,'2015-09-23 11:38:21'),(85,17,0,2,'2015-09-23 11:38:32',2,'2015-09-23 11:38:32'),(86,17,0,2,'2015-09-23 11:38:59',2,'2015-09-23 11:38:59'),(87,17,0,2,'2015-09-23 11:44:54',2,'2015-09-23 11:44:54'),(88,17,0,2,'2015-09-23 11:45:23',2,'2015-09-23 11:45:23'),(89,17,0,2,'2015-09-23 11:45:44',2,'2015-09-23 11:45:44'),(90,17,0,2,'2015-09-23 11:46:17',2,'2015-09-23 11:46:17'),(91,17,0,2,'2015-09-23 11:46:46',2,'2015-09-23 11:46:46'),(92,17,0,2,'2015-09-23 11:47:46',2,'2015-09-23 11:47:46'),(93,17,0,2,'2015-09-23 11:59:38',2,'2015-09-23 11:59:38'),(94,17,0,2,'2015-09-23 11:59:56',2,'2015-09-23 11:59:56'),(95,17,0,2,'2015-09-23 12:00:48',2,'2015-09-23 12:00:48'),(96,17,0,2,'2015-09-23 12:01:07',2,'2015-09-23 12:01:07'),(97,17,0,2,'2015-09-23 12:01:33',2,'2015-09-23 12:01:33'),(98,17,0,2,'2015-09-23 12:06:53',2,'2015-09-23 12:06:53'),(99,17,0,2,'2015-09-23 12:22:55',2,'2015-09-23 12:22:55'),(100,17,0,2,'2015-09-23 12:23:22',2,'2015-09-23 12:23:22'),(101,17,0,2,'2015-09-23 12:23:51',2,'2015-09-23 12:23:51'),(102,17,0,4,'2015-09-28 12:19:01',4,'2015-09-28 12:19:01'),(103,17,0,4,'2015-09-28 12:19:31',4,'2015-09-28 12:19:31'),(104,17,0,4,'2015-09-28 12:20:06',4,'2015-09-28 12:20:06'),(105,18,0,5,'2015-10-15 11:25:01',5,'2015-10-15 11:25:01'),(106,18,0,5,'2015-10-15 11:25:16',5,'2015-10-15 11:25:16'),(107,18,0,5,'2015-10-15 11:25:37',5,'2015-10-15 11:25:37'),(108,19,0,9,'2015-11-10 03:24:30',9,'2015-11-10 03:24:30'),(109,19,0,9,'2015-11-10 03:24:42',9,'2015-11-10 03:24:42'),(110,19,0,9,'2015-11-10 03:24:51',9,'2015-11-10 03:24:51'),(111,19,0,9,'2015-11-10 03:24:57',9,'2015-11-10 03:24:57'),(112,19,0,9,'2015-11-10 03:25:05',9,'2015-11-10 03:25:05'),(113,19,0,9,'2015-11-10 03:25:13',9,'2015-11-10 03:25:13'),(114,19,0,9,'2015-11-10 03:25:19',9,'2015-11-10 03:25:19'),(115,19,0,9,'2015-11-10 03:25:26',9,'2015-11-10 03:25:26'),(116,19,0,9,'2015-11-10 03:25:33',9,'2015-11-10 03:25:33'),(117,19,0,9,'2015-11-10 03:25:38',9,'2015-11-10 03:25:38'),(118,19,0,9,'2015-11-10 03:25:44',9,'2015-11-10 03:25:44'),(119,19,0,9,'2015-11-10 03:25:50',9,'2015-11-10 03:25:50'),(120,19,0,9,'2015-11-10 03:25:59',9,'2015-11-10 03:25:59'),(121,19,0,9,'2015-11-10 03:26:05',9,'2015-11-10 03:26:05'),(122,19,0,9,'2015-11-10 03:26:12',9,'2015-11-10 03:26:12'),(123,19,0,9,'2015-11-10 03:26:21',9,'2015-11-10 03:26:21'),(124,19,0,9,'2015-11-10 03:26:29',9,'2015-11-10 03:26:29'),(125,19,0,9,'2015-11-10 03:26:36',9,'2015-11-10 03:26:36'),(126,19,0,9,'2015-11-10 03:26:40',9,'2015-11-10 03:26:40'),(127,19,0,9,'2015-11-10 03:26:45',9,'2015-11-10 03:26:45'),(128,19,0,9,'2015-11-10 03:26:51',9,'2015-11-10 03:26:51'),(129,19,0,9,'2015-11-10 03:26:56',9,'2015-11-10 03:26:56'),(130,19,0,9,'2015-11-10 03:27:05',9,'2015-11-10 03:27:05'),(131,19,0,9,'2015-11-10 03:27:08',9,'2015-11-10 03:27:08'),(132,19,0,9,'2015-11-10 03:27:13',9,'2015-11-10 03:27:13'),(133,19,0,9,'2015-11-10 03:27:20',9,'2015-11-10 03:27:20'),(134,19,0,9,'2015-11-10 03:27:25',9,'2015-11-10 03:27:25'),(135,19,0,9,'2015-11-10 03:27:30',9,'2015-11-10 03:27:30'),(136,19,0,9,'2015-11-10 03:27:34',9,'2015-11-10 03:27:34'),(137,19,0,9,'2015-11-10 03:27:39',9,'2015-11-10 03:27:39'),(138,19,0,9,'2015-11-10 03:27:51',9,'2015-11-10 03:27:51'),(139,19,0,9,'2015-11-10 03:27:56',9,'2015-11-10 03:27:56'),(140,19,0,9,'2015-11-10 03:28:00',9,'2015-11-10 03:28:00'),(141,19,0,9,'2015-11-10 03:28:08',9,'2015-11-10 03:28:08'),(142,19,0,9,'2015-11-10 03:28:13',9,'2015-11-10 03:28:13'),(143,19,0,9,'2015-11-10 03:28:17',9,'2015-11-10 03:28:17'),(144,19,0,9,'2015-11-10 03:28:22',9,'2015-11-10 03:28:22'),(145,19,0,9,'2015-11-10 03:28:27',9,'2015-11-10 03:28:27'),(146,19,0,9,'2015-11-10 03:28:32',9,'2015-11-10 03:28:32'),(147,19,0,9,'2015-11-10 03:28:37',9,'2015-11-10 03:28:37'),(148,19,0,9,'2015-11-10 03:28:44',9,'2015-11-10 03:28:44'),(149,19,0,9,'2015-11-10 03:28:48',9,'2015-11-10 03:28:48'),(150,19,0,9,'2015-11-10 03:28:52',9,'2015-11-10 03:28:52'),(151,19,0,9,'2015-11-10 03:28:57',9,'2015-11-10 03:28:57'),(152,19,0,9,'2015-11-10 03:29:01',9,'2015-11-10 03:29:01'),(153,17,0,9,'2015-11-10 03:30:12',9,'2015-11-10 03:30:12'),(154,17,0,9,'2015-11-10 03:31:25',9,'2015-11-10 03:31:25'),(155,17,0,9,'2015-11-10 03:31:49',9,'2015-11-10 03:31:49'),(156,17,0,9,'2015-11-10 03:32:25',9,'2015-11-10 03:32:25'),(157,17,0,9,'2015-11-10 03:33:06',9,'2015-11-10 03:33:06'),(158,17,0,9,'2015-11-10 03:36:46',9,'2015-11-10 03:36:46'),(159,17,0,9,'2015-11-10 03:38:23',9,'2015-11-10 03:38:23'),(160,17,0,9,'2015-11-10 03:39:52',9,'2015-11-10 03:39:52'),(161,17,0,9,'2015-11-10 03:40:45',9,'2015-11-10 03:40:45'),(162,17,0,9,'2015-11-10 03:48:07',9,'2015-11-10 03:48:07'),(163,17,0,9,'2015-11-10 03:49:51',9,'2015-11-10 03:49:51'),(164,17,0,9,'2015-11-10 03:50:19',9,'2015-11-10 03:50:19'),(165,17,0,9,'2015-11-10 03:50:43',9,'2015-11-10 03:50:43'),(166,17,0,9,'2015-11-10 03:51:10',9,'2015-11-10 03:51:10'),(167,17,0,9,'2015-11-10 03:51:33',9,'2015-11-10 03:51:33'),(168,17,0,9,'2015-11-10 03:51:51',9,'2015-11-10 03:51:51'),(169,17,0,9,'2015-11-10 03:52:16',9,'2015-11-10 03:52:16'),(170,17,0,9,'2015-11-10 03:53:02',9,'2015-11-10 03:53:02'),(171,17,0,9,'2015-11-10 03:54:09',9,'2015-11-10 03:54:09'),(172,17,0,9,'2015-11-10 03:55:16',9,'2015-11-10 03:55:16'),(173,17,0,9,'2015-11-10 03:55:53',9,'2015-11-10 03:55:53'),(174,17,0,9,'2015-11-10 03:56:19',9,'2015-11-10 03:56:19'),(175,17,0,9,'2015-11-10 03:57:55',9,'2015-11-10 03:57:55'),(176,17,0,9,'2015-11-12 04:21:21',9,'2015-11-12 04:21:21'),(177,17,0,9,'2015-11-12 04:22:22',9,'2015-11-12 04:22:22'),(178,17,0,9,'2015-11-12 04:23:20',9,'2015-11-12 04:23:20'),(179,17,0,9,'2015-11-12 04:23:59',9,'2015-11-12 04:23:59'),(180,17,0,9,'2015-11-12 04:25:03',9,'2015-11-12 04:25:03'),(181,17,0,9,'2015-11-12 04:25:55',9,'2015-11-12 04:25:55'),(182,17,0,9,'2015-11-12 04:26:39',9,'2015-11-12 04:26:39'),(183,17,0,9,'2015-11-12 04:27:41',9,'2015-11-12 04:27:41'),(184,17,0,9,'2015-11-12 04:28:58',9,'2015-11-12 04:28:58'),(185,17,0,9,'2015-11-12 04:29:34',9,'2015-11-12 04:29:34'),(186,17,0,9,'2015-11-12 04:30:58',9,'2015-11-12 04:30:58'),(187,17,0,9,'2015-11-12 04:31:59',9,'2015-11-12 04:31:59'),(188,17,0,9,'2015-11-12 04:32:39',9,'2015-11-12 04:32:39'),(189,17,0,9,'2015-11-12 04:33:29',9,'2015-11-12 04:33:29'),(190,22,0,5,'2016-01-04 06:59:33',5,'2016-01-04 06:59:33'),(191,22,0,5,'2016-01-04 06:59:58',5,'2016-01-04 06:59:58'),(192,23,0,10,'2016-01-04 11:38:35',10,'2016-01-04 11:38:35'),(193,23,0,10,'2016-01-04 11:38:35',10,'2016-01-04 11:38:35'),(194,23,0,10,'2016-01-04 11:38:35',10,'2016-01-04 11:38:35'),(195,23,0,10,'2016-01-04 11:38:35',10,'2016-01-04 11:38:35'),(196,23,0,10,'2016-01-04 11:38:35',10,'2016-01-04 11:38:35'),(197,23,0,10,'2016-01-04 11:38:35',10,'2016-01-04 11:38:35'),(198,23,0,10,'2016-01-04 11:38:35',10,'2016-01-04 11:38:35'),(199,23,0,10,'2016-01-04 11:38:35',10,'2016-01-04 11:38:35'),(200,23,0,10,'2016-01-04 11:38:35',10,'2016-01-04 11:38:35'),(201,23,0,10,'2016-01-04 11:38:35',10,'2016-01-04 11:38:35'),(202,23,0,10,'2016-01-04 11:38:35',10,'2016-01-04 11:38:35'),(203,23,0,10,'2016-01-04 11:38:35',10,'2016-01-04 11:38:35'),(204,23,0,10,'2016-01-04 11:38:35',10,'2016-01-04 11:38:35'),(205,23,0,10,'2016-01-04 11:38:35',10,'2016-01-04 11:38:35'),(206,23,0,10,'2016-01-04 11:38:35',10,'2016-01-04 11:38:35'),(207,23,0,10,'2016-01-04 11:38:35',10,'2016-01-04 11:38:35'),(208,23,0,10,'2016-01-04 11:38:35',10,'2016-01-04 11:38:35'),(209,23,0,10,'2016-01-04 11:38:35',10,'2016-01-04 11:38:35'),(210,23,0,10,'2016-01-04 11:38:35',10,'2016-01-04 11:38:35'),(211,23,0,10,'2016-01-04 11:38:36',10,'2016-01-04 11:38:36'),(212,23,0,10,'2016-01-04 11:38:36',10,'2016-01-04 11:38:36'),(213,23,0,10,'2016-01-04 11:38:36',10,'2016-01-04 11:38:36'),(214,23,0,10,'2016-01-04 11:38:36',10,'2016-01-04 11:38:36'),(215,23,0,10,'2016-01-04 11:38:36',10,'2016-01-04 11:38:36'),(216,23,0,10,'2016-01-04 11:38:36',10,'2016-01-04 11:38:36'),(217,23,0,10,'2016-01-04 11:38:36',10,'2016-01-04 11:38:36'),(218,23,0,10,'2016-01-04 11:38:36',10,'2016-01-04 11:38:36'),(219,23,0,10,'2016-01-04 11:38:36',10,'2016-01-04 11:38:36'),(220,23,0,10,'2016-01-04 11:38:36',10,'2016-01-04 11:38:36'),(221,23,0,10,'2016-01-04 11:38:36',10,'2016-01-04 11:38:36'),(222,23,0,10,'2016-01-04 11:38:36',10,'2016-01-04 11:38:36'),(223,23,0,10,'2016-01-04 11:38:36',10,'2016-01-04 11:38:36'),(224,23,0,10,'2016-01-04 11:38:36',10,'2016-01-04 11:38:36'),(225,23,0,10,'2016-01-04 11:38:36',10,'2016-01-04 11:38:36'),(226,23,0,10,'2016-01-04 11:38:36',10,'2016-01-04 11:38:36'),(227,23,0,10,'2016-01-04 11:38:36',10,'2016-01-04 11:38:36'),(228,23,0,10,'2016-01-04 11:38:36',10,'2016-01-04 11:38:36'),(229,23,0,10,'2016-01-04 11:38:36',10,'2016-01-04 11:38:36'),(230,23,0,10,'2016-01-04 11:38:36',10,'2016-01-04 11:38:36'),(231,23,0,10,'2016-01-04 11:38:36',10,'2016-01-04 11:38:36'),(232,23,0,10,'2016-01-04 11:38:36',10,'2016-01-04 11:38:36'),(233,23,0,10,'2016-01-04 11:38:36',10,'2016-01-04 11:38:36'),(234,23,0,10,'2016-01-04 11:38:36',10,'2016-01-04 11:38:36'),(235,23,0,10,'2016-01-04 11:38:36',10,'2016-01-04 11:38:36'),(236,23,0,10,'2016-01-04 11:38:37',10,'2016-01-04 11:38:37'),(237,23,0,10,'2016-01-04 11:38:37',10,'2016-01-04 11:38:37'),(238,23,0,10,'2016-01-04 11:38:37',10,'2016-01-04 11:38:37'),(239,23,0,10,'2016-01-04 11:38:37',10,'2016-01-04 11:38:37'),(240,23,0,10,'2016-01-04 11:38:37',10,'2016-01-04 11:38:37'),(241,23,0,10,'2016-01-04 11:38:37',10,'2016-01-04 11:38:37'),(242,23,0,10,'2016-01-04 11:38:37',10,'2016-01-04 11:38:37'),(243,23,0,10,'2016-01-04 11:38:37',10,'2016-01-04 11:38:37'),(244,23,0,10,'2016-01-04 11:38:37',10,'2016-01-04 11:38:37'),(245,23,0,10,'2016-01-04 11:38:37',10,'2016-01-04 11:38:37'),(246,23,0,10,'2016-01-04 11:38:37',10,'2016-01-04 11:38:37'),(247,23,0,10,'2016-01-04 11:38:37',10,'2016-01-04 11:38:37'),(248,23,0,10,'2016-01-04 11:38:37',10,'2016-01-04 11:38:37'),(249,23,0,10,'2016-01-04 11:38:37',10,'2016-01-04 11:38:37'),(250,23,0,10,'2016-01-04 11:38:37',10,'2016-01-04 11:38:37'),(251,23,0,10,'2016-01-04 11:38:37',10,'2016-01-04 11:38:37'),(252,23,0,10,'2016-01-04 11:38:37',10,'2016-01-04 11:38:37'),(253,23,0,10,'2016-01-04 11:38:37',10,'2016-01-04 11:38:37'),(254,23,0,10,'2016-01-04 11:38:37',10,'2016-01-04 11:38:37'),(255,23,0,10,'2016-01-04 11:38:37',10,'2016-01-04 11:38:37'),(256,23,0,10,'2016-01-04 11:38:37',10,'2016-01-04 11:38:37'),(257,23,0,10,'2016-01-04 11:38:37',10,'2016-01-04 11:38:37'),(258,23,0,10,'2016-01-04 11:38:37',10,'2016-01-04 11:38:37'),(259,23,0,10,'2016-01-04 11:38:37',10,'2016-01-04 11:38:37'),(260,23,0,10,'2016-01-04 11:38:37',10,'2016-01-04 11:38:37'),(261,23,0,10,'2016-01-04 11:38:37',10,'2016-01-04 11:38:37'),(262,23,0,10,'2016-01-04 11:38:37',10,'2016-01-04 11:38:37'),(263,24,0,10,'2016-01-04 12:37:21',10,'2016-01-04 12:37:21'),(264,24,0,10,'2016-01-04 12:37:21',10,'2016-01-04 12:37:21'),(265,24,0,10,'2016-01-04 12:37:21',10,'2016-01-04 12:37:21'),(266,24,0,10,'2016-01-04 12:37:21',10,'2016-01-04 12:37:21'),(267,24,0,10,'2016-01-04 12:37:21',10,'2016-01-04 12:37:21'),(268,24,0,10,'2016-01-04 12:37:21',10,'2016-01-04 12:37:21'),(269,24,0,10,'2016-01-04 12:37:21',10,'2016-01-04 12:37:21'),(270,24,0,10,'2016-01-04 12:37:21',10,'2016-01-04 12:37:21'),(271,24,0,10,'2016-01-04 12:37:21',10,'2016-01-04 12:37:21'),(272,24,0,10,'2016-01-04 12:37:21',10,'2016-01-04 12:37:21'),(273,24,0,10,'2016-01-04 12:37:21',10,'2016-01-04 12:37:21'),(274,24,0,10,'2016-01-04 12:37:21',10,'2016-01-04 12:37:21'),(275,24,0,10,'2016-01-04 12:37:21',10,'2016-01-04 12:37:21'),(276,24,0,10,'2016-01-04 12:37:21',10,'2016-01-04 12:37:21'),(277,24,0,10,'2016-01-04 12:37:21',10,'2016-01-04 12:37:21'),(278,24,0,10,'2016-01-04 12:37:21',10,'2016-01-04 12:37:21'),(279,24,0,10,'2016-01-04 12:37:21',10,'2016-01-04 12:37:21'),(280,24,0,10,'2016-01-04 12:37:21',10,'2016-01-04 12:37:21'),(281,25,0,10,'2016-01-04 13:14:34',10,'2016-01-04 13:14:34'),(282,25,0,10,'2016-01-04 13:14:34',10,'2016-01-04 13:14:34'),(283,25,0,10,'2016-01-04 13:14:34',10,'2016-01-04 13:14:34'),(284,25,0,10,'2016-01-04 13:14:34',10,'2016-01-04 13:14:34'),(285,25,0,10,'2016-01-04 13:14:34',10,'2016-01-04 13:14:34'),(286,25,0,10,'2016-01-04 13:14:34',10,'2016-01-04 13:14:34'),(287,25,0,10,'2016-01-04 13:14:34',10,'2016-01-04 13:14:34'),(288,25,0,10,'2016-01-04 13:14:34',10,'2016-01-04 13:14:34'),(289,25,0,10,'2016-01-04 13:14:34',10,'2016-01-04 13:14:34'),(290,25,0,10,'2016-01-04 13:14:34',10,'2016-01-04 13:14:34'),(291,25,0,10,'2016-01-04 13:14:34',10,'2016-01-04 13:14:34'),(292,25,0,10,'2016-01-04 13:14:34',10,'2016-01-04 13:14:34'),(293,25,0,10,'2016-01-04 13:14:34',10,'2016-01-04 13:14:34'),(294,25,0,10,'2016-01-04 13:14:34',10,'2016-01-04 13:14:34'),(295,25,0,10,'2016-01-04 13:14:34',10,'2016-01-04 13:14:34'),(296,25,0,10,'2016-01-04 13:14:35',10,'2016-01-04 13:14:35'),(297,25,0,10,'2016-01-04 13:14:35',10,'2016-01-04 13:14:35'),(298,25,0,10,'2016-01-04 13:14:35',10,'2016-01-04 13:14:35'),(299,25,0,10,'2016-01-04 13:14:35',10,'2016-01-04 13:14:35'),(300,25,0,10,'2016-01-04 13:14:35',10,'2016-01-04 13:14:35'),(301,25,0,10,'2016-01-04 13:14:35',10,'2016-01-04 13:14:35'),(302,25,0,10,'2016-01-04 13:14:35',10,'2016-01-04 13:14:35'),(303,25,0,10,'2016-01-04 13:14:35',10,'2016-01-04 13:14:35'),(304,25,0,10,'2016-01-04 13:14:35',10,'2016-01-04 13:14:35'),(305,25,0,10,'2016-01-04 13:14:35',10,'2016-01-04 13:14:35'),(306,25,0,10,'2016-01-04 13:14:35',10,'2016-01-04 13:14:35'),(307,25,0,10,'2016-01-04 13:14:35',10,'2016-01-04 13:14:35'),(308,25,0,10,'2016-01-04 13:14:35',10,'2016-01-04 13:14:35'),(309,25,0,10,'2016-01-04 13:14:35',10,'2016-01-04 13:14:35'),(310,25,0,10,'2016-01-04 13:14:35',10,'2016-01-04 13:14:35'),(311,25,0,10,'2016-01-04 13:14:35',10,'2016-01-04 13:14:35'),(312,25,0,10,'2016-01-04 13:14:35',10,'2016-01-04 13:14:35'),(313,25,0,10,'2016-01-04 13:14:35',10,'2016-01-04 13:14:35'),(314,25,0,10,'2016-01-04 13:14:35',10,'2016-01-04 13:14:35'),(315,25,0,10,'2016-01-04 13:14:35',10,'2016-01-04 13:14:35'),(316,25,0,10,'2016-01-04 13:14:35',10,'2016-01-04 13:14:35'),(317,25,0,10,'2016-01-04 13:14:35',10,'2016-01-04 13:14:35'),(318,25,0,10,'2016-01-04 13:14:35',10,'2016-01-04 13:14:35'),(319,25,0,10,'2016-01-04 13:14:35',10,'2016-01-04 13:14:35'),(320,25,0,10,'2016-01-04 13:14:35',10,'2016-01-04 13:14:35'),(321,25,0,10,'2016-01-04 13:14:35',10,'2016-01-04 13:14:35'),(322,25,0,10,'2016-01-04 13:14:35',10,'2016-01-04 13:14:35'),(323,25,0,10,'2016-01-04 13:14:35',10,'2016-01-04 13:14:35'),(324,25,0,10,'2016-01-04 13:14:35',10,'2016-01-04 13:14:35'),(325,25,0,10,'2016-01-04 13:14:35',10,'2016-01-04 13:14:35'),(326,25,0,10,'2016-01-04 13:14:36',10,'2016-01-04 13:14:36'),(327,25,0,10,'2016-01-04 13:14:36',10,'2016-01-04 13:14:36'),(399,27,0,10,'2016-01-05 08:02:02',10,'2016-01-05 08:02:02'),(400,27,0,10,'2016-01-05 08:02:02',10,'2016-01-05 08:02:02'),(401,27,0,10,'2016-01-05 08:02:02',10,'2016-01-05 08:02:02'),(402,27,0,10,'2016-01-05 08:02:02',10,'2016-01-05 08:02:02'),(403,27,0,10,'2016-01-05 08:02:02',10,'2016-01-05 08:02:02'),(404,27,0,10,'2016-01-05 08:02:02',10,'2016-01-05 08:02:02'),(405,27,0,10,'2016-01-05 08:02:02',10,'2016-01-05 08:02:02'),(406,27,0,10,'2016-01-05 08:02:02',10,'2016-01-05 08:02:02'),(407,27,0,10,'2016-01-05 08:02:02',10,'2016-01-05 08:02:02'),(408,27,0,10,'2016-01-05 08:02:02',10,'2016-01-05 08:02:02'),(409,27,0,10,'2016-01-05 08:02:02',10,'2016-01-05 08:02:02'),(410,27,0,10,'2016-01-05 08:02:03',10,'2016-01-05 08:02:03'),(411,27,0,10,'2016-01-05 08:02:03',10,'2016-01-05 08:02:03'),(412,27,0,10,'2016-01-05 08:02:03',10,'2016-01-05 08:02:03'),(413,27,0,10,'2016-01-05 08:02:03',10,'2016-01-05 08:02:03'),(414,27,0,10,'2016-01-05 08:02:03',10,'2016-01-05 08:02:03'),(415,27,0,10,'2016-01-05 08:02:03',10,'2016-01-05 08:02:03'),(416,27,0,10,'2016-01-05 08:02:03',10,'2016-01-05 08:02:03'),(417,27,0,10,'2016-01-05 08:02:03',10,'2016-01-05 08:02:03'),(418,27,0,10,'2016-01-05 08:02:03',10,'2016-01-05 08:02:03'),(419,27,0,10,'2016-01-05 08:02:03',10,'2016-01-05 08:02:03'),(420,27,0,10,'2016-01-05 08:02:03',10,'2016-01-05 08:02:03'),(421,27,0,10,'2016-01-05 08:02:03',10,'2016-01-05 08:02:03'),(422,27,0,10,'2016-01-05 08:02:03',10,'2016-01-05 08:02:03'),(423,27,0,10,'2016-01-05 08:02:03',10,'2016-01-05 08:02:03'),(424,27,0,10,'2016-01-05 08:02:03',10,'2016-01-05 08:02:03'),(425,27,0,10,'2016-01-05 08:02:03',10,'2016-01-05 08:02:03'),(426,27,0,10,'2016-01-05 08:02:03',10,'2016-01-05 08:02:03'),(427,27,0,10,'2016-01-05 08:02:03',10,'2016-01-05 08:02:03'),(428,27,0,10,'2016-01-05 08:02:03',10,'2016-01-05 08:02:03'),(429,27,0,10,'2016-01-05 08:02:03',10,'2016-01-05 08:02:03'),(430,27,0,10,'2016-01-05 08:02:03',10,'2016-01-05 08:02:03'),(431,27,0,10,'2016-01-05 08:02:03',10,'2016-01-05 08:02:03'),(432,27,0,10,'2016-01-05 08:02:03',10,'2016-01-05 08:02:03'),(433,27,0,10,'2016-01-05 08:02:03',10,'2016-01-05 08:02:03'),(434,27,0,10,'2016-01-05 08:02:03',10,'2016-01-05 08:02:03'),(435,27,0,10,'2016-01-05 08:02:03',10,'2016-01-05 08:02:03'),(436,27,0,10,'2016-01-05 08:02:03',10,'2016-01-05 08:02:03'),(437,27,0,10,'2016-01-05 08:02:03',10,'2016-01-05 08:02:03'),(438,27,0,10,'2016-01-05 08:02:03',10,'2016-01-05 08:02:03'),(439,27,0,10,'2016-01-05 08:02:03',10,'2016-01-05 08:02:03'),(440,27,0,10,'2016-01-05 08:02:04',10,'2016-01-05 08:02:04'),(441,27,0,10,'2016-01-05 08:02:04',10,'2016-01-05 08:02:04'),(442,27,0,10,'2016-01-05 08:02:04',10,'2016-01-05 08:02:04'),(443,27,0,10,'2016-01-05 08:02:04',10,'2016-01-05 08:02:04'),(444,27,0,10,'2016-01-05 08:02:04',10,'2016-01-05 08:02:04'),(445,27,0,10,'2016-01-05 08:02:04',10,'2016-01-05 08:02:04'),(446,27,0,10,'2016-01-05 08:02:04',10,'2016-01-05 08:02:04'),(447,27,0,10,'2016-01-05 08:02:04',10,'2016-01-05 08:02:04'),(448,27,0,10,'2016-01-05 08:02:04',10,'2016-01-05 08:02:04'),(449,27,0,10,'2016-01-05 08:02:04',10,'2016-01-05 08:02:04'),(450,27,0,10,'2016-01-05 08:02:04',10,'2016-01-05 08:02:04'),(451,27,0,10,'2016-01-05 08:02:04',10,'2016-01-05 08:02:04'),(452,27,0,10,'2016-01-05 08:02:04',10,'2016-01-05 08:02:04'),(453,27,0,10,'2016-01-05 08:02:04',10,'2016-01-05 08:02:04'),(454,27,0,10,'2016-01-05 08:02:04',10,'2016-01-05 08:02:04'),(455,27,0,10,'2016-01-05 08:02:04',10,'2016-01-05 08:02:04'),(456,27,0,10,'2016-01-05 08:02:04',10,'2016-01-05 08:02:04'),(457,27,0,10,'2016-01-05 08:02:04',10,'2016-01-05 08:02:04'),(458,27,0,10,'2016-01-05 08:02:04',10,'2016-01-05 08:02:04'),(459,27,0,10,'2016-01-05 08:02:04',10,'2016-01-05 08:02:04'),(460,27,0,10,'2016-01-05 08:02:04',10,'2016-01-05 08:02:04'),(461,27,0,10,'2016-01-05 08:02:04',10,'2016-01-05 08:02:04'),(462,27,0,10,'2016-01-05 08:02:04',10,'2016-01-05 08:02:04'),(463,27,0,10,'2016-01-05 08:02:04',10,'2016-01-05 08:02:04'),(464,27,0,10,'2016-01-05 08:02:04',10,'2016-01-05 08:02:04'),(465,27,0,10,'2016-01-05 08:02:04',10,'2016-01-05 08:02:04'),(466,27,0,10,'2016-01-05 08:02:04',10,'2016-01-05 08:02:04'),(467,27,0,10,'2016-01-05 08:02:04',10,'2016-01-05 08:02:04'),(468,27,0,10,'2016-01-05 08:02:04',10,'2016-01-05 08:02:04'),(469,27,0,10,'2016-01-05 08:02:05',10,'2016-01-05 08:02:05'),(470,25,0,10,'2016-01-06 06:22:05',10,'2016-01-06 06:22:05'),(471,25,0,10,'2016-01-06 06:22:05',10,'2016-01-06 06:22:05'),(472,25,0,10,'2016-01-06 06:22:05',10,'2016-01-06 06:22:05'),(473,25,0,10,'2016-01-06 06:22:05',10,'2016-01-06 06:22:05'),(474,25,0,10,'2016-01-06 06:22:05',10,'2016-01-06 06:22:05'),(475,25,0,10,'2016-01-06 06:22:05',10,'2016-01-06 06:22:05'),(476,25,0,10,'2016-01-06 06:22:05',10,'2016-01-06 06:22:05'),(477,25,0,10,'2016-01-06 06:22:05',10,'2016-01-06 06:22:05'),(478,25,0,10,'2016-01-06 06:22:05',10,'2016-01-06 06:22:05'),(479,25,0,10,'2016-01-06 06:22:05',10,'2016-01-06 06:22:05'),(480,25,0,10,'2016-01-06 06:22:05',10,'2016-01-06 06:22:05'),(481,25,0,10,'2016-01-06 06:22:05',10,'2016-01-06 06:22:05'),(482,25,0,10,'2016-01-06 06:22:05',10,'2016-01-06 06:22:05'),(483,25,0,10,'2016-01-06 06:22:05',10,'2016-01-06 06:22:05'),(484,25,0,10,'2016-01-06 06:22:05',10,'2016-01-06 06:22:05'),(485,25,0,10,'2016-01-06 06:22:05',10,'2016-01-06 06:22:05'),(486,25,0,10,'2016-01-06 06:22:05',10,'2016-01-06 06:22:05'),(487,25,0,10,'2016-01-06 06:22:05',10,'2016-01-06 06:22:05'),(488,25,0,10,'2016-01-06 06:22:05',10,'2016-01-06 06:22:05'),(489,25,0,10,'2016-01-06 06:22:05',10,'2016-01-06 06:22:05'),(490,25,0,10,'2016-01-06 06:22:05',10,'2016-01-06 06:22:05'),(491,25,0,10,'2016-01-06 06:22:05',10,'2016-01-06 06:22:05'),(492,25,0,10,'2016-01-06 06:22:05',10,'2016-01-06 06:22:05'),(493,25,0,10,'2016-01-06 06:22:06',10,'2016-01-06 06:22:06'),(494,25,0,10,'2016-01-06 06:22:06',10,'2016-01-06 06:22:06'),(495,25,0,10,'2016-01-06 06:22:06',10,'2016-01-06 06:22:06'),(496,25,0,10,'2016-01-06 06:22:06',10,'2016-01-06 06:22:06'),(497,25,0,10,'2016-01-06 06:22:06',10,'2016-01-06 06:22:06'),(498,25,0,10,'2016-01-06 06:22:06',10,'2016-01-06 06:22:06'),(499,25,0,10,'2016-01-06 06:22:06',10,'2016-01-06 06:22:06'),(500,25,0,10,'2016-01-06 06:22:06',10,'2016-01-06 06:22:06'),(501,25,0,10,'2016-01-06 06:22:06',10,'2016-01-06 06:22:06'),(502,25,0,10,'2016-01-06 06:22:06',10,'2016-01-06 06:22:06'),(503,25,0,10,'2016-01-06 06:22:06',10,'2016-01-06 06:22:06'),(504,25,0,10,'2016-01-06 06:22:06',10,'2016-01-06 06:22:06'),(505,25,0,10,'2016-01-06 06:22:06',10,'2016-01-06 06:22:06'),(506,25,0,10,'2016-01-06 06:22:06',10,'2016-01-06 06:22:06'),(507,25,0,10,'2016-01-06 06:22:06',10,'2016-01-06 06:22:06'),(508,25,0,10,'2016-01-06 06:22:06',10,'2016-01-06 06:22:06'),(509,25,0,10,'2016-01-06 06:22:06',10,'2016-01-06 06:22:06'),(510,25,0,10,'2016-01-06 06:22:06',10,'2016-01-06 06:22:06'),(511,25,0,10,'2016-01-06 06:22:06',10,'2016-01-06 06:22:06'),(512,25,0,10,'2016-01-06 06:22:06',10,'2016-01-06 06:22:06'),(513,25,0,10,'2016-01-06 06:22:06',10,'2016-01-06 06:22:06'),(514,25,0,10,'2016-01-06 06:22:06',10,'2016-01-06 06:22:06'),(515,25,0,10,'2016-01-06 06:22:06',10,'2016-01-06 06:22:06'),(516,25,0,10,'2016-01-06 06:22:06',10,'2016-01-06 06:22:06'),(517,25,0,10,'2016-01-06 06:22:06',10,'2016-01-06 06:22:06'),(518,25,0,10,'2016-01-06 06:22:06',10,'2016-01-06 06:22:06'),(519,25,0,10,'2016-01-06 06:22:06',10,'2016-01-06 06:22:06'),(520,25,0,10,'2016-01-06 06:22:06',10,'2016-01-06 06:22:06'),(521,25,0,10,'2016-01-06 06:22:06',10,'2016-01-06 06:22:06'),(522,25,0,10,'2016-01-06 06:22:06',10,'2016-01-06 06:22:06'),(523,25,0,10,'2016-01-06 06:22:06',10,'2016-01-06 06:22:06'),(524,25,0,10,'2016-01-06 06:22:07',10,'2016-01-06 06:22:07'),(525,25,0,10,'2016-01-06 06:22:07',10,'2016-01-06 06:22:07'),(526,25,0,10,'2016-01-06 06:22:07',10,'2016-01-06 06:22:07'),(527,25,0,10,'2016-01-06 06:22:07',10,'2016-01-06 06:22:07'),(528,25,0,10,'2016-01-06 06:22:07',10,'2016-01-06 06:22:07'),(529,25,0,10,'2016-01-06 06:22:07',10,'2016-01-06 06:22:07'),(530,25,0,10,'2016-01-06 06:22:07',10,'2016-01-06 06:22:07'),(531,25,0,10,'2016-01-06 06:22:07',10,'2016-01-06 06:22:07'),(532,25,0,10,'2016-01-06 06:22:07',10,'2016-01-06 06:22:07'),(533,25,0,10,'2016-01-06 06:22:07',10,'2016-01-06 06:22:07'),(534,25,0,10,'2016-01-06 06:22:07',10,'2016-01-06 06:22:07'),(535,25,0,10,'2016-01-06 06:22:07',10,'2016-01-06 06:22:07'),(536,25,0,10,'2016-01-06 06:22:07',10,'2016-01-06 06:22:07'),(537,25,0,10,'2016-01-06 06:22:07',10,'2016-01-06 06:22:07'),(538,25,0,10,'2016-01-06 06:22:07',10,'2016-01-06 06:22:07'),(539,25,0,10,'2016-01-06 06:22:07',10,'2016-01-06 06:22:07'),(540,25,0,10,'2016-01-06 06:22:07',10,'2016-01-06 06:22:07'),(541,25,0,10,'2016-01-06 06:22:07',10,'2016-01-06 06:22:07'),(542,25,0,10,'2016-01-06 06:22:07',10,'2016-01-06 06:22:07'),(543,25,0,10,'2016-01-06 06:22:07',10,'2016-01-06 06:22:07'),(544,25,0,10,'2016-01-06 06:22:07',10,'2016-01-06 06:22:07'),(545,25,0,10,'2016-01-06 06:22:07',10,'2016-01-06 06:22:07'),(546,25,0,10,'2016-01-06 06:22:07',10,'2016-01-06 06:22:07'),(547,25,0,10,'2016-01-06 06:22:07',10,'2016-01-06 06:22:07'),(548,25,0,10,'2016-01-06 06:22:07',10,'2016-01-06 06:22:07'),(549,25,0,10,'2016-01-06 06:22:07',10,'2016-01-06 06:22:07'),(550,25,0,10,'2016-01-06 06:22:07',10,'2016-01-06 06:22:07'),(551,25,0,10,'2016-01-06 06:22:07',10,'2016-01-06 06:22:07'),(552,25,0,10,'2016-01-06 06:22:07',10,'2016-01-06 06:22:07'),(553,25,0,10,'2016-01-06 06:22:07',10,'2016-01-06 06:22:07'),(554,25,0,10,'2016-01-06 06:22:07',10,'2016-01-06 06:22:07'),(555,25,0,10,'2016-01-06 06:22:08',10,'2016-01-06 06:22:08'),(556,25,0,10,'2016-01-06 06:22:08',10,'2016-01-06 06:22:08'),(557,25,0,10,'2016-01-06 06:22:08',10,'2016-01-06 06:22:08'),(558,25,0,10,'2016-01-06 06:22:08',10,'2016-01-06 06:22:08'),(559,25,0,10,'2016-01-06 06:22:08',10,'2016-01-06 06:22:08'),(560,25,0,10,'2016-01-06 06:22:08',10,'2016-01-06 06:22:08'),(561,25,0,10,'2016-01-06 06:22:08',10,'2016-01-06 06:22:08'),(562,25,0,10,'2016-01-06 06:22:08',10,'2016-01-06 06:22:08'),(563,25,0,10,'2016-01-06 06:22:08',10,'2016-01-06 06:22:08'),(564,25,0,10,'2016-01-06 06:22:08',10,'2016-01-06 06:22:08'),(565,25,0,10,'2016-01-06 06:22:08',10,'2016-01-06 06:22:08'),(566,25,0,10,'2016-01-06 06:22:08',10,'2016-01-06 06:22:08'),(567,25,0,10,'2016-01-06 06:22:08',10,'2016-01-06 06:22:08'),(568,25,0,10,'2016-01-06 06:22:08',10,'2016-01-06 06:22:08'),(569,25,0,10,'2016-01-06 06:22:08',10,'2016-01-06 06:22:08'),(570,25,0,10,'2016-01-06 06:22:08',10,'2016-01-06 06:22:08'),(571,25,0,10,'2016-01-06 06:22:08',10,'2016-01-06 06:22:08'),(572,25,0,10,'2016-01-06 06:22:08',10,'2016-01-06 06:22:08'),(573,25,0,10,'2016-01-06 06:22:08',10,'2016-01-06 06:22:08'),(574,25,0,10,'2016-01-06 06:22:08',10,'2016-01-06 06:22:08'),(575,25,0,10,'2016-01-06 06:22:08',10,'2016-01-06 06:22:08'),(576,25,0,10,'2016-01-06 06:22:08',10,'2016-01-06 06:22:08'),(577,25,0,10,'2016-01-06 06:22:08',10,'2016-01-06 06:22:08'),(578,25,0,10,'2016-01-06 06:22:08',10,'2016-01-06 06:22:08'),(579,25,0,10,'2016-01-06 06:22:08',10,'2016-01-06 06:22:08'),(580,25,0,10,'2016-01-06 06:22:08',10,'2016-01-06 06:22:08'),(581,25,0,10,'2016-01-06 06:22:08',10,'2016-01-06 06:22:08'),(582,25,0,10,'2016-01-06 06:22:08',10,'2016-01-06 06:22:08'),(583,25,0,10,'2016-01-06 06:22:08',10,'2016-01-06 06:22:08'),(584,25,0,10,'2016-01-06 06:22:08',10,'2016-01-06 06:22:08'),(585,25,0,10,'2016-01-06 06:22:08',10,'2016-01-06 06:22:08'),(586,25,0,10,'2016-01-06 06:22:09',10,'2016-01-06 06:22:09'),(587,25,0,10,'2016-01-06 06:22:09',10,'2016-01-06 06:22:09'),(588,25,0,10,'2016-01-06 06:22:09',10,'2016-01-06 06:22:09'),(589,25,0,10,'2016-01-06 06:22:09',10,'2016-01-06 06:22:09'),(590,25,0,10,'2016-01-06 06:22:09',10,'2016-01-06 06:22:09'),(591,25,0,10,'2016-01-06 06:22:09',10,'2016-01-06 06:22:09'),(592,25,0,10,'2016-01-06 06:22:09',10,'2016-01-06 06:22:09'),(593,25,0,10,'2016-01-06 06:22:09',10,'2016-01-06 06:22:09'),(594,25,0,10,'2016-01-06 06:22:09',10,'2016-01-06 06:22:09'),(595,25,0,10,'2016-01-06 06:22:09',10,'2016-01-06 06:22:09'),(596,25,0,10,'2016-01-06 06:22:09',10,'2016-01-06 06:22:09'),(597,25,0,10,'2016-01-06 06:22:09',10,'2016-01-06 06:22:09'),(598,25,0,10,'2016-01-06 06:22:09',10,'2016-01-06 06:22:09'),(599,25,0,10,'2016-01-06 06:22:09',10,'2016-01-06 06:22:09'),(600,25,0,10,'2016-01-06 06:22:09',10,'2016-01-06 06:22:09'),(601,25,0,10,'2016-01-06 06:22:09',10,'2016-01-06 06:22:09'),(602,25,0,10,'2016-01-06 06:22:09',10,'2016-01-06 06:22:09'),(603,25,0,10,'2016-01-06 06:22:09',10,'2016-01-06 06:22:09'),(604,25,0,10,'2016-01-06 06:22:09',10,'2016-01-06 06:22:09'),(605,25,0,10,'2016-01-06 06:22:09',10,'2016-01-06 06:22:09'),(606,25,0,10,'2016-01-06 06:22:09',10,'2016-01-06 06:22:09'),(607,25,0,10,'2016-01-06 06:22:09',10,'2016-01-06 06:22:09'),(608,25,0,10,'2016-01-06 06:22:09',10,'2016-01-06 06:22:09'),(609,25,0,10,'2016-01-06 06:22:09',10,'2016-01-06 06:22:09'),(610,25,0,10,'2016-01-06 06:22:09',10,'2016-01-06 06:22:09'),(611,25,0,10,'2016-01-06 06:22:09',10,'2016-01-06 06:22:09'),(612,25,0,10,'2016-01-06 06:22:09',10,'2016-01-06 06:22:09'),(613,25,0,10,'2016-01-06 06:22:10',10,'2016-01-06 06:22:10'),(614,25,0,10,'2016-01-06 06:22:10',10,'2016-01-06 06:22:10'),(615,25,0,10,'2016-01-06 06:22:10',10,'2016-01-06 06:22:10'),(616,25,0,10,'2016-01-06 06:22:10',10,'2016-01-06 06:22:10'),(617,25,0,10,'2016-01-06 06:22:10',10,'2016-01-06 06:22:10'),(618,25,0,10,'2016-01-06 06:22:10',10,'2016-01-06 06:22:10'),(619,25,0,10,'2016-01-06 06:22:10',10,'2016-01-06 06:22:10'),(620,25,0,10,'2016-01-06 06:22:10',10,'2016-01-06 06:22:10'),(621,25,0,10,'2016-01-06 06:22:10',10,'2016-01-06 06:22:10'),(622,25,0,10,'2016-01-06 06:22:10',10,'2016-01-06 06:22:10'),(623,25,0,10,'2016-01-06 06:22:10',10,'2016-01-06 06:22:10'),(624,25,0,10,'2016-01-06 06:22:10',10,'2016-01-06 06:22:10'),(625,25,0,10,'2016-01-06 06:22:10',10,'2016-01-06 06:22:10'),(626,25,0,10,'2016-01-06 06:22:10',10,'2016-01-06 06:22:10'),(627,25,0,10,'2016-01-06 06:22:10',10,'2016-01-06 06:22:10'),(628,29,0,10,'2016-01-06 07:58:32',10,'2016-01-06 07:58:32'),(629,29,0,10,'2016-01-06 07:58:32',10,'2016-01-06 07:58:32'),(630,29,0,10,'2016-01-06 07:58:32',10,'2016-01-06 07:58:32'),(631,29,0,10,'2016-01-06 07:58:32',10,'2016-01-06 07:58:32'),(632,29,0,10,'2016-01-06 07:58:32',10,'2016-01-06 07:58:32'),(633,29,0,10,'2016-01-06 07:58:32',10,'2016-01-06 07:58:32'),(634,29,0,10,'2016-01-06 07:58:32',10,'2016-01-06 07:58:32'),(635,29,0,10,'2016-01-06 07:58:32',10,'2016-01-06 07:58:32'),(636,29,0,10,'2016-01-06 07:58:32',10,'2016-01-06 07:58:32'),(637,29,0,10,'2016-01-06 07:58:32',10,'2016-01-06 07:58:32'),(638,29,0,10,'2016-01-06 07:58:32',10,'2016-01-06 07:58:32'),(639,29,0,10,'2016-01-06 07:58:32',10,'2016-01-06 07:58:32'),(640,29,0,10,'2016-01-06 07:58:32',10,'2016-01-06 07:58:32'),(641,29,0,10,'2016-01-06 07:58:32',10,'2016-01-06 07:58:32'),(642,29,0,10,'2016-01-06 07:58:32',10,'2016-01-06 07:58:32'),(643,29,0,10,'2016-01-06 07:58:33',10,'2016-01-06 07:58:33'),(644,29,0,10,'2016-01-06 07:58:33',10,'2016-01-06 07:58:33'),(645,29,0,10,'2016-01-06 07:58:33',10,'2016-01-06 07:58:33'),(646,29,0,10,'2016-01-06 07:58:33',10,'2016-01-06 07:58:33'),(647,29,0,10,'2016-01-06 07:58:33',10,'2016-01-06 07:58:33'),(648,29,0,10,'2016-01-06 07:58:33',10,'2016-01-06 07:58:33'),(649,29,0,10,'2016-01-06 07:58:33',10,'2016-01-06 07:58:33'),(650,29,0,10,'2016-01-06 07:58:33',10,'2016-01-06 07:58:33'),(651,29,0,10,'2016-01-06 07:58:33',10,'2016-01-06 07:58:33'),(652,29,0,10,'2016-01-06 07:58:33',10,'2016-01-06 07:58:33'),(653,29,0,10,'2016-01-06 07:58:33',10,'2016-01-06 07:58:33'),(654,29,0,10,'2016-01-06 07:58:33',10,'2016-01-06 07:58:33'),(655,29,0,10,'2016-01-06 07:58:33',10,'2016-01-06 07:58:33'),(656,29,0,10,'2016-01-06 07:58:33',10,'2016-01-06 07:58:33'),(657,29,0,10,'2016-01-06 07:58:33',10,'2016-01-06 07:58:33'),(658,29,0,10,'2016-01-06 07:58:33',10,'2016-01-06 07:58:33'),(659,29,0,10,'2016-01-06 07:58:33',10,'2016-01-06 07:58:33'),(660,29,0,10,'2016-01-06 07:58:33',10,'2016-01-06 07:58:33'),(661,29,0,10,'2016-01-06 07:58:33',10,'2016-01-06 07:58:33'),(662,29,0,10,'2016-01-06 07:58:33',10,'2016-01-06 07:58:33'),(663,29,0,10,'2016-01-06 07:58:33',10,'2016-01-06 07:58:33'),(664,29,0,10,'2016-01-06 07:58:33',10,'2016-01-06 07:58:33'),(665,29,0,10,'2016-01-06 07:58:33',10,'2016-01-06 07:58:33'),(666,29,0,10,'2016-01-06 07:58:33',10,'2016-01-06 07:58:33'),(667,29,0,10,'2016-01-06 07:58:33',10,'2016-01-06 07:58:33'),(668,29,0,10,'2016-01-06 07:58:33',10,'2016-01-06 07:58:33'),(669,29,0,10,'2016-01-06 07:58:33',10,'2016-01-06 07:58:33'),(670,29,0,10,'2016-01-06 07:58:33',10,'2016-01-06 07:58:33'),(671,29,0,10,'2016-01-06 07:58:33',10,'2016-01-06 07:58:33'),(672,29,0,10,'2016-01-06 07:58:33',10,'2016-01-06 07:58:33'),(673,29,0,10,'2016-01-06 07:58:34',10,'2016-01-06 07:58:34'),(674,29,0,10,'2016-01-06 07:58:34',10,'2016-01-06 07:58:34'),(675,29,0,10,'2016-01-06 07:58:34',10,'2016-01-06 07:58:34'),(676,29,0,10,'2016-01-06 07:58:34',10,'2016-01-06 07:58:34'),(677,29,0,10,'2016-01-06 07:58:34',10,'2016-01-06 07:58:34'),(678,29,0,10,'2016-01-06 07:58:34',10,'2016-01-06 07:58:34'),(679,29,0,10,'2016-01-06 07:58:34',10,'2016-01-06 07:58:34'),(680,29,0,10,'2016-01-06 07:58:34',10,'2016-01-06 07:58:34'),(681,29,0,10,'2016-01-06 07:58:34',10,'2016-01-06 07:58:34'),(682,29,0,10,'2016-01-06 07:58:34',10,'2016-01-06 07:58:34'),(683,29,0,10,'2016-01-06 07:58:34',10,'2016-01-06 07:58:34'),(684,29,0,10,'2016-01-06 07:58:34',10,'2016-01-06 07:58:34'),(685,29,0,10,'2016-01-06 07:58:34',10,'2016-01-06 07:58:34'),(686,29,0,10,'2016-01-06 07:58:34',10,'2016-01-06 07:58:34'),(687,29,0,10,'2016-01-06 07:58:34',10,'2016-01-06 07:58:34'),(688,29,0,10,'2016-01-06 07:58:34',10,'2016-01-06 07:58:34'),(689,29,0,10,'2016-01-06 07:58:34',10,'2016-01-06 07:58:34'),(690,29,0,10,'2016-01-06 07:58:34',10,'2016-01-06 07:58:34'),(691,29,0,10,'2016-01-06 07:58:34',10,'2016-01-06 07:58:34'),(692,29,0,10,'2016-01-06 07:58:34',10,'2016-01-06 07:58:34'),(693,29,0,10,'2016-01-06 07:58:34',10,'2016-01-06 07:58:34'),(694,29,0,10,'2016-01-06 07:58:34',10,'2016-01-06 07:58:34'),(695,29,0,10,'2016-01-06 07:58:34',10,'2016-01-06 07:58:34'),(696,29,0,10,'2016-01-06 07:58:34',10,'2016-01-06 07:58:34'),(697,29,0,10,'2016-01-06 07:58:34',10,'2016-01-06 07:58:34'),(698,29,0,10,'2016-01-06 07:58:34',10,'2016-01-06 07:58:34'),(699,29,0,10,'2016-01-06 07:58:34',10,'2016-01-06 07:58:34'),(700,29,0,10,'2016-01-06 07:58:34',10,'2016-01-06 07:58:34'),(701,29,0,10,'2016-01-06 07:58:34',10,'2016-01-06 07:58:34'),(702,29,0,10,'2016-01-06 07:58:34',10,'2016-01-06 07:58:34'),(703,29,0,10,'2016-01-06 07:58:35',10,'2016-01-06 07:58:35'),(704,29,0,10,'2016-01-06 07:58:35',10,'2016-01-06 07:58:35'),(705,29,0,10,'2016-01-06 07:58:35',10,'2016-01-06 07:58:35'),(706,29,0,10,'2016-01-06 07:58:35',10,'2016-01-06 07:58:35'),(707,29,0,10,'2016-01-06 07:58:35',10,'2016-01-06 07:58:35'),(708,29,0,10,'2016-01-06 07:58:35',10,'2016-01-06 07:58:35'),(709,29,0,10,'2016-01-06 07:58:35',10,'2016-01-06 07:58:35'),(710,29,0,10,'2016-01-06 07:58:35',10,'2016-01-06 07:58:35'),(711,29,0,10,'2016-01-06 07:58:35',10,'2016-01-06 07:58:35'),(712,29,0,10,'2016-01-06 07:58:35',10,'2016-01-06 07:58:35'),(713,29,0,10,'2016-01-06 07:58:35',10,'2016-01-06 07:58:35'),(714,29,0,10,'2016-01-06 07:58:35',10,'2016-01-06 07:58:35'),(715,29,0,10,'2016-01-06 07:58:35',10,'2016-01-06 07:58:35'),(716,29,0,10,'2016-01-06 07:58:35',10,'2016-01-06 07:58:35'),(717,29,0,10,'2016-01-06 07:58:35',10,'2016-01-06 07:58:35'),(718,29,0,10,'2016-01-06 07:58:35',10,'2016-01-06 07:58:35'),(719,29,0,10,'2016-01-06 07:58:35',10,'2016-01-06 07:58:35'),(720,29,0,10,'2016-01-06 07:58:35',10,'2016-01-06 07:58:35'),(721,29,0,10,'2016-01-06 07:58:35',10,'2016-01-06 07:58:35'),(722,29,0,10,'2016-01-06 07:58:35',10,'2016-01-06 07:58:35'),(723,29,0,10,'2016-01-06 07:58:35',10,'2016-01-06 07:58:35'),(724,29,0,10,'2016-01-06 07:58:35',10,'2016-01-06 07:58:35'),(725,29,0,10,'2016-01-06 07:58:35',10,'2016-01-06 07:58:35'),(726,29,0,10,'2016-01-06 07:58:35',10,'2016-01-06 07:58:35'),(727,29,0,10,'2016-01-06 07:58:35',10,'2016-01-06 07:58:35'),(728,29,0,10,'2016-01-06 07:58:35',10,'2016-01-06 07:58:35'),(729,29,0,10,'2016-01-06 07:58:35',10,'2016-01-06 07:58:35'),(730,29,0,10,'2016-01-06 07:58:35',10,'2016-01-06 07:58:35'),(731,29,0,10,'2016-01-06 07:58:35',10,'2016-01-06 07:58:35'),(732,29,0,10,'2016-01-06 07:58:35',10,'2016-01-06 07:58:35'),(733,29,0,10,'2016-01-06 07:58:35',10,'2016-01-06 07:58:35'),(734,29,0,10,'2016-01-06 07:58:36',10,'2016-01-06 07:58:36'),(735,29,0,10,'2016-01-06 07:58:36',10,'2016-01-06 07:58:36'),(736,29,0,10,'2016-01-06 07:58:36',10,'2016-01-06 07:58:36'),(737,29,0,10,'2016-01-06 07:58:36',10,'2016-01-06 07:58:36'),(738,29,0,10,'2016-01-06 07:58:36',10,'2016-01-06 07:58:36'),(739,29,0,10,'2016-01-06 07:58:36',10,'2016-01-06 07:58:36'),(740,29,0,10,'2016-01-06 07:58:36',10,'2016-01-06 07:58:36'),(741,29,0,10,'2016-01-06 07:58:36',10,'2016-01-06 07:58:36'),(742,29,0,10,'2016-01-06 07:58:36',10,'2016-01-06 07:58:36'),(743,29,0,10,'2016-01-06 07:58:36',10,'2016-01-06 07:58:36'),(744,29,0,10,'2016-01-06 07:58:36',10,'2016-01-06 07:58:36'),(745,29,0,10,'2016-01-06 07:58:36',10,'2016-01-06 07:58:36'),(746,29,0,10,'2016-01-06 07:58:36',10,'2016-01-06 07:58:36'),(747,29,0,10,'2016-01-06 07:58:36',10,'2016-01-06 07:58:36'),(748,29,0,10,'2016-01-06 07:58:36',10,'2016-01-06 07:58:36'),(749,29,0,10,'2016-01-06 07:58:36',10,'2016-01-06 07:58:36'),(750,29,0,10,'2016-01-06 07:58:36',10,'2016-01-06 07:58:36'),(751,29,0,10,'2016-01-06 07:58:36',10,'2016-01-06 07:58:36'),(752,29,0,10,'2016-01-06 07:58:36',10,'2016-01-06 07:58:36'),(753,29,0,10,'2016-01-06 07:58:36',10,'2016-01-06 07:58:36'),(754,29,0,10,'2016-01-06 07:58:36',10,'2016-01-06 07:58:36'),(755,29,0,10,'2016-01-06 07:58:36',10,'2016-01-06 07:58:36'),(756,29,0,10,'2016-01-06 07:58:36',10,'2016-01-06 07:58:36'),(757,29,0,10,'2016-01-06 07:58:36',10,'2016-01-06 07:58:36'),(758,29,0,10,'2016-01-06 07:58:36',10,'2016-01-06 07:58:36'),(759,29,0,10,'2016-01-06 07:58:36',10,'2016-01-06 07:58:36'),(760,29,0,10,'2016-01-06 07:58:36',10,'2016-01-06 07:58:36'),(761,29,0,10,'2016-01-06 07:58:36',10,'2016-01-06 07:58:36'),(762,29,0,10,'2016-01-06 07:58:36',10,'2016-01-06 07:58:36'),(763,29,0,10,'2016-01-06 07:58:36',10,'2016-01-06 07:58:36'),(764,29,0,10,'2016-01-06 07:58:37',10,'2016-01-06 07:58:37'),(765,29,0,10,'2016-01-06 07:58:37',10,'2016-01-06 07:58:37'),(766,29,0,10,'2016-01-06 07:58:37',10,'2016-01-06 07:58:37'),(767,29,0,10,'2016-01-06 07:58:37',10,'2016-01-06 07:58:37'),(768,29,0,10,'2016-01-06 07:58:37',10,'2016-01-06 07:58:37'),(769,29,0,10,'2016-01-06 07:58:37',10,'2016-01-06 07:58:37'),(770,29,0,10,'2016-01-06 07:58:37',10,'2016-01-06 07:58:37'),(771,29,0,10,'2016-01-06 07:58:37',10,'2016-01-06 07:58:37'),(772,29,0,10,'2016-01-06 07:58:37',10,'2016-01-06 07:58:37'),(773,29,0,10,'2016-01-06 07:58:37',10,'2016-01-06 07:58:37'),(774,29,0,10,'2016-01-06 07:58:37',10,'2016-01-06 07:58:37'),(775,29,0,10,'2016-01-06 07:58:37',10,'2016-01-06 07:58:37'),(776,29,0,10,'2016-01-06 07:58:37',10,'2016-01-06 07:58:37'),(777,29,0,10,'2016-01-06 07:58:37',10,'2016-01-06 07:58:37'),(778,29,0,10,'2016-01-06 07:58:37',10,'2016-01-06 07:58:37'),(779,29,0,10,'2016-01-06 07:58:37',10,'2016-01-06 07:58:37'),(780,29,0,10,'2016-01-06 07:58:37',10,'2016-01-06 07:58:37'),(781,29,0,10,'2016-01-06 07:58:37',10,'2016-01-06 07:58:37'),(782,29,0,10,'2016-01-06 07:58:37',10,'2016-01-06 07:58:37'),(783,29,0,10,'2016-01-06 07:58:37',10,'2016-01-06 07:58:37'),(784,29,0,10,'2016-01-06 07:58:37',10,'2016-01-06 07:58:37'),(785,29,0,10,'2016-01-06 07:58:37',10,'2016-01-06 07:58:37'),(786,29,0,10,'2016-01-06 07:58:37',10,'2016-01-06 07:58:37'),(787,29,0,10,'2016-01-06 07:58:37',10,'2016-01-06 07:58:37'),(788,29,0,10,'2016-01-06 07:58:37',10,'2016-01-06 07:58:37'),(789,29,0,10,'2016-01-06 07:58:37',10,'2016-01-06 07:58:37'),(790,29,0,10,'2016-01-06 07:58:37',10,'2016-01-06 07:58:37'),(791,29,0,10,'2016-01-06 07:58:37',10,'2016-01-06 07:58:37'),(792,29,0,10,'2016-01-06 07:58:37',10,'2016-01-06 07:58:37'),(793,29,0,10,'2016-01-06 07:58:38',10,'2016-01-06 07:58:38'),(794,29,0,10,'2016-01-06 07:58:38',10,'2016-01-06 07:58:38'),(795,29,0,10,'2016-01-06 07:58:38',10,'2016-01-06 07:58:38'),(796,29,0,10,'2016-01-06 07:58:38',10,'2016-01-06 07:58:38'),(797,29,0,10,'2016-01-06 07:58:38',10,'2016-01-06 07:58:38'),(798,29,0,10,'2016-01-06 07:58:38',10,'2016-01-06 07:58:38'),(799,29,0,10,'2016-01-06 07:58:38',10,'2016-01-06 07:58:38'),(800,29,0,10,'2016-01-06 07:58:38',10,'2016-01-06 07:58:38'),(801,29,0,10,'2016-01-06 07:58:38',10,'2016-01-06 07:58:38'),(802,29,0,10,'2016-01-06 07:58:38',10,'2016-01-06 07:58:38'),(803,29,0,10,'2016-01-06 07:58:38',10,'2016-01-06 07:58:38'),(804,29,0,10,'2016-01-06 07:58:38',10,'2016-01-06 07:58:38'),(805,29,0,10,'2016-01-06 07:58:38',10,'2016-01-06 07:58:38'),(806,29,0,10,'2016-01-06 07:58:38',10,'2016-01-06 07:58:38'),(807,29,0,10,'2016-01-06 07:58:38',10,'2016-01-06 07:58:38'),(808,29,0,10,'2016-01-06 07:58:38',10,'2016-01-06 07:58:38'),(809,29,0,10,'2016-01-06 07:58:38',10,'2016-01-06 07:58:38'),(810,29,0,10,'2016-01-06 07:58:38',10,'2016-01-06 07:58:38'),(811,29,0,10,'2016-01-06 07:58:38',10,'2016-01-06 07:58:38'),(812,29,0,10,'2016-01-06 07:58:38',10,'2016-01-06 07:58:38'),(813,29,0,10,'2016-01-06 07:58:38',10,'2016-01-06 07:58:38'),(814,29,0,10,'2016-01-06 07:58:38',10,'2016-01-06 07:58:38'),(815,29,0,10,'2016-01-06 07:58:38',10,'2016-01-06 07:58:38'),(816,29,0,10,'2016-01-06 07:58:38',10,'2016-01-06 07:58:38'),(817,29,0,10,'2016-01-06 07:58:38',10,'2016-01-06 07:58:38'),(818,29,0,10,'2016-01-06 07:58:38',10,'2016-01-06 07:58:38'),(819,29,0,10,'2016-01-06 07:58:38',10,'2016-01-06 07:58:38'),(820,29,0,10,'2016-01-06 07:58:38',10,'2016-01-06 07:58:38'),(821,29,0,10,'2016-01-06 07:58:38',10,'2016-01-06 07:58:38'),(822,29,0,10,'2016-01-06 07:58:38',10,'2016-01-06 07:58:38'),(823,29,0,10,'2016-01-06 07:58:39',10,'2016-01-06 07:58:39'),(824,29,0,10,'2016-01-06 07:58:39',10,'2016-01-06 07:58:39'),(825,29,0,10,'2016-01-06 07:58:39',10,'2016-01-06 07:58:39'),(826,29,0,10,'2016-01-06 07:58:39',10,'2016-01-06 07:58:39'),(827,29,0,10,'2016-01-06 07:58:39',10,'2016-01-06 07:58:39'),(828,29,0,10,'2016-01-06 07:58:39',10,'2016-01-06 07:58:39'),(829,29,0,10,'2016-01-06 07:58:39',10,'2016-01-06 07:58:39'),(830,29,0,10,'2016-01-06 07:58:39',10,'2016-01-06 07:58:39'),(831,29,0,10,'2016-01-06 07:58:39',10,'2016-01-06 07:58:39'),(832,29,0,10,'2016-01-06 07:58:39',10,'2016-01-06 07:58:39'),(833,30,0,10,'2016-01-06 08:11:08',10,'2016-01-06 08:11:08'),(834,30,0,10,'2016-01-06 08:11:08',10,'2016-01-06 08:11:08'),(835,30,0,10,'2016-01-06 08:11:08',10,'2016-01-06 08:11:08'),(836,30,0,10,'2016-01-06 08:11:08',10,'2016-01-06 08:11:08'),(837,30,0,10,'2016-01-06 08:11:08',10,'2016-01-06 08:11:08'),(838,30,0,10,'2016-01-06 08:11:08',10,'2016-01-06 08:11:08'),(839,30,0,10,'2016-01-06 08:11:08',10,'2016-01-06 08:11:08'),(840,30,0,10,'2016-01-06 08:11:08',10,'2016-01-06 08:11:08'),(841,30,0,10,'2016-01-06 08:11:08',10,'2016-01-06 08:11:08'),(842,30,0,10,'2016-01-06 08:11:08',10,'2016-01-06 08:11:08'),(843,30,0,10,'2016-01-06 08:11:08',10,'2016-01-06 08:11:08'),(844,30,0,10,'2016-01-06 08:11:08',10,'2016-01-06 08:11:08'),(845,30,0,10,'2016-01-06 08:11:08',10,'2016-01-06 08:11:08'),(846,30,0,10,'2016-01-06 08:11:08',10,'2016-01-06 08:11:08'),(847,30,0,10,'2016-01-06 08:11:08',10,'2016-01-06 08:11:08'),(848,30,0,10,'2016-01-06 08:11:08',10,'2016-01-06 08:11:08'),(849,30,0,10,'2016-01-06 08:11:08',10,'2016-01-06 08:11:08'),(850,30,0,10,'2016-01-06 08:11:08',10,'2016-01-06 08:11:08'),(851,30,0,10,'2016-01-06 08:11:09',10,'2016-01-06 08:11:09'),(852,30,0,10,'2016-01-06 08:11:09',10,'2016-01-06 08:11:09'),(853,30,0,10,'2016-01-06 08:11:09',10,'2016-01-06 08:11:09'),(854,30,0,10,'2016-01-06 08:11:09',10,'2016-01-06 08:11:09'),(855,30,0,10,'2016-01-06 08:11:09',10,'2016-01-06 08:11:09'),(856,30,0,10,'2016-01-06 08:11:09',10,'2016-01-06 08:11:09'),(857,30,0,10,'2016-01-06 08:11:09',10,'2016-01-06 08:11:09'),(858,30,0,10,'2016-01-06 08:11:09',10,'2016-01-06 08:11:09'),(859,30,0,10,'2016-01-06 08:11:09',10,'2016-01-06 08:11:09'),(860,30,0,10,'2016-01-06 08:11:09',10,'2016-01-06 08:11:09'),(861,30,0,10,'2016-01-06 08:11:09',10,'2016-01-06 08:11:09'),(862,30,0,10,'2016-01-06 08:11:09',10,'2016-01-06 08:11:09'),(863,30,0,10,'2016-01-06 08:11:09',10,'2016-01-06 08:11:09'),(864,30,0,10,'2016-01-06 08:11:09',10,'2016-01-06 08:11:09'),(865,30,0,10,'2016-01-06 08:11:09',10,'2016-01-06 08:11:09'),(866,30,0,10,'2016-01-06 08:11:09',10,'2016-01-06 08:11:09'),(867,30,0,10,'2016-01-06 08:11:09',10,'2016-01-06 08:11:09'),(868,30,0,10,'2016-01-06 08:11:09',10,'2016-01-06 08:11:09'),(869,30,0,10,'2016-01-06 08:11:09',10,'2016-01-06 08:11:09'),(870,30,0,10,'2016-01-06 08:11:09',10,'2016-01-06 08:11:09'),(871,30,0,10,'2016-01-06 08:11:09',10,'2016-01-06 08:11:09'),(872,30,0,10,'2016-01-06 08:11:09',10,'2016-01-06 08:11:09'),(873,30,0,10,'2016-01-06 08:11:09',10,'2016-01-06 08:11:09'),(874,30,0,10,'2016-01-06 08:11:09',10,'2016-01-06 08:11:09'),(875,30,0,10,'2016-01-06 08:11:09',10,'2016-01-06 08:11:09'),(876,30,0,10,'2016-01-06 08:11:09',10,'2016-01-06 08:11:09'),(877,30,0,10,'2016-01-06 08:11:09',10,'2016-01-06 08:11:09'),(878,30,0,10,'2016-01-06 08:11:09',10,'2016-01-06 08:11:09'),(879,30,0,10,'2016-01-06 08:12:38',10,'2016-01-06 08:12:38'),(880,30,0,10,'2016-01-06 08:12:38',10,'2016-01-06 08:12:38'),(881,30,0,10,'2016-01-06 08:12:38',10,'2016-01-06 08:12:38'),(882,30,0,10,'2016-01-06 08:12:38',10,'2016-01-06 08:12:38'),(883,30,0,10,'2016-01-06 08:12:38',10,'2016-01-06 08:12:38'),(884,30,0,10,'2016-01-06 08:12:38',10,'2016-01-06 08:12:38'),(885,30,0,10,'2016-01-06 08:12:38',10,'2016-01-06 08:12:38'),(886,30,0,10,'2016-01-06 08:12:38',10,'2016-01-06 08:12:38'),(887,30,0,10,'2016-01-06 08:12:38',10,'2016-01-06 08:12:38'),(888,30,0,10,'2016-01-06 08:12:38',10,'2016-01-06 08:12:38'),(889,30,0,10,'2016-01-06 08:12:39',10,'2016-01-06 08:12:39'),(890,30,0,10,'2016-01-06 08:12:39',10,'2016-01-06 08:12:39'),(891,30,0,10,'2016-01-06 08:12:39',10,'2016-01-06 08:12:39'),(892,30,0,10,'2016-01-06 08:12:39',10,'2016-01-06 08:12:39'),(893,30,0,10,'2016-01-06 08:12:39',10,'2016-01-06 08:12:39'),(894,30,0,10,'2016-01-06 08:12:39',10,'2016-01-06 08:12:39'),(895,30,0,10,'2016-01-06 08:12:39',10,'2016-01-06 08:12:39'),(896,30,0,10,'2016-01-06 08:12:39',10,'2016-01-06 08:12:39'),(897,30,0,10,'2016-01-06 08:12:39',10,'2016-01-06 08:12:39'),(898,30,0,10,'2016-01-06 08:12:39',10,'2016-01-06 08:12:39'),(899,30,0,10,'2016-01-06 08:12:39',10,'2016-01-06 08:12:39'),(900,30,0,10,'2016-01-06 08:12:39',10,'2016-01-06 08:12:39'),(901,30,0,10,'2016-01-06 08:12:39',10,'2016-01-06 08:12:39'),(902,30,0,10,'2016-01-06 08:12:39',10,'2016-01-06 08:12:39'),(903,30,0,10,'2016-01-06 08:12:39',10,'2016-01-06 08:12:39'),(904,30,0,10,'2016-01-06 08:12:39',10,'2016-01-06 08:12:39'),(905,30,0,10,'2016-01-06 08:12:39',10,'2016-01-06 08:12:39'),(906,30,0,10,'2016-01-06 08:12:39',10,'2016-01-06 08:12:39'),(907,30,0,10,'2016-01-06 08:12:39',10,'2016-01-06 08:12:39'),(908,30,0,10,'2016-01-06 08:12:39',10,'2016-01-06 08:12:39'),(909,30,0,10,'2016-01-06 08:12:39',10,'2016-01-06 08:12:39'),(910,30,0,10,'2016-01-06 08:12:39',10,'2016-01-06 08:12:39'),(911,30,0,10,'2016-01-06 08:12:39',10,'2016-01-06 08:12:39'),(912,30,0,10,'2016-01-06 08:12:39',10,'2016-01-06 08:12:39'),(913,30,0,10,'2016-01-06 08:12:39',10,'2016-01-06 08:12:39'),(914,30,0,10,'2016-01-06 08:12:39',10,'2016-01-06 08:12:39'),(915,30,0,10,'2016-01-06 08:12:39',10,'2016-01-06 08:12:39'),(916,30,0,10,'2016-01-06 08:12:39',10,'2016-01-06 08:12:39'),(917,30,0,10,'2016-01-06 08:12:39',10,'2016-01-06 08:12:39'),(918,30,0,10,'2016-01-06 08:12:39',10,'2016-01-06 08:12:39'),(919,30,0,10,'2016-01-06 08:12:39',10,'2016-01-06 08:12:39'),(920,30,0,10,'2016-01-06 08:12:39',10,'2016-01-06 08:12:39'),(921,30,0,10,'2016-01-06 08:12:39',10,'2016-01-06 08:12:39'),(922,30,0,10,'2016-01-06 08:12:39',10,'2016-01-06 08:12:39'),(923,30,0,10,'2016-01-06 08:12:40',10,'2016-01-06 08:12:40'),(924,30,0,10,'2016-01-06 08:12:40',10,'2016-01-06 08:12:40'),(925,30,0,10,'2016-01-06 08:12:40',10,'2016-01-06 08:12:40'),(926,30,0,10,'2016-01-06 08:12:40',10,'2016-01-06 08:12:40'),(927,30,0,10,'2016-01-06 08:12:40',10,'2016-01-06 08:12:40'),(928,30,0,10,'2016-01-06 08:12:40',10,'2016-01-06 08:12:40'),(929,30,0,10,'2016-01-06 08:12:40',10,'2016-01-06 08:12:40'),(930,30,0,10,'2016-01-06 08:12:40',10,'2016-01-06 08:12:40'),(931,30,0,10,'2016-01-06 08:12:40',10,'2016-01-06 08:12:40'),(932,30,0,10,'2016-01-06 08:12:40',10,'2016-01-06 08:12:40'),(933,30,0,10,'2016-01-06 08:12:40',10,'2016-01-06 08:12:40'),(934,30,0,10,'2016-01-06 08:12:40',10,'2016-01-06 08:12:40'),(935,30,0,10,'2016-01-06 08:12:40',10,'2016-01-06 08:12:40'),(936,30,0,10,'2016-01-06 08:12:40',10,'2016-01-06 08:12:40'),(937,30,0,10,'2016-01-06 08:12:40',10,'2016-01-06 08:12:40'),(938,30,0,10,'2016-01-06 08:12:40',10,'2016-01-06 08:12:40'),(939,30,0,10,'2016-01-06 08:12:40',10,'2016-01-06 08:12:40'),(940,30,0,10,'2016-01-06 08:12:40',10,'2016-01-06 08:12:40'),(941,30,0,10,'2016-01-06 08:12:40',10,'2016-01-06 08:12:40'),(942,30,0,10,'2016-01-06 08:12:40',10,'2016-01-06 08:12:40'),(943,30,0,10,'2016-01-06 08:12:40',10,'2016-01-06 08:12:40'),(944,30,0,10,'2016-01-06 08:12:40',10,'2016-01-06 08:12:40'),(945,30,0,10,'2016-01-06 08:12:40',10,'2016-01-06 08:12:40'),(946,30,0,10,'2016-01-06 08:12:40',10,'2016-01-06 08:12:40'),(947,30,0,10,'2016-01-06 08:12:40',10,'2016-01-06 08:12:40'),(948,30,0,10,'2016-01-06 08:12:40',10,'2016-01-06 08:12:40'),(949,30,0,10,'2016-01-06 08:12:40',10,'2016-01-06 08:12:40'),(950,30,0,10,'2016-01-06 08:12:40',10,'2016-01-06 08:12:40'),(951,30,0,10,'2016-01-06 08:12:40',10,'2016-01-06 08:12:40'),(952,30,0,10,'2016-01-06 08:12:41',10,'2016-01-06 08:12:41'),(953,30,0,10,'2016-01-06 08:12:41',10,'2016-01-06 08:12:41'),(954,30,0,10,'2016-01-06 08:12:41',10,'2016-01-06 08:12:41'),(955,30,0,10,'2016-01-06 08:12:41',10,'2016-01-06 08:12:41'),(956,30,0,10,'2016-01-06 08:12:41',10,'2016-01-06 08:12:41'),(957,30,0,10,'2016-01-06 08:12:41',10,'2016-01-06 08:12:41'),(958,30,0,10,'2016-01-06 08:12:41',10,'2016-01-06 08:12:41'),(959,30,0,10,'2016-01-06 08:12:41',10,'2016-01-06 08:12:41'),(960,30,0,10,'2016-01-06 08:12:41',10,'2016-01-06 08:12:41'),(961,30,0,10,'2016-01-06 08:12:41',10,'2016-01-06 08:12:41'),(962,30,0,10,'2016-01-06 08:12:41',10,'2016-01-06 08:12:41'),(963,30,0,10,'2016-01-06 08:12:41',10,'2016-01-06 08:12:41'),(964,30,0,10,'2016-01-06 08:12:41',10,'2016-01-06 08:12:41'),(965,30,0,10,'2016-01-06 08:12:41',10,'2016-01-06 08:12:41'),(966,30,0,10,'2016-01-06 08:12:41',10,'2016-01-06 08:12:41'),(967,30,0,10,'2016-01-06 08:12:41',10,'2016-01-06 08:12:41'),(968,30,0,10,'2016-01-06 08:12:41',10,'2016-01-06 08:12:41'),(969,30,0,10,'2016-01-06 08:12:41',10,'2016-01-06 08:12:41'),(970,30,0,10,'2016-01-06 08:12:41',10,'2016-01-06 08:12:41'),(971,30,0,10,'2016-01-06 08:12:41',10,'2016-01-06 08:12:41'),(972,30,0,10,'2016-01-06 08:12:41',10,'2016-01-06 08:12:41'),(973,30,0,10,'2016-01-06 08:12:41',10,'2016-01-06 08:12:41'),(974,30,0,10,'2016-01-06 08:12:41',10,'2016-01-06 08:12:41'),(975,30,0,10,'2016-01-06 08:12:41',10,'2016-01-06 08:12:41'),(976,30,0,10,'2016-01-06 08:12:41',10,'2016-01-06 08:12:41'),(977,30,0,10,'2016-01-06 08:12:41',10,'2016-01-06 08:12:41'),(978,30,0,10,'2016-01-06 08:12:41',10,'2016-01-06 08:12:41'),(979,30,0,10,'2016-01-06 08:12:41',10,'2016-01-06 08:12:41'),(980,30,0,10,'2016-01-06 08:12:41',10,'2016-01-06 08:12:41'),(981,30,0,10,'2016-01-06 08:12:41',10,'2016-01-06 08:12:41'),(982,30,0,10,'2016-01-06 08:12:42',10,'2016-01-06 08:12:42'),(983,30,0,10,'2016-01-06 08:12:42',10,'2016-01-06 08:12:42'),(984,30,0,10,'2016-01-06 08:12:42',10,'2016-01-06 08:12:42'),(985,30,0,10,'2016-01-06 08:12:42',10,'2016-01-06 08:12:42'),(986,30,0,10,'2016-01-06 08:12:42',10,'2016-01-06 08:12:42'),(987,30,0,10,'2016-01-06 08:12:42',10,'2016-01-06 08:12:42'),(988,30,0,10,'2016-01-06 08:12:42',10,'2016-01-06 08:12:42'),(989,30,0,10,'2016-01-06 08:12:42',10,'2016-01-06 08:12:42'),(990,30,0,10,'2016-01-06 08:12:42',10,'2016-01-06 08:12:42'),(991,30,0,10,'2016-01-06 08:12:42',10,'2016-01-06 08:12:42'),(992,30,0,10,'2016-01-06 08:12:42',10,'2016-01-06 08:12:42'),(993,30,0,10,'2016-01-06 08:12:42',10,'2016-01-06 08:12:42'),(994,30,0,10,'2016-01-06 08:12:42',10,'2016-01-06 08:12:42'),(995,30,0,10,'2016-01-06 08:12:42',10,'2016-01-06 08:12:42'),(996,30,0,10,'2016-01-06 08:12:42',10,'2016-01-06 08:12:42'),(997,30,0,10,'2016-01-06 08:12:42',10,'2016-01-06 08:12:42'),(998,30,0,10,'2016-01-06 08:12:42',10,'2016-01-06 08:12:42'),(999,30,0,10,'2016-01-06 08:12:42',10,'2016-01-06 08:12:42'),(1000,30,0,10,'2016-01-06 08:12:42',10,'2016-01-06 08:12:42'),(1001,30,0,10,'2016-01-06 08:12:42',10,'2016-01-06 08:12:42'),(1002,30,0,10,'2016-01-06 08:12:42',10,'2016-01-06 08:12:42'),(1003,30,0,10,'2016-01-06 08:12:42',10,'2016-01-06 08:12:42'),(1004,30,0,10,'2016-01-06 08:12:42',10,'2016-01-06 08:12:42'),(1005,30,0,10,'2016-01-06 08:12:42',10,'2016-01-06 08:12:42'),(1006,30,0,10,'2016-01-06 08:12:42',10,'2016-01-06 08:12:42'),(1007,30,0,10,'2016-01-06 08:12:42',10,'2016-01-06 08:12:42'),(1008,30,0,10,'2016-01-06 08:12:42',10,'2016-01-06 08:12:42'),(1009,30,0,10,'2016-01-06 08:12:42',10,'2016-01-06 08:12:42'),(1010,30,0,10,'2016-01-06 08:12:42',10,'2016-01-06 08:12:42'),(1011,30,0,10,'2016-01-06 08:12:42',10,'2016-01-06 08:12:42'),(1012,30,0,10,'2016-01-06 08:12:42',10,'2016-01-06 08:12:42'),(1013,30,0,10,'2016-01-06 08:12:43',10,'2016-01-06 08:12:43'),(1014,30,0,10,'2016-01-06 08:12:43',10,'2016-01-06 08:12:43'),(1015,30,0,10,'2016-01-06 08:12:43',10,'2016-01-06 08:12:43'),(1016,30,0,10,'2016-01-06 08:12:43',10,'2016-01-06 08:12:43'),(1017,30,0,10,'2016-01-06 08:12:43',10,'2016-01-06 08:12:43'),(1018,30,0,10,'2016-01-06 08:12:43',10,'2016-01-06 08:12:43'),(1019,30,0,10,'2016-01-06 08:12:43',10,'2016-01-06 08:12:43'),(1020,30,0,10,'2016-01-06 08:12:43',10,'2016-01-06 08:12:43'),(1021,30,0,10,'2016-01-06 08:12:43',10,'2016-01-06 08:12:43'),(1022,30,0,10,'2016-01-06 08:12:43',10,'2016-01-06 08:12:43'),(1023,30,0,10,'2016-01-06 08:12:43',10,'2016-01-06 08:12:43'),(1024,30,0,10,'2016-01-06 08:12:43',10,'2016-01-06 08:12:43'),(1025,30,0,10,'2016-01-06 08:12:43',10,'2016-01-06 08:12:43'),(1026,30,0,10,'2016-01-06 08:12:43',10,'2016-01-06 08:12:43'),(1027,30,0,10,'2016-01-06 08:12:43',10,'2016-01-06 08:12:43'),(1028,30,0,10,'2016-01-06 08:12:43',10,'2016-01-06 08:12:43'),(1029,30,0,10,'2016-01-06 08:12:43',10,'2016-01-06 08:12:43'),(1030,30,0,10,'2016-01-06 08:12:43',10,'2016-01-06 08:12:43'),(1031,30,0,10,'2016-01-06 08:12:43',10,'2016-01-06 08:12:43'),(1032,30,0,10,'2016-01-06 08:12:43',10,'2016-01-06 08:12:43'),(1033,30,0,10,'2016-01-06 08:12:43',10,'2016-01-06 08:12:43'),(1034,30,0,10,'2016-01-06 08:12:43',10,'2016-01-06 08:12:43'),(1035,30,0,10,'2016-01-06 08:12:43',10,'2016-01-06 08:12:43'),(1036,30,0,10,'2016-01-06 08:12:43',10,'2016-01-06 08:12:43'),(1037,30,0,10,'2016-01-06 08:12:43',10,'2016-01-06 08:12:43'),(1038,31,0,10,'2016-01-06 10:09:18',10,'2016-01-06 10:09:18'),(1039,31,0,10,'2016-01-06 10:09:18',10,'2016-01-06 10:09:18'),(1040,31,0,10,'2016-01-06 10:09:18',10,'2016-01-06 10:09:18'),(1041,31,0,10,'2016-01-06 10:09:18',10,'2016-01-06 10:09:18'),(1042,31,0,10,'2016-01-06 10:09:18',10,'2016-01-06 10:09:18'),(1043,31,0,10,'2016-01-06 10:09:18',10,'2016-01-06 10:09:18'),(1044,31,0,10,'2016-01-06 10:09:19',10,'2016-01-06 10:09:19'),(1045,31,0,10,'2016-01-06 10:09:19',10,'2016-01-06 10:09:19'),(1046,31,0,10,'2016-01-06 10:09:19',10,'2016-01-06 10:09:19'),(1047,31,0,10,'2016-01-06 10:09:19',10,'2016-01-06 10:09:19'),(1048,31,0,10,'2016-01-06 10:09:19',10,'2016-01-06 10:09:19'),(1049,31,0,10,'2016-01-06 10:09:19',10,'2016-01-06 10:09:19'),(1050,31,0,10,'2016-01-06 10:09:19',10,'2016-01-06 10:09:19'),(1051,31,0,10,'2016-01-06 10:09:19',10,'2016-01-06 10:09:19'),(1052,31,0,10,'2016-01-06 10:09:19',10,'2016-01-06 10:09:19'),(1053,31,0,10,'2016-01-06 10:09:19',10,'2016-01-06 10:09:19'),(1054,31,0,10,'2016-01-06 10:09:19',10,'2016-01-06 10:09:19'),(1055,31,0,10,'2016-01-06 10:09:19',10,'2016-01-06 10:09:19'),(1056,31,0,10,'2016-01-06 10:09:19',10,'2016-01-06 10:09:19'),(1057,31,0,10,'2016-01-06 10:09:19',10,'2016-01-06 10:09:19'),(1058,31,0,10,'2016-01-06 10:09:19',10,'2016-01-06 10:09:19'),(1059,31,0,10,'2016-01-06 10:09:19',10,'2016-01-06 10:09:19'),(1060,31,0,10,'2016-01-06 10:09:19',10,'2016-01-06 10:09:19'),(1061,31,0,10,'2016-01-06 10:09:19',10,'2016-01-06 10:09:19'),(1062,31,0,10,'2016-01-06 10:09:19',10,'2016-01-06 10:09:19'),(1063,31,0,10,'2016-01-06 10:09:19',10,'2016-01-06 10:09:19'),(1064,31,0,10,'2016-01-06 10:09:19',10,'2016-01-06 10:09:19'),(1065,31,0,10,'2016-01-06 10:09:19',10,'2016-01-06 10:09:19'),(1066,31,0,10,'2016-01-06 10:09:19',10,'2016-01-06 10:09:19'),(1067,31,0,10,'2016-01-06 10:09:19',10,'2016-01-06 10:09:19'),(1068,31,0,10,'2016-01-06 10:09:19',10,'2016-01-06 10:09:19'),(1069,31,0,10,'2016-01-06 10:09:19',10,'2016-01-06 10:09:19'),(1070,31,0,10,'2016-01-06 10:09:19',10,'2016-01-06 10:09:19'),(1071,31,0,10,'2016-01-06 10:09:19',10,'2016-01-06 10:09:19'),(1072,31,0,10,'2016-01-06 10:09:19',10,'2016-01-06 10:09:19'),(1073,31,0,10,'2016-01-06 10:09:19',10,'2016-01-06 10:09:19'),(1074,31,0,10,'2016-01-06 10:09:20',10,'2016-01-06 10:09:20'),(1075,31,0,10,'2016-01-06 10:09:20',10,'2016-01-06 10:09:20'),(1076,31,0,10,'2016-01-06 10:09:20',10,'2016-01-06 10:09:20'),(1077,31,0,10,'2016-01-06 10:09:20',10,'2016-01-06 10:09:20'),(1078,31,0,10,'2016-01-06 10:09:20',10,'2016-01-06 10:09:20'),(1079,31,0,10,'2016-01-06 10:09:20',10,'2016-01-06 10:09:20'),(1080,31,0,10,'2016-01-06 10:09:20',10,'2016-01-06 10:09:20'),(1081,31,0,10,'2016-01-06 10:09:20',10,'2016-01-06 10:09:20'),(1082,31,0,10,'2016-01-06 10:09:20',10,'2016-01-06 10:09:20'),(1083,31,0,10,'2016-01-06 10:09:20',10,'2016-01-06 10:09:20'),(1084,31,0,10,'2016-01-06 10:09:20',10,'2016-01-06 10:09:20'),(1085,31,0,10,'2016-01-06 10:09:20',10,'2016-01-06 10:09:20'),(1086,31,0,10,'2016-01-06 10:09:20',10,'2016-01-06 10:09:20'),(1087,31,0,10,'2016-01-06 10:09:20',10,'2016-01-06 10:09:20'),(1088,31,0,10,'2016-01-06 10:09:20',10,'2016-01-06 10:09:20'),(1089,31,0,10,'2016-01-06 10:09:20',10,'2016-01-06 10:09:20'),(1090,31,0,10,'2016-01-06 10:09:20',10,'2016-01-06 10:09:20'),(1091,31,0,10,'2016-01-06 10:09:20',10,'2016-01-06 10:09:20'),(1092,31,0,10,'2016-01-06 10:09:20',10,'2016-01-06 10:09:20'),(1093,31,0,10,'2016-01-06 10:09:20',10,'2016-01-06 10:09:20'),(1094,31,0,10,'2016-01-06 10:09:20',10,'2016-01-06 10:09:20'),(1095,31,0,10,'2016-01-06 10:09:20',10,'2016-01-06 10:09:20'),(1096,31,0,10,'2016-01-06 10:09:20',10,'2016-01-06 10:09:20'),(1097,31,0,10,'2016-01-06 10:09:20',10,'2016-01-06 10:09:20'),(1098,31,0,10,'2016-01-06 10:09:20',10,'2016-01-06 10:09:20'),(1099,31,0,10,'2016-01-06 10:09:20',10,'2016-01-06 10:09:20'),(1100,31,0,10,'2016-01-06 10:09:20',10,'2016-01-06 10:09:20'),(1101,31,0,10,'2016-01-06 10:09:20',10,'2016-01-06 10:09:20'),(1102,31,0,10,'2016-01-06 10:09:20',10,'2016-01-06 10:09:20'),(1103,31,0,10,'2016-01-06 10:09:20',10,'2016-01-06 10:09:20'),(1104,31,0,10,'2016-01-06 10:09:21',10,'2016-01-06 10:09:21'),(1105,31,0,10,'2016-01-06 10:09:21',10,'2016-01-06 10:09:21'),(1106,31,0,10,'2016-01-06 10:09:21',10,'2016-01-06 10:09:21'),(1107,31,0,10,'2016-01-06 10:09:21',10,'2016-01-06 10:09:21'),(1108,31,0,10,'2016-01-06 10:09:21',10,'2016-01-06 10:09:21'),(1109,32,0,11,'2016-04-22 10:50:06',11,'2016-04-22 10:50:06');
/*!40000 ALTER TABLE `asset` ENABLE KEYS */;
UNLOCK TABLES;

--
-- Table structure for table `asset_data`
--

DROP TABLE IF EXISTS `asset_data`;
/*!40101 SET @saved_cs_client     = @@character_set_client */;
/*!40101 SET character_set_client = utf8 */;
CREATE TABLE `asset_data` (
  `id` int(11) NOT NULL AUTO_INCREMENT,
  `data` text,
  `assetTemplateColId` int(11) NOT NULL,
  `assetId` int(11) NOT NULL,
  PRIMARY KEY (`id`),
  KEY `assetTemplateColIdFk_idx` (`assetTemplateColId`),
  KEY `AssetData_Asset_FK_idx` (`assetId`),
  CONSTRAINT `AssetData_Asset_FK` FOREIGN KEY (`assetId`) REFERENCES `asset` (`id`) ON DELETE CASCADE ON UPDATE NO ACTION,
  CONSTRAINT `assetTemplateColIdFk` FOREIGN KEY (`assetTemplateColId`) REFERENCES `asset_template_column` (`id`) ON DELETE CASCADE ON UPDATE NO ACTION
) ENGINE=InnoDB AUTO_INCREMENT=4551 DEFAULT CHARSET=latin1;
/*!40101 SET character_set_client = @saved_cs_client */;

--
-- Dumping data for table `asset_data`
--

LOCK TABLES `asset_data` WRITE;
/*!40000 ALTER TABLE `asset_data` DISABLE KEYS */;
INSERT INTO `asset_data` VALUES (1,'',3,1),(2,'2010-08-05',7,1),(3,'Timothy Morrison ',6,1),(4,'Ranjan Mitra',5,1),(5,'Handling after sales data processing',2,1),(6,'After sales',4,1),(7,'Automobile Managem System ',1,1),(8,'Michael Flanke',6,2),(9,'Middleware',4,2),(10,'2010-05-01',7,2),(11,'IA-AG-01',1,2),(12,'Vohn Gutenberg',5,2),(13,'Integration architecture system bus in Germany',2,2),(14,'',3,2),(15,'Bondial',1,3),(16,'Frank Ziedle',6,3),(17,'',3,3),(18,'',7,3),(19,'Automobile policy data warehouse',2,3),(20,'Warranty',4,3),(21,'Frank Ziedle',5,3),(22,'Gerhard Miller',6,4),(23,'',7,4),(24,'',3,4),(25,'Claims processing factory system',2,4),(26,'Warranty',4,4),(27,'Frankhoff Gief',5,4),(28,'FAGA2',1,4),(29,'T-Systems',5,5),(30,'',3,5),(31,'2010-08-01',7,5),(32,'PMD BLI',1,5),(33,'Automobile ordering system',2,5),(34,'Sales',4,5),(35,'Amanda Connors',6,5),(36,'Frank Ziedle',6,6),(37,'Factory',4,6),(38,'SpyderCat',1,6),(39,'T-Systems',5,6),(40,'',3,6),(41,'2010-01-20',7,6),(42,'Factory design system',2,6),(43,'Middleware',4,7),(44,'',3,7),(45,'UK-ESB-01',1,7),(46,'2013-07-07',7,7),(47,'Birlasoft',5,7),(48,'UK Middleware service bus',2,7),(49,'John Miekleham',6,7),(50,'2009-07-07',7,8),(51,'Common Business Partner',1,8),(52,'Phillis Tarry',6,8),(53,'Customer Relations',4,8),(54,'Customer data warehouse',2,8),(55,'',3,8),(56,'Birlasoft',5,8),(57,'T-Systems',5,9),(58,'Roadside Support',4,9),(59,'',3,9),(60,'On The Go',1,9),(61,'Johnathon R',6,9),(62,'Mobility support for customers',2,9),(63,'2015-02-20',7,9),(64,'',13,10),(65,'Realitime',14,10),(66,'CBP Synchronization',12,10),(67,'Automobile Information',12,11),(68,'Realtime',14,11),(69,'',13,11),(70,'Realtime',14,12),(71,'Automobile Owner Service',12,12),(72,'Provides ownership details based on VIN',13,12),(73,'Automobile Information Service UK',12,13),(74,'',13,13),(75,'Realtime',14,13),(76,'PUK32-FAGA2',12,14),(77,'Batch',14,14),(78,'',13,14),(79,'T-Systems',5,15),(80,'Middleware',4,15),(81,'2010-04-01',7,15),(82,'',2,15),(83,'SFTP Germany',1,15),(84,'',3,15),(85,'Gerhard Miller',6,15),(86,'',3,16),(87,'Birlasoft',5,16),(88,'2010-02-04',7,16),(89,'',2,16),(90,'James Brown',6,16),(91,'SFTP UK',1,16),(92,'Middleware',4,16),(93,'Another interface',23,17),(94,'something_493',24,17),(95,'CBP Sync for AMS',23,18),(96,'INTF_001',24,18),(97,'INTF_020',24,19),(98,'CBP Core Sys',23,19),(99,'UK GE Conn 01',23,20),(100,'UK GE Conn 01',24,20),(101,'VVS_INTF_01',24,21),(102,'BLI AMS Inbound',23,21),(103,'BLI AMS Inbound 2',23,22),(104,'VVS_INTF_02',24,22),(105,'bryner.balthasar@mycust.com',26,23),(106,'Vault hide sms',25,23),(107,'2012-01-04',28,23),(108,'Balthasar Bryner',27,23),(109,'APP_VA_SMS',29,23),(110,'2014-06-22',28,24),(111,'BÃƒÆ’Ã‚Â¤ni Buchli',27,24),(112,'APP_JO_RCH',29,24),(113,'Job search',25,24),(114,'buchli.bÃƒÆ’Ã‚Â¤ni@mycust.com',26,24),(115,'derrer.dorina@mycust.com',26,25),(116,'APP_FA_ORK',29,25),(117,'Facebook at work',25,25),(118,'2014-03-22',28,25),(119,'Dorina Derrer',27,25),(120,'Naukri.com',25,26),(121,'Bartholomeus Bueche',27,26),(122,'2014-03-14',28,26),(123,'APP_NA_COM',29,26),(124,'che.bartholomeus@mycust.com',26,26),(125,'Spini',25,27),(126,'APP_SP_INI',29,27),(127,'dettwiler.burki@mycust.com',26,27),(128,'Burki Dettwiler',27,27),(129,'2012-04-04',28,27),(130,'bullinger.barthlime@mycust.com',26,28),(131,'2014-02-28',28,28),(132,'Barthlime Bullinger',27,28),(133,'Indiamart',25,28),(134,'APP_IN_ART',29,28),(135,'Alibaba',25,29),(136,'deubel.falstaff@mycust.com',26,29),(137,'2015-06-07',28,29),(138,'Falstaff Deubel',27,29),(139,'APP_AL_ABA',29,29),(140,'buol.bartli@mycust.com',26,30),(141,'Office suite 8',25,30),(142,'APP_OF_E 8',29,30),(143,'Bartli Buol',27,30),(144,'2013-01-26',28,30),(145,'Lync 2013',25,31),(146,'FestusJoar Dietiker',27,31),(147,'dietiker.festusjoar@mycust.com',26,31),(148,'APP_LY_013',29,31),(149,'2012-02-16',28,31),(150,'Polaris office 8 ',25,32),(151,'burckhalter.basil@mycust.com',26,32),(152,'Basil Burckhalter',27,32),(153,'2012-02-26',28,32),(154,'APP_PO_ 8 ',29,32),(155,'disler.joachim@mycust.com',26,33),(156,'Joachim Disler',27,33),(157,'2015-02-27',28,33),(158,'File explorer',25,33),(159,'APP_FI_RER',29,33),(160,'WPS office',25,34),(161,'2013-07-27',28,34),(162,'Baschi Burgi',27,34),(163,'burgi.baschi@mycust.com',26,34),(164,'APP_WP_ICE',29,34),(165,'doerflinger.joder@mycust.com',26,35),(166,'2012-01-04',28,35),(167,'APP_CA_ARD',29,35),(168,'Joder Doerflinger',27,35),(169,'CamCard',25,35),(170,'burgin.basti@mycust.com',26,36),(171,'Software data center',25,36),(172,'APP_SO_TER',29,36),(173,'2013-10-15',28,36),(174,'Basti Burgin',27,36),(175,'burgy.batt@mycust.com',26,37),(176,'2013-08-15',28,37),(177,'Fast scanner pro',25,37),(178,'APP_FA_PRO',29,37),(179,'Batt Burgy',27,37),(180,'Jodocus Dreher',27,38),(181,'dreher.jodocus@mycust.com',26,38),(182,'2013-03-20',28,38),(183,'CamScanner',25,38),(184,'APP_CA_NER',29,38),(185,'Facebook Page',25,39),(186,'APP_FA_AGE',29,39),(187,'Beat Buri',27,39),(188,'2014-10-18',28,39),(189,'buri.beat@mycust.com',26,39),(190,'PDf Reader',25,40),(191,'droz.joggli@mycust.com',26,40),(192,'Joggli Droz',27,40),(193,'APP_PD_DER',29,40),(194,'2014-03-18',28,40),(195,'APP_MY_DER',29,41),(196,'Beda Burk',27,41),(197,'2013-10-23',28,41),(198,'My Resume builder',25,41),(199,'burk.beda@mycust.com',26,41),(200,'Johannes Durian',27,42),(201,'2013-08-02',28,42),(202,'Logo Maker',25,42),(203,'durian.johannes@mycust.com',26,42),(204,'APP_LO_KER',29,42),(205,'DankmarGalli Burkart',27,43),(206,'2012-07-06',28,43),(207,'burkart.dankmargalli@mycust.com',26,43),(208,'APP_AP_OCK',29,43),(209,'App Lock',25,43),(210,'2014-03-07',28,44),(211,'Automatic call recording',25,44),(212,'Gangolf Burkhalter',27,44),(213,'APP_AU_ING',29,44),(214,'burkhalter.gangolf@mycust.com',26,44),(215,'Johann Jakob Durig',27,45),(216,'APP_CA_KER',29,45),(217,'Call blocker',25,45),(218,'2014-01-20',28,45),(219,'durig.johann jakob@mycust.com',26,45),(220,'2014-05-06',28,46),(221,'burri.gaudenz@mycust.com',26,46),(222,'Gaudenz Burri',27,46),(223,'File commander',25,46),(224,'APP_FI_DER',29,46),(225,'True Caller',25,47),(226,'APP_TR_LER',29,47),(227,'Johann Ru Durrenberger',27,47),(228,'durrenberger.johann ru@mycust.com',26,47),(229,'2014-03-19',28,47),(230,'LinkedIn SlideShare',25,48),(231,'2014-05-29',28,48),(232,'Gayus Burry',27,48),(233,'APP_LI_ARE',29,48),(234,'burry.gayus@mycust.com',26,48),(235,'durtschi.fintan@mycust.com',26,49),(236,'APP_TR_LER',29,49),(237,'True Dialer',25,49),(238,'2014-01-03',28,49),(239,'Fintan Durtschi',27,49),(240,'buser.benedict@mycust.com',26,50),(241,'APP_TA_NDY',29,50),(242,'Talktime Candy',25,50),(243,'Benedict Buser',27,50),(244,'2013-11-15',28,50),(245,'2012-06-22',28,51),(246,'Shine Job Search',25,51),(247,'Bodwin Buss',27,51),(248,'buss.bodwin@mycust.com',26,51),(249,'APP_SH_RCH',29,51),(250,'dury.fortunatus@mycust.com',26,52),(251,'2013-02-03',28,52),(252,'APP_FR_CER',29,52),(253,'Fortunatus Dury',27,52),(254,'Free Lancer',25,52),(255,'Franz Eberle',27,53),(256,'2014-09-09',28,53),(257,'Air Watch Agent',25,53),(258,'eberle.franz@mycust.com',26,53),(259,'APP_AI_ENT',29,53),(260,'APP_MA_CKS',29,54),(261,'Bonaventur Bussinger',27,54),(262,'Magic Bricks',25,54),(263,'bussinger.bonaventur@mycust.com',26,54),(264,'2013-01-04',28,54),(265,'APP_AP_EME',29,55),(266,'bussmann.brandolf@mycust.com',26,55),(267,'2013-03-29',28,55),(268,'Brandolf Bussmann',27,55),(269,'AppLock Theme',25,55),(270,'APP_AD_RUS',29,56),(271,'eberlein.fridli@mycust.com',26,56),(272,'Fridli Eberlein',27,56),(273,'Ad clean and Anti-virus',25,56),(274,'2012-05-19',28,56),(275,'APP_LI_RCH',29,57),(276,'Bruno Caflisch',27,57),(277,'LinkedIn Job Search',25,57),(278,'2014-07-12',28,57),(279,'caflisch.bruno@mycust.com',26,57),(280,'APP_SD_ER ',29,58),(281,'Friedrich Eberly',27,58),(282,'2012-01-25',28,58),(283,'SD Card Recover ',25,58),(284,'eberly.friedrich@mycust.com',26,58),(285,'APP_TA_ILE',29,59),(286,'Tally2 Mobile',25,59),(287,'ebersold.damion@mycust.com',26,59),(288,'Damion Ebersold',27,59),(289,'2014-01-27',28,59),(290,'Daniel Ebey',27,60),(291,'ES Task Manager',25,60),(292,'2014-07-03',28,60),(293,'ebey.daniel@mycust.com',26,60),(294,'APP_ES_GER',29,60),(295,'2014-11-12',28,61),(296,'camenzind.brutus@mycust.com',26,61),(297,'Brutus Camenzind',27,61),(298,'APP_VO_ESA',29,61),(299,'Vodafone m-pesa',25,61),(300,'eblin.gebhard@mycust.com',26,62),(301,'2012-01-12',28,62),(302,'OYO Owner',25,62),(303,'Gebhard Eblin',27,62),(304,'APP_OY_NER',29,62),(305,'Burkhardt Carle',27,63),(306,'APP_OF_ORD',29,63),(307,'Officesuite oxford',25,63),(308,'carle.burkhardt@mycust.com',26,63),(309,'2014-11-17',28,63),(310,'APP_FL_LER',29,64),(311,'Flipkart seller',25,64),(312,'carli.daphne@mycust.com',26,64),(313,'2014-12-12',28,64),(314,'Daphne Carli',27,64),(315,'Georg Effinger',27,65),(316,'Box',25,65),(317,'APP_BO_BOX',29,65),(318,'effinger.georg@mycust.com',26,65),(319,'2015-03-22',28,65),(320,'Google my business',25,66),(321,'Innocentia Caspari',27,66),(322,'2014-12-20',28,66),(323,'APP_GO_ESS',29,66),(324,'caspari.innocentia@mycust.com',26,66),(325,'Germann Eggen',27,67),(326,'eggen.germann@mycust.com',26,67),(327,'DropBox',25,67),(328,'APP_DR_BOX',29,67),(329,'2014-11-07',28,67),(330,'danuser.iphigenia@mycust.com',26,68),(331,'Iphigenia Danuser',27,68),(332,'2012-08-06',28,68),(333,'Basic docx reader',25,68),(334,'APP_BA_DER',29,68),(335,'eggenberger.gilgian@mycust.com',26,69),(336,'Google Drive',25,69),(337,'Gilgian Eggenberger',27,69),(338,'APP_GO_IVE',29,69),(339,'2012-08-06',28,69),(340,'Iren Degen',27,70),(341,'2014-01-12',28,70),(342,'degen.iren@mycust.com',26,70),(343,'Hider pictures and video',25,70),(344,'APP_HI_DEO',29,70),(345,'MSales',25,71),(346,'Darius Egle',27,71),(347,'APP_MS_LES',29,71),(348,'egle.darius@mycust.com',26,71),(349,'2012-09-01',28,71),(350,'Desideria Deiss',27,72),(351,'APP_SN_LER',29,72),(352,'Snapdeal seller',25,72),(353,'2014-04-01',28,72),(354,'deiss.desideria@mycust.com',26,72),(355,'Quick PDF Scan',25,73),(356,'Donatina Denzler',27,73),(357,'2014-12-28',28,73),(358,'denzler.donatina@mycust.com',26,73),(359,'APP_QU_CAN',29,73),(360,'APP_SL_ACK',29,74),(361,'Slack',25,74),(362,'David Egli',27,74),(363,'egli.david@mycust.com',26,74),(364,'2014-01-08',28,74),(365,'AirWatch Inbox',25,75),(366,'2014-09-22',28,75),(367,'APP_AI_BOX',29,75),(368,'eglin.dedeon@mycust.com',26,75),(369,'Dedeon Eglin',27,75),(370,'egloff.desiderius@mycust.com',26,76),(371,'Maruti Care',25,76),(372,'Desiderius Egloff',27,76),(373,'APP_MA_ARE',29,76),(374,'2012-11-22',28,76),(375,'egly.dewess@mycust.com',26,77),(376,'2013-05-09',28,77),(377,'Vestige',25,77),(378,'APP_VE_IGE',29,77),(379,'Dewess Egly',27,77),(380,'',31,78),(381,'Job Naukri live link',30,78),(382,'Naukri data exchange',32,78),(383,'',31,79),(384,'Alibaba data import',30,79),(385,'Importing data from alibaba',32,79),(386,'FB@Work connector Naukri',30,80),(387,'',32,80),(388,'',31,80),(389,'PDF Conversion',32,81),(390,'',31,81),(391,'PDF Conversion',30,81),(392,'',32,82),(393,'WPS Linkup',30,82),(394,'',31,82),(395,'',32,83),(396,'',31,83),(397,'Office API 8',30,83),(398,'',31,84),(399,'',32,84),(400,'PDF Push',30,84),(401,'',32,85),(402,'PDF Push',30,85),(403,'',31,85),(404,'TRUE VAlidation',30,86),(405,'',31,86),(406,'',32,86),(407,'',32,87),(408,'Alibaba quick link',30,87),(409,'',31,87),(410,'File exp link',30,88),(411,'',31,88),(412,'',32,88),(413,'Resume building',30,89),(414,'',32,89),(415,'',31,89),(416,'',32,90),(417,'',31,90),(418,'Data lync 02',30,90),(419,'',32,91),(420,'Outbound Office Lync',30,91),(421,'',31,91),(422,'Google Link office',30,92),(423,'',32,92),(424,'',31,92),(425,'',32,93),(426,'',31,93),(427,'PDF Push',30,93),(428,'Lync Online',30,94),(429,'',32,94),(430,'',31,94),(431,'Box Sync Google',30,95),(432,'',32,95),(433,'',31,95),(434,'',31,96),(435,'Box - DropBox Sync',30,96),(436,'',32,96),(437,'',31,97),(438,'',32,97),(439,'Box - DropBox Sync 2 ',30,97),(440,'True Linc',30,98),(441,'',32,98),(442,'',31,98),(443,'',31,99),(444,'',32,99),(445,'Naukri Lookup',30,99),(446,'',32,100),(447,'Shine Lookup',30,100),(448,'',31,100),(449,'File Lookup',30,101),(450,'',31,101),(451,'',32,101),(452,'',32,102),(453,'REST Out SPINI Live',30,102),(454,'',31,102),(455,'Vault Batch In',30,103),(456,'',32,103),(457,'',31,103),(458,'',31,104),(459,'',32,104),(460,'Alibaba Openings Live',30,104),(461,'Sample Name',34,105),(462,'1983-12-22',35,105),(463,'Sample CRM',33,105),(464,'1984-12-22',35,106),(465,'Sample Name 2',34,106),(466,'Sample ERP',33,106),(467,'1987-12-14',35,107),(468,'Sample Name 3',34,107),(469,'Sample Peoplesoft System',33,107),(470,'PRD',38,108),(471,'',37,108),(472,'APP-VA-SMS.PRD.DEMO',36,108),(473,'APP-JO-RCH.PRD.DEMO',36,109),(474,'PRD',38,109),(475,'',37,109),(476,'',37,110),(477,'PRD',38,110),(478,'APP-NA-COM.PRD.DEMO',36,110),(479,'APP-IN-ART.PRD.DEMO',36,111),(480,'PRD',38,111),(481,'',37,111),(482,'',37,112),(483,'APP-OF-E 8.PRD.DEMO',36,112),(484,'PRD',38,112),(485,'APP-PO- 8 .PRD.DEMO',36,113),(486,'',37,113),(487,'PRD',38,113),(488,'PRD',38,114),(489,'APP-WP-ICE.PRD.DEMO',36,114),(490,'',37,114),(491,'',37,115),(492,'PRD',38,115),(493,'APP-SO-TER.PRD.DEMO',36,115),(494,'PRD',38,116),(495,'',37,116),(496,'APP-FA-PRO.PRD.DEMO',36,116),(497,'PRD',38,117),(498,'',37,117),(499,'APP-FA-AGE.PRD.DEMO',36,117),(500,'',37,118),(501,'PRD',38,118),(502,'APP-MY-DER.PRD.DEMO',36,118),(503,'PRD',38,119),(504,'APP-AP-OCK.PRD.DEMO',36,119),(505,'',37,119),(506,'APP-AU-ING.PRD.DEMO',36,120),(507,'',37,120),(508,'PRD',38,120),(509,'PRD',38,121),(510,'',37,121),(511,'APP-FI-DER.PRD.DEMO',36,121),(512,'',37,122),(513,'PRD',38,122),(514,'APP-LI-ARE.PRD.DEMO',36,122),(515,'APP-LI-ARE.QA.DEMO',36,123),(516,'',37,123),(517,'QA',38,123),(518,'',37,124),(519,'QA',38,124),(520,'APP-FI-DER.QA.DEMO',36,124),(521,'APP-AU-ING.QA.DEMO',36,125),(522,'',37,125),(523,'QA',38,125),(524,'APP-AP-OCK.QA.DEMO',36,126),(525,'QA',38,126),(526,'',37,126),(527,'APP-MY-DER.QA.DEMO',36,127),(528,'',37,127),(529,'QA',38,127),(530,'APP-FA-AGE.QA.DEMO',36,128),(531,'',37,128),(532,'QA',38,128),(533,'APP-FA-PRO.QA.DEMO',36,129),(534,'',37,129),(535,'QA',38,129),(536,'',37,130),(537,'APP-SO-TER.QA.DEMO',36,130),(538,'QA',38,130),(539,'',37,131),(540,'QA',38,131),(541,'APP-WP-ICE.QA.DEMO',36,131),(542,'APP-PO- 8 .QA.DEMO',36,132),(543,'',37,132),(544,'QA',38,132),(545,'QA',38,133),(546,'',37,133),(547,'APP-OF-E 8.QA.DEMO',36,133),(548,'QA',38,134),(549,'',37,134),(550,'APP-IN-ART.QA.DEMO',36,134),(551,'',37,135),(552,'QA',38,135),(553,'APP-NA-COM.QA.DEMO',36,135),(554,'APP-JO-RCH.QA.DEMO',36,136),(555,'',37,136),(556,'QA',38,136),(557,'QA',38,137),(558,'APP-VA-SMS.QA.DEMO',36,137),(559,'',37,137),(560,'',37,138),(561,'APP-VA-SMS.DEV.DEMO',36,138),(562,'DEV',38,138),(563,'',37,139),(564,'APP-JO-RCH.DEV.DEMO',36,139),(565,'DEV',38,139),(566,'APP-NA-COM.DEV.DEMO',36,140),(567,'DEV',38,140),(568,'',37,140),(569,'APP-IN-ART.DEV.DEMO',36,141),(570,'DEV',38,141),(571,'',37,141),(572,'',37,142),(573,'DEV',38,142),(574,'APP-OF-E 8.DEV.DEMO',36,142),(575,'APP-PO- 8 .DEV.DEMO',36,143),(576,'',37,143),(577,'DEV',38,143),(578,'DEV',38,144),(579,'',37,144),(580,'APP-WP-ICE.DEV.DEMO',36,144),(581,'DEV',38,145),(582,'',37,145),(583,'APP-SO-TER.DEV.DEMO',36,145),(584,'DEV',38,146),(585,'APP-FA-PRO.DEV.DEMO',36,146),(586,'',37,146),(587,'APP-FA-AGE.DEV.DEMO',36,147),(588,'DEV',38,147),(589,'',37,147),(590,'APP-MY-DER.DEV.DEMO',36,148),(591,'',37,148),(592,'DEV',38,148),(593,'',37,149),(594,'APP-AP-OCK.DEV.DEMO',36,149),(595,'DEV',38,149),(596,'APP-AU-ING.DEV.DEMO',36,150),(597,'DEV',38,150),(598,'',37,150),(599,'DEV',38,151),(600,'APP-FI-DER.DEV.DEMO',36,151),(601,'',37,151),(602,'DEV',38,152),(603,'APP-LI-ARE.DEV.DEMO',36,152),(604,'',37,152),(605,'PRD Server',30,153),(606,'',31,153),(607,'',32,153),(608,'PRD Server',30,154),(609,'',32,154),(610,'',31,154),(611,'PRD Server',30,155),(612,'',31,155),(613,'',32,155),(614,'PRD Server',30,156),(615,'',32,156),(616,'',31,156),(617,'',32,157),(618,'',31,157),(619,'PRD Server',30,157),(620,'QA Server',30,158),(621,'',31,158),(622,'',32,158),(623,'Server',30,159),(624,'',31,159),(625,'QA',32,159),(626,'Server QA',30,160),(627,'',32,160),(628,'',31,160),(629,'',31,161),(630,'Dev',32,161),(631,'Server',30,161),(632,'',31,162),(633,'',32,162),(634,'PRD Link ',30,162),(635,'PRD Server',30,163),(636,'',32,163),(637,'',31,163),(638,'PRD Server',30,164),(639,'',31,164),(640,'',32,164),(641,'PRD Server',30,165),(642,'',32,165),(643,'',31,165),(644,'PRD Server',30,166),(645,'',31,166),(646,'',32,166),(647,'PRD Server',30,167),(648,'',32,167),(649,'',31,167),(650,'PRD Server',30,168),(651,'',31,168),(652,'',32,168),(653,'PRD Server',30,169),(654,'',32,169),(655,'',31,169),(656,'',32,170),(657,'',31,170),(658,'PRD Server',30,170),(659,'',32,171),(660,'QA Server',30,171),(661,'',31,171),(662,'',31,172),(663,'',32,172),(664,'Dev',30,172),(665,'',32,173),(666,'',31,173),(667,'QA Server',30,173),(668,'Dev',30,174),(669,'',31,174),(670,'',32,174),(671,'',32,175),(672,'QA Server',30,175),(673,'',31,175),(674,'',31,176),(675,'QA Server',30,176),(676,'',32,176),(677,'',31,177),(678,'',32,177),(679,'Dev',30,177),(680,'QA Server',30,178),(681,'',32,178),(682,'',31,178),(683,'',31,179),(684,'Dev',30,179),(685,'',32,179),(686,'',31,180),(687,'QA Server',30,180),(688,'',32,180),(689,'',31,181),(690,'Dev',30,181),(691,'',32,181),(692,'',32,182),(693,'QA Server',30,182),(694,'',31,182),(695,'Dev',30,183),(696,'',31,183),(697,'',32,183),(698,'QA Server',30,184),(699,'',31,184),(700,'',32,184),(701,'',31,185),(702,'',32,185),(703,'Dev',30,185),(704,'',31,186),(705,'QA Server',30,186),(706,'',32,186),(707,'Dev',30,187),(708,'',31,187),(709,'',32,187),(710,'',32,188),(711,'QA Server',30,188),(712,'',31,188),(713,'Dev',30,189),(714,'',31,189),(715,'',32,189),(716,'Delhi',43,190),(717,'Test 1',42,190),(718,'Mumbai',43,191),(719,'Test 2',42,191),(720,'sh04bkp01',44,192),(721,'sh04dc01',44,193),(722,'sh04dc02',44,194),(723,'shmladc01',44,195),(724,'shmlapp02',44,196),(725,'shmofil01a',44,197),(726,'shmofil01b',44,198),(727,'shdanas01',44,199),(728,'shdunas01',44,200),(729,'sh06srv2',44,201),(730,'sh06srv3',44,202),(731,'shfinas01',44,203),(732,'shklnas01',44,204),(733,'shmanas01',44,205),(734,'shpanas01',44,206),(735,'sy30esx02a',44,207),(736,'sy30esx02b',44,208),(737,'sy30esx02c',44,209),(738,'sy30esx02d',44,210),(739,'sh01dc06',44,211),(740,'sh01sp02',44,212),(741,'shbacyc01',44,213),(742,'sh01av01',44,214),(743,'sh01dc00',44,215),(744,'sh01dc03',44,216),(745,'sh01dc04',44,217),(746,'sh01dc05',44,218),(747,'sh01easuk',44,219),(748,'sh01fin02',44,220),(749,'sh01hr01',44,221),(750,'sh01mon02',44,222),(751,'sh01psb',44,223),(752,'sh01sta01',44,224),(753,'sh01web01',44,225),(754,'sh01web02-old',44,226),(755,'shbabbs01',44,227),(756,'shbaghost01',44,228),(757,'sh01csg01',44,229),(758,'sh01ctx08',44,230),(759,'sh01dc08',44,231),(760,'sh01fin03',44,232),(761,'sh01gen01',44,233),(762,'sh01rsa01',44,234),(763,'sh01sieb02',44,235),(764,'sh01wim01',44,236),(765,'shbaapp01',44,237),(766,'shbaapp02',44,238),(767,'shbahyp01q',44,239),(768,'shbahyp01t',44,240),(769,'shbahyp02q',44,241),(770,'shbahyp02t',44,242),(771,'shbahyp03q',44,243),(772,'shbaadc02',44,244),(773,'shbaadc03',44,245),(774,'shbaamt01-d',44,246),(775,'shbacsl01',44,247),(776,'shbactt01-t',44,248),(777,'shbactx80',44,249),(778,'shbactx81',44,250),(779,'shbactx82',44,251),(780,'shbactx90',44,252),(781,'shbactx90-v',44,253),(782,'shbactx91',44,254),(783,'shbactx91-d',44,255),(784,'shbactx92',44,256),(785,'shbactx93',44,257),(786,'shbactx94',44,258),(787,'shbactx95',44,259),(788,'shbaeas01',44,260),(789,'shbaedc01',44,261),(790,'shbaedc02',44,262),(791,'CAN, Montreal',45,192),(792,'CAN, Montreal',45,193),(793,'CAN, Montreal',45,194),(794,'CAN, Montreal',45,195),(795,'CAN, Montreal',45,196),(796,'CAN, Montreal',45,197),(797,'CAN, Montreal',45,198),(798,'EMEA, Danderyd',45,199),(799,'EMEA, Dublin',45,200),(800,'EMEA, Firenze',45,201),(801,'EMEA, Firenze',45,202),(802,'EMEA, Firenze',45,203),(803,'EMEA, Koln',45,204),(804,'EMEA, Madrid',45,205),(805,'EMEA, Paris',45,206),(806,'UK, Basingstoke',45,207),(807,'UK, Basingstoke',45,208),(808,'UK, Basingstoke',45,209),(809,'UK, Basingstoke',45,210),(810,'UK, Basingstoke',45,211),(811,'UK, Basingstoke',45,212),(812,'UK, Basingstoke',45,213),(813,'UK, Basingstoke',45,214),(814,'UK, Basingstoke',45,215),(815,'UK, Basingstoke',45,216),(816,'UK, Basingstoke',45,217),(817,'UK, Basingstoke',45,218),(818,'UK, Basingstoke',45,219),(819,'UK, Basingstoke',45,220),(820,'UK, Basingstoke',45,221),(821,'UK, Basingstoke',45,222),(822,'UK, Basingstoke',45,223),(823,'UK, Basingstoke',45,224),(824,'UK, Basingstoke',45,225),(825,'UK, Basingstoke',45,226),(826,'UK, Basingstoke',45,227),(827,'UK, Basingstoke',45,228),(828,'UK, Basingstoke',45,229),(829,'UK, Basingstoke',45,230),(830,'UK, Basingstoke',45,231),(831,'UK, Basingstoke',45,232),(832,'UK, Basingstoke',45,233),(833,'UK, Basingstoke',45,234),(834,'UK, Basingstoke',45,235),(835,'UK, Basingstoke',45,236),(836,'UK, Basingstoke',45,237),(837,'UK, Basingstoke',45,238),(838,'UK, Basingstoke',45,239),(839,'UK, Basingstoke',45,240),(840,'UK, Basingstoke',45,241),(841,'UK, Basingstoke',45,242),(842,'UK, Basingstoke',45,243),(843,'UK, Basingstoke',45,244),(844,'UK, Basingstoke',45,245),(845,'UK, Basingstoke',45,246),(846,'UK, Basingstoke',45,247),(847,'UK, Basingstoke',45,248),(848,'UK, Basingstoke',45,249),(849,'UK, Basingstoke',45,250),(850,'UK, Basingstoke',45,251),(851,'UK, Basingstoke',45,252),(852,'UK, BasingStoke',45,253),(853,'UK, Basingstoke',45,254),(854,'UK, BasingStoke',45,255),(855,'UK, Basingstoke',45,256),(856,'UK, Basingstoke',45,257),(857,'UK, BasingStoke',45,258),(858,'UK, BasingStoke',45,259),(859,'UK, Basingstoke',45,260),(860,'UK, Basingstoke',45,261),(861,'UK, Basingstoke',45,262),(862,'Application',46,192),(863,'Application',46,193),(864,'Application',46,194),(865,'Utility',46,195),(866,'Application',46,196),(867,'Application',46,197),(868,'Application',46,198),(869,'Utility',46,199),(870,'Utility',46,200),(871,'Application',46,201),(872,'Application',46,202),(873,'Utility',46,203),(874,'Utility',46,204),(875,'Utility',46,205),(876,'Utility',46,206),(877,'Application',46,207),(878,'Application',46,208),(879,'Application',46,209),(880,'Application',46,210),(881,'Application',46,211),(882,'Application',46,212),(883,'Application',46,213),(884,'Application',46,214),(885,'Application',46,215),(886,'Application',46,216),(887,'Application',46,217),(888,'Application',46,218),(889,'Application',46,219),(890,'Application',46,220),(891,'Application',46,221),(892,'Application',46,222),(893,'Application',46,223),(894,'Application',46,224),(895,'Application',46,225),(896,'Application',46,226),(897,'Application',46,227),(898,'Application',46,228),(899,'Application',46,229),(900,'Application',46,230),(901,'Application',46,231),(902,'Application',46,232),(903,'Application',46,233),(904,'Application',46,234),(905,'Application',46,235),(906,'Application',46,236),(907,'Application',46,237),(908,'Application',46,238),(909,'Application',46,239),(910,'Application',46,240),(911,'Application',46,241),(912,'Application',46,242),(913,'Application',46,243),(914,'Utility',46,244),(915,'Utility',46,245),(916,'Application',46,246),(917,'Application',46,247),(918,'Application',46,248),(919,'Application',46,249),(920,'Application',46,250),(921,'Application',46,251),(922,'Application',46,252),(923,'Application',46,253),(924,'Application',46,254),(925,'Application',46,255),(926,'Application',46,256),(927,'Application',46,257),(928,'Application',46,258),(929,'Application',46,259),(930,'Application',46,260),(931,'Utility',46,261),(932,'Utility',46,262),(933,'Compaq',47,192),(934,'Compaq',47,193),(935,'Compaq',47,194),(936,'HP',47,195),(937,'HP',47,196),(938,'HP',47,197),(939,'HP',47,198),(940,'HP',47,199),(941,'HP',47,200),(942,'HP',47,201),(943,'HP',47,202),(944,'HP',47,203),(945,'HP',47,204),(946,'HP',47,205),(947,'HP',47,206),(948,'HP',47,207),(949,'HP',47,208),(950,'HP',47,209),(951,'HP',47,210),(952,'HP',47,211),(953,'Compaq',47,212),(954,'HP',47,213),(955,'Compaq',47,214),(956,'Compaq',47,215),(957,'Compaq',47,216),(958,'Compaq',47,217),(959,'Compaq',47,218),(960,'Compaq',47,219),(961,'Compaq',47,220),(962,'Compaq',47,221),(963,'Compaq',47,222),(964,'Compaq',47,223),(965,'Compaq',47,224),(966,'Compaq',47,225),(967,'Compaq',47,226),(968,'Compaq',47,227),(969,'Compaq',47,228),(970,'HP',47,229),(971,'HP',47,230),(972,'HP',47,231),(973,'HP',47,232),(974,'HP',47,233),(975,'HP',47,234),(976,'HP',47,235),(977,'HP',47,236),(978,'HP',47,237),(979,'HP',47,238),(980,'HP',47,239),(981,'HP',47,240),(982,'HP',47,241),(983,'HP',47,242),(984,'HP',47,243),(985,'HP',47,244),(986,'HP',47,245),(987,'HP',47,246),(988,'HP',47,247),(989,'HP',47,248),(990,'HP',47,249),(991,'HP',47,250),(992,'HP',47,251),(993,'HP',47,252),(994,'HP',47,253),(995,'HP',47,254),(996,'HP',47,255),(997,'HP',47,256),(998,'HP',47,257),(999,'HP',47,258),(1000,'HP',47,259),(1001,'HP',47,260),(1002,'HP',47,261),(1003,'HP',47,262),(1004,'ProLiant ML370 G2',48,192),(1005,'ProLiant DL380 G2',48,193),(1006,'ProLiant DL380',48,194),(1007,'ProLiant DL380 G4',48,195),(1008,'ProLiant ML370 G3',48,196),(1009,'ProLiant DL380 G3 ',48,197),(1010,'ProLiant DL380 G3',48,198),(1011,'ProLiant DL380 G4',48,199),(1012,'ProLiant DL380 G4',48,200),(1013,'ProLiant DL380 G3',48,201),(1014,'ProLiant DL380 G3',48,202),(1015,'ProLiant DL380 G4',48,203),(1016,'ProLiant DL380 G4',48,204),(1017,'ProLiant DL380 G4',48,205),(1018,'ProLiant DL380 G4',48,206),(1019,'',48,207),(1020,'ProLiant BL680c G5',48,208),(1021,'ProLiant BL680c G5',48,209),(1022,'ProLiant BL680c G5',48,210),(1023,'ProLiant DL360',48,211),(1024,'ProLiant DL380',48,212),(1025,'ProLiant DL380',48,213),(1026,'ProLiant DL380 G2',48,214),(1027,'ProLiant DL380 G2',48,215),(1028,'ProLiant DL380 G2',48,216),(1029,'ProLiant DL380 G2',48,217),(1030,'ProLiant DL380 G2',48,218),(1031,'ProLiant DL380 G2',48,219),(1032,'ProLiant DL380 G2',48,220),(1033,'ProLiant DL380 G2',48,221),(1034,'ProLiant DL380 G2',48,222),(1035,'ProLiant DL380 G2',48,223),(1036,'ProLiant DL380 G2',48,224),(1037,'ProLiant DL380 G2',48,225),(1038,'ProLiant DL380 G2',48,226),(1039,'ProLiant DL380 G2',48,227),(1040,'ProLiant DL380 G2',48,228),(1041,'ProLiant DL380 G3',48,229),(1042,'ProLiant DL380 G3',48,230),(1043,'ProLiant DL380 G3',48,231),(1044,'ProLiant DL380 G3',48,232),(1045,'ProLiant DL380 G3',48,233),(1046,'ProLiant DL380 G3',48,234),(1047,'ProLiant DL380 G3',48,235),(1048,'ProLiant DL380 G3',48,236),(1049,'ProLiant DL380 G3',48,237),(1050,'ProLiant DL380 G3',48,238),(1051,'ProLiant DL380 G3',48,239),(1052,'ProLiant DL380 G3',48,240),(1053,'ProLiant DL380 G3',48,241),(1054,'ProLiant DL380 G3',48,242),(1055,'ProLiant DL380 G3',48,243),(1056,'ProLiant DL380 G4',48,244),(1057,'ProLiant DL380 G4',48,245),(1058,'ProLiant DL380 G4',48,246),(1059,'ProLiant DL380 G4',48,247),(1060,'ProLiant DL380 G4',48,248),(1061,'ProLiant DL380 G4',48,249),(1062,'ProLiant DL380 G4',48,250),(1063,'ProLiant DL380 G4',48,251),(1064,'ProLiant DL380 G4',48,252),(1065,'ProLiant DL380 G4',48,253),(1066,'ProLiant DL380 G4',48,254),(1067,'ProLiant DL380 G4',48,255),(1068,'ProLiant DL380 G4',48,256),(1069,'ProLiant DL380 G4',48,257),(1070,'ProLiant DL380 G4',48,258),(1071,'ProLiant DL380 G4',48,259),(1072,'ProLiant DL380 G4',48,260),(1073,'ProLiant DL380 G4',48,261),(1074,'ProLiant DL380 G4',48,262),(1075,'No',49,192),(1076,'No',49,193),(1077,'No',49,194),(1078,'No',49,195),(1079,'No',49,196),(1080,'No',49,197),(1081,'No',49,198),(1082,'No',49,199),(1083,'No',49,200),(1084,'No',49,201),(1085,'No',49,202),(1086,'No',49,203),(1087,'No',49,204),(1088,'No',49,205),(1089,'No',49,206),(1090,'Yes',49,207),(1091,'Yes',49,208),(1092,'Yes',49,209),(1093,'Yes',49,210),(1094,'No',49,211),(1095,'No',49,212),(1096,'No',49,213),(1097,'No',49,214),(1098,'No',49,215),(1099,'No',49,216),(1100,'No',49,217),(1101,'No',49,218),(1102,'No',49,219),(1103,'No',49,220),(1104,'No',49,221),(1105,'No',49,222),(1106,'No',49,223),(1107,'No',49,224),(1108,'No',49,225),(1109,'No',49,226),(1110,'No',49,227),(1111,'No',49,228),(1112,'No',49,229),(1113,'No',49,230),(1114,'No',49,231),(1115,'No',49,232),(1116,'No',49,233),(1117,'No',49,234),(1118,'No',49,235),(1119,'No',49,236),(1120,'No',49,237),(1121,'No',49,238),(1122,'No',49,239),(1123,'No',49,240),(1124,'No',49,241),(1125,'No',49,242),(1126,'No',49,243),(1127,'No',49,244),(1128,'No',49,245),(1129,'No',49,246),(1130,'No',49,247),(1131,'No',49,248),(1132,'No',49,249),(1133,'No',49,250),(1134,'No',49,251),(1135,'No',49,252),(1136,'No',49,253),(1137,'No',49,254),(1138,'No',49,255),(1139,'No',49,256),(1140,'No',49,257),(1141,'No',49,258),(1142,'No',49,259),(1143,'No',49,260),(1144,'No',49,261),(1145,'No',49,262),(1146,'',50,192),(1147,'',50,193),(1148,'',50,194),(1149,'',50,195),(1150,'',50,196),(1151,'',50,197),(1152,'',50,198),(1153,'',50,199),(1154,'2009-10-05',50,200),(1155,'',50,201),(1156,'',50,202),(1157,'',50,203),(1158,'',50,204),(1159,'',50,205),(1160,'',50,206),(1161,'2012-06-25',50,207),(1162,'2012-06-25',50,208),(1163,'2012-06-25',50,209),(1164,'2012-06-25',50,210),(1165,'',50,211),(1166,'',50,212),(1167,'',50,213),(1168,'',50,214),(1169,'',50,215),(1170,'',50,216),(1171,'',50,217),(1172,'',50,218),(1173,'',50,219),(1174,'',50,220),(1175,'',50,221),(1176,'',50,222),(1177,'',50,223),(1178,'',50,224),(1179,'',50,225),(1180,'',50,226),(1181,'',50,227),(1182,'',50,228),(1183,'',50,229),(1184,'',50,230),(1185,'',50,231),(1186,'',50,232),(1187,'',50,233),(1188,'',50,234),(1189,'',50,235),(1190,'',50,236),(1191,'',50,237),(1192,'',50,238),(1193,'',50,239),(1194,'',50,240),(1195,'',50,241),(1196,'',50,242),(1197,'',50,243),(1198,'',50,244),(1199,'',50,245),(1200,'',50,246),(1201,'',50,247),(1202,'',50,248),(1203,'',50,249),(1204,'',50,250),(1205,'',50,251),(1206,'',50,252),(1207,'',50,253),(1208,'',50,254),(1209,'',50,255),(1210,'',50,256),(1211,'',50,257),(1212,'',50,258),(1213,'',50,259),(1214,'',50,260),(1215,'',50,261),(1216,'',50,262),(1217,'D242KF52D408',51,192),(1218,'D209JZG2K157',51,193),(1219,'D028DKN1L385',51,194),(1220,'2UX60702ME',51,195),(1221,'EA10LH7529',51,196),(1222,'EA0CLDN437',51,197),(1223,'EA06LDN437',51,198),(1224,'GB8605X8YL',51,199),(1225,'GB80643VEB',51,200),(1226,'GB8533H1AV',51,201),(1227,'7304KJN20406',51,202),(1228,'GB8533H1AV',51,203),(1229,'GB86132Y0T',51,204),(1230,'GB8605X44K',51,205),(1231,'GB86132Y0X',51,206),(1232,'GB8921S0HM',51,207),(1233,'GB8921S0HM',51,208),(1234,'GB8921S0HM',51,209),(1235,'GB8921S0HM',51,210),(1236,'8J14FXK1C00W',51,211),(1237,'8052FD511047',51,212),(1238,'GB86090E5R',51,213),(1239,'8239JZG23070',51,214),(1240,'8239JZG22961',51,215),(1241,'8239JZG22951',51,216),(1242,'8239JZG22938',51,217),(1243,'7241JZG21508',51,218),(1244,'8239JZG23076',51,219),(1245,'8239JZG23018',51,220),(1246,'8239JZG23015',51,221),(1247,'8239JZG23058',51,222),(1248,'8239JZG23032',51,223),(1249,'8239JZG23023',51,224),(1250,'8239JZG23029',51,225),(1251,'8239JZG23012',51,226),(1252,'8239JZG22960',51,227),(1253,'8239JZG23062',51,228),(1254,'800DLDN82G',51,229),(1255,'80HKLDN31P',51,230),(1256,'EA50LDN32D',51,231),(1257,'H2PELDN10C',51,232),(1258,'H307LDN10006',51,233),(1259,'7250KJN20385',51,234),(1260,'H0JWLDN116',51,235),(1261,'8018LDN324',51,236),(1262,'H0BZLDN71K',51,237),(1263,'806ELDN43D',51,238),(1264,'2580T9VPZ3R8',51,239),(1265,'80ETLDN43D',51,240),(1266,'H0LCLDN31N',51,241),(1267,'GB85013DTV',51,242),(1268,'EABHLDN32H',51,243),(1269,'GB86090MDX',51,244),(1270,'GB86090MF5',51,245),(1271,'GB8646VCD5',51,246),(1272,'GB8627D55S',51,247),(1273,'GB8629DWTH',51,248),(1274,'GB8607YEWJ',51,249),(1275,'GB86154FND',51,250),(1276,'GB86154FN5',51,251),(1277,'GB8607YECR',51,252),(1278,'GB8646VCCD',51,253),(1279,'GB8607YEVC',51,254),(1280,'GB8640P7JP',51,255),(1281,'GB8607YE4B',51,256),(1282,'GB8607YF0Y',51,257),(1283,'GB8646VCC6',51,258),(1284,'GB8607YEMB',51,259),(1285,'GB8545NV47',51,260),(1286,'GB86090MHE',51,261),(1287,'GB86090LVM',51,262),(1288,'RACK',52,192),(1289,'Windows 2000 Server',53,192),(1290,'ca.shire.int',54,192),(1291,'10.24.18.30',55,192),(1292,'Backup Server',56,192),(1293,'Infra',57,192),(1294,'RACK',52,193),(1295,'Windows 2000 Server',53,193),(1296,'ca.shire.int',54,193),(1297,'10.24.18.21',55,193),(1298,'Domain Controller (Legacy)',56,193),(1299,'Infra',57,193),(1300,'RACK',52,194),(1301,'Windows 2000 Server',53,194),(1302,'ca.shire.int',54,194),(1303,'10.24.18.22',55,194),(1304,'Domain Controller (Legacy)',56,194),(1305,'Infra',57,194),(1306,'RACK',52,195),(1307,'Windows Server 2003 Standard Edition',53,195),(1308,'corp.shire.com',54,195),(1309,'10.24.18.240',55,195),(1310,'Domain Controller (CORP)',56,195),(1311,'Infra',57,195),(1312,'RACK',52,196),(1313,'Windows 2000 Advanced Server',53,196),(1314,'ca.shire.int',54,196),(1315,'10.24.18.100',55,196),(1316,'Application',56,196),(1317,'Prd',57,196),(1318,'RACK',52,197),(1319,'Windows 2000 Advanced Server',53,197),(1320,'ca.shire.int',54,197),(1321,'10.24.18.77',55,197),(1322,'File Server Cluster (CORP)',56,197),(1323,'Prd',57,197),(1324,'RACK',52,198),(1325,'Windows 2000 Advanced Server',53,198),(1326,'ca.shire.int',54,198),(1327,'10.24.18.78',55,198),(1328,'File Server Cluster (CORP)',56,198),(1329,'Prd',57,198),(1330,'N/A',52,199),(1331,'Windows Server 2003 Standard Edition',53,199),(1332,'corp.shire.com',54,199),(1333,'10.71.32.11',55,199),(1334,'File Server',56,199),(1335,'Infra',57,199),(1336,'N/A',52,200),(1337,'Windows Storage Server 2003 R2',53,200),(1338,'corp.shire.com',54,200),(1339,'10.59.18.11',55,200),(1340,'File Server',56,200),(1341,'Infra',57,200),(1342,'N/A',52,201),(1343,'Windows NT 4',53,201),(1344,'eu.shire.int',54,201),(1345,'10.66.33.12',55,201),(1346,'File Server',56,201),(1347,'Prd',57,201),(1348,'N/A',52,202),(1349,'Windows 2000 Server',53,202),(1350,'eu.shire.int',54,202),(1351,'10.66.32.13',55,202),(1352,'File Server',56,202),(1353,'Prd',57,202),(1354,'N/A',52,203),(1355,'Windows Server 2003 Standard Edition',53,203),(1356,'corp.shire.com',54,203),(1357,'10.66.32.11',55,203),(1358,'File Server',56,203),(1359,'Infra',57,203),(1360,'N/A',52,204),(1361,'Windows Server 2003 Standard Edition',53,204),(1362,'corp.shire.com',54,204),(1363,'10.69.32.11',55,204),(1364,'File Server',56,204),(1365,'Infra',57,204),(1366,'Room',52,205),(1367,'Windows Server 2003 Standard Edition',53,205),(1368,'corp.shire.com',54,205),(1369,'10.68.32.11',55,205),(1370,'File Server',56,205),(1371,'Infra',57,205),(1372,'Room',52,206),(1373,'Windows Server 2003 Standard Edition',53,206),(1374,'corp.shire.com',54,206),(1375,'10.67.32.11',55,206),(1376,'File Server',56,206),(1377,'Infra',57,206),(1378,'N/A',52,207),(1379,'ESX',53,207),(1380,'ESX',54,207),(1381,'192.168.1.101',55,207),(1382,'ESX Server',56,207),(1383,'Prd',57,207),(1384,'N/A',52,208),(1385,'ESX',53,208),(1386,'ESX',54,208),(1387,'192.168.1.102',55,208),(1388,'ESX Server',56,208),(1389,'Prd',57,208),(1390,'N/A',52,209),(1391,'ESX',53,209),(1392,'ESX',54,209),(1393,'192.168.1.103',55,209),(1394,'ESX Server',56,209),(1395,'Prd',57,209),(1396,'N/A',52,210),(1397,'ESX',53,210),(1398,'ESX',54,210),(1399,'192.168.1.104',55,210),(1400,'ESX Server',56,210),(1401,'Prd',57,210),(1402,'Room',52,211),(1403,'Windows 2000 Server',53,211),(1404,'eu.shire.int',54,211),(1405,'10.111.50.180',55,211),(1406,'Domain Controller (Legacy)',56,211),(1407,'Infra',57,211),(1408,'F/',52,212),(1409,'Windows 2000 Server',53,212),(1410,'net.shire.int',54,212),(1411,'10.110.35.203',55,212),(1412,'Share Point server',56,212),(1413,'Prd',57,212),(1414,'Room',52,213),(1415,'Windows Server 2003 Standard Edition',53,213),(1416,'corp.shire.com',54,213),(1417,'10.111.40.99',55,213),(1418,'Cyclone - SGSS',56,213),(1419,'Prd',57,213),(1420,'Room',52,214),(1421,'Windows 2000 Server',53,214),(1422,'eu.shire.int',54,214),(1423,'10.111.50.180',55,214),(1424,'Antivirus Server',56,214),(1425,'Infra',57,214),(1426,'Room',52,215),(1427,'Windows 2000 Server',53,215),(1428,'corp.shire.com',54,215),(1429,'10.111.40.138',55,215),(1430,'Domain Controller (Legacy)',56,215),(1431,'Infra',57,215),(1432,'Room',52,216),(1433,'Windows 2000 Server',53,216),(1434,'eu.shire.int',54,216),(1435,'10.111.66.102',55,216),(1436,'Domain Controller (Legacy)',56,216),(1437,'Infra',57,216),(1438,'Room',52,217),(1439,'Windows 2000 Server',53,217),(1440,'eu.shire.int',54,217),(1441,'10.111.18.102',55,217),(1442,'Domain Controller (Legacy)',56,217),(1443,'Infra',57,217),(1444,'Room',52,218),(1445,'Windows 2000 Server',53,218),(1446,'net.shire.int',54,218),(1447,'10.111.18.104',55,218),(1448,'Domain Controller (Legacy)',56,218),(1449,'Infra',57,218),(1450,'Room',52,219),(1451,'Windows 2000 Server',53,219),(1452,'corp.shire.com',54,219),(1453,'10.111.40.12',55,219),(1454,'EAS Server (Legacy)',56,219),(1455,'Prd',57,219),(1456,'Room',52,220),(1457,'Windows 2000 Server',53,220),(1458,'eu.shire.int',54,220),(1459,'10.111.34.47',55,220),(1460,'Finance file share',56,220),(1461,'Prd',57,220),(1462,'Room',52,221),(1463,'Windows 2000 Server',53,221),(1464,'eu.shire.int',54,221),(1465,'10.111.50.13',55,221),(1466,'Snowdrop',56,221),(1467,'Prd',57,221),(1468,'Room',52,222),(1469,'Windows Server 2003 Standard Edition',53,222),(1470,'shire.int',54,222),(1471,'10.111.50.205',55,222),(1472,'Networks Monitoring, Syslog',56,222),(1473,'Infra',57,222),(1474,'Room',52,223),(1475,'Windows 2000 Advanced Server',53,223),(1476,'eu.shire.int',54,223),(1477,'10.111.20.46',55,223),(1478,'Print Server',56,223),(1479,'Infra',57,223),(1480,'N/A',52,224),(1481,'Windows 2000 Server',53,224),(1482,'eu.shire.int',54,224),(1483,'10.110.39.83',55,224),(1484,'EAS Server',56,224),(1485,'Prd',57,224),(1486,'F/',52,225),(1487,'Windows 2000 Server',53,225),(1488,'eu.shire.int',54,225),(1489,'10.110.39.118',55,225),(1490,'Snowdrop',56,225),(1491,'Prd',57,225),(1492,'Room',52,226),(1493,'Windows 2000 Server',53,226),(1494,'eu.shire.int',54,226),(1495,'10.110.39.120',55,226),(1496,'Web Server for EAS and TestTrackPro',56,226),(1497,'Prd',57,226),(1498,'Room',52,227),(1499,'Windows Server 2003 Standard Edition',53,227),(1500,'corp.shire.com',54,227),(1501,'10.112.18.64',55,227),(1502,'Blackberry Enterprise Server',56,227),(1503,'Infra',57,227),(1504,'Not Applicable',52,228),(1505,'Windows 2000 Server',53,228),(1506,'eu.shire.int',54,228),(1507,'10.111.50.44',55,228),(1508,'Symantec Ghost',56,228),(1509,'Infra',57,228),(1510,'Row',52,229),(1511,'Windows 2000 Server',53,229),(1512,'corp.shire.com',54,229),(1513,'10.112.18.26',55,229),(1514,'DMZ, Citrix Secure Gateway',56,229),(1515,'Prd',57,229),(1516,'Room',52,230),(1517,'Windows 2000 Server',53,230),(1518,'eu.shire.int',54,230),(1519,'10.111.34.108',55,230),(1520,'Citrix Server',56,230),(1521,'Prd',57,230),(1522,'Room',52,231),(1523,'Windows 2000 Server',53,231),(1524,'eu.shire.int',54,231),(1525,'10.111.66.103',55,231),(1526,'Domain Controller (Legacy)',56,231),(1527,'Infra',57,231),(1528,'Room',52,232),(1529,'Windows 2000 Server',53,232),(1530,'eu.shire.int',54,232),(1531,'10.111.34.48',55,232),(1532,'Barclays Business Manager',56,232),(1533,'Prd',57,232),(1534,'Room',52,233),(1535,'Windows 2000 Server',53,233),(1536,'eu.shire.int',54,233),(1537,'10.111.51.248',55,233),(1538,'Gentran EDI Software',56,233),(1539,'Prd',57,233),(1540,'N/A',52,234),(1541,'Windows 2000 Advanced Server',53,234),(1542,'eu.shire.int',54,234),(1543,'10.111.50.44',55,234),(1544,'RSA Server',56,234),(1545,'Infra',57,234),(1546,'Room',52,235),(1547,'Windows 2000 Server',53,235),(1548,'shire.int',54,235),(1549,'10.111.20.132',55,235),(1550,'Old SMILE',56,235),(1551,'Prd',57,235),(1552,'Room',52,236),(1553,'Windows 2000 Server',53,236),(1554,'corp.shire.com',54,236),(1555,'10.110.55.66',55,236),(1556,'AgendaC',56,236),(1557,'Prd',57,236),(1558,'F/',52,237),(1559,'Windows 2000 Server',53,237),(1560,'corp.shire.com',54,237),(1561,'10.112.50.170',55,237),(1562,'AgendaX',56,237),(1563,'Prd',57,237),(1564,'Room',52,238),(1565,'Windows Server 2003 Standard Edition',53,238),(1566,'corp.shire.com',54,238),(1567,'10.112.50.160',55,238),(1568,'Test Track Pro',56,238),(1569,'Prd',57,238),(1570,'Not Applicable',52,239),(1571,'Windows Server 2003 Standard Edition',53,239),(1572,'corp.shire.com',54,239),(1573,'10.110.52.111',55,239),(1574,'Hyperion Production Server',56,239),(1575,'QA',57,239),(1576,'Not Applicable',52,240),(1577,'Windows Server 2003 Standard Edition',53,240),(1578,'corp.shire.com',54,240),(1579,'10.110.52.112',55,240),(1580,'Hyperion Development Server',56,240),(1581,'QA',57,240),(1582,'Not Applicable',52,241),(1583,'Windows Server 2003 Standard Edition',53,241),(1584,'corp.shire.com',54,241),(1585,'10.110.35.203',55,241),(1586,'Hyperion Production Server',56,241),(1587,'QA',57,241),(1588,'Not Applicable',52,242),(1589,'Windows Server 2003 Standard Edition',53,242),(1590,'corp.shire.com',54,242),(1591,'10.110.39.83',55,242),(1592,'Hyperion Development Server',56,242),(1593,'QA',57,242),(1594,'Not Applicable',52,243),(1595,'Windows Server 2003 Standard Edition',53,243),(1596,'corp.shire.com',54,243),(1597,'10.110.55.161',55,243),(1598,'Hyperion Production Server',56,243),(1599,'QA',57,243),(1600,'Room',52,244),(1601,'Windows Server 2003 Standard Edition',53,244),(1602,'corp.shire.com',54,244),(1603,'10.110.39.210',55,244),(1604,'Domain Controller (CORP)',56,244),(1605,'Infra',57,244),(1606,'F/',52,245),(1607,'Windows Server 2003 Standard Edition',53,245),(1608,'corp.shire.com',54,245),(1609,'10.112.50.169',55,245),(1610,'Domain Controller (CORP)',56,245),(1611,'Infra',57,245),(1612,'Room',52,246),(1613,'Windows Server 2003 Standard Edition',53,246),(1614,'shire.int',54,246),(1615,'192.168.130.20',55,246),(1616,'Backup Server',56,246),(1617,'Dev',57,246),(1618,'Room',52,247),(1619,'Windows Server 2003 Standard Edition',53,247),(1620,'corp.shire.com',54,247),(1621,'10.111.50.77',55,247),(1622,'Cyclone - SGSS',56,247),(1623,'Prd',57,247),(1624,'H/',52,248),(1625,'Windows Server 2003 Standard Edition',53,248),(1626,'corp.shire.com',54,248),(1627,'10.111.40.241',55,248),(1628,'Citrix Server - CTMS',56,248),(1629,'QA',57,248),(1630,'Room',52,249),(1631,'Windows Server 2003 Standard Edition',53,249),(1632,'corp.shire.com',54,249),(1633,'10.111.40.242',55,249),(1634,'Citrix Server - SGSS',56,249),(1635,'Prd',57,249),(1636,'Room',52,250),(1637,'Windows Server 2003 Standard Edition',53,250),(1638,'corp.shire.com',54,250),(1639,'10.111.48.21',55,250),(1640,'Citrix Server - SGSS',56,250),(1641,'Prd',57,250),(1642,'Room',52,251),(1643,'Windows Server 2003 Standard Edition',53,251),(1644,'corp.shire.com',54,251),(1645,'10.111.32.96',55,251),(1646,'Citrix Server - SGSS',56,251),(1647,'Prd',57,251),(1648,'Room',52,252),(1649,'Windows Server 2003 Standard Edition',53,252),(1650,'corp.shire.com',54,252),(1651,'10.111.32.97',55,252),(1652,'Citrix Server - SHREK',56,252),(1653,'Prd',57,252),(1654,'N/A',52,253),(1655,'Windows Server 2003 Standard Edition',53,253),(1656,'shire.int',54,253),(1657,'10.111.68.16',55,253),(1658,'Citrix Server - SHREK',56,253),(1659,'Prd',57,253),(1660,'Room',52,254),(1661,'Windows Server 2003 Standard Edition',53,254),(1662,'corp.shire.com',54,254),(1663,'10.111.18.10',55,254),(1664,'Citrix Server - SHREK',56,254),(1665,'Prd',57,254),(1666,'N/A',52,255),(1667,'Windows Server 2003 Standard Edition',53,255),(1668,'shire.int',54,255),(1669,'10.111.68.17',55,255),(1670,'Citrix Server - SHREK',56,255),(1671,'Dev',57,255),(1672,'Room',52,256),(1673,'Windows Server 2003 Standard Edition',53,256),(1674,'corp.shire.com',54,256),(1675,'10.111.18.11',55,256),(1676,'Citrix Server - SHREK',56,256),(1677,'Prd',57,256),(1678,'Room',52,257),(1679,'Windows Server 2003 Standard Edition',53,257),(1680,'corp.shire.com',54,257),(1681,'10.111.40.98',55,257),(1682,'Citrix Server - SHREK',56,257),(1683,'Prd',57,257),(1684,'N/A',52,258),(1685,'Windows Server 2003 Standard Edition',53,258),(1686,'shire.int',54,258),(1687,'10.111.20.94',55,258),(1688,'Citrix Server - SHREK',56,258),(1689,'Prd',57,258),(1690,'N/A',52,259),(1691,'Windows Server 2003 Standard Edition',53,259),(1692,'shire.int',54,259),(1693,'10.111.20.95',55,259),(1694,'Citrix Server - SHREK',56,259),(1695,'Prd',57,259),(1696,'N/A',52,260),(1697,'Windows Server 2003 Standard Edition',53,260),(1698,'corp.shire.com',54,260),(1699,'10.111.40.49',55,260),(1700,'EAS Server',56,260),(1701,'Infra',57,260),(1702,'Room',52,261),(1703,'Windows Server 2003 Standard Edition',53,261),(1704,'corp.shire.com',54,261),(1705,'10.111.40.240',55,261),(1706,'Domain Controller (CORP)',56,261),(1707,'Infra',57,261),(1708,'Room',52,262),(1709,'Windows Server 2003 Standard Edition',53,262),(1710,'corp.shire.com',54,262),(1711,'10.111.40.241',55,262),(1712,'Domain Controller (CORP)',56,262),(1713,'Infra',57,262),(1714,'Standard SLA',58,192),(1715,'Standard SLA',58,193),(1716,'Standard SLA',58,194),(1717,'Standard SLA',58,195),(1718,'Standard SLA',58,196),(1719,'Superior SLA',58,197),(1720,'Superior SLA',58,198),(1721,'Standard SLA',58,199),(1722,'Standard SLA',58,200),(1723,'Standard SLA',58,201),(1724,'Standard SLA',58,202),(1725,'Standard SLA',58,203),(1726,'Standard SLA',58,204),(1727,'Standard SLA',58,205),(1728,'Standard SLA',58,206),(1729,'Standard SLA',58,207),(1730,'Standard SLA',58,208),(1731,'Standard SLA',58,209),(1732,'Standard SLA',58,210),(1733,'Standard SLA',58,211),(1734,'Standard SLA',58,212),(1735,'Standard SLA',58,213),(1736,'Standard SLA',58,214),(1737,'Standard SLA',58,215),(1738,'Standard SLA',58,216),(1739,'Standard SLA',58,217),(1740,'Standard SLA',58,218),(1741,'Standard SLA',58,219),(1742,'Standard SLA',58,220),(1743,'Standard SLA',58,221),(1744,'Standard SLA',58,222),(1745,'Standard SLA',58,223),(1746,'Standard SLA',58,224),(1747,'Standard SLA',58,225),(1748,'Standard SLA',58,226),(1749,'Standard SLA',58,227),(1750,'Standard SLA',58,228),(1751,'Standard SLA',58,229),(1752,'Standard SLA',58,230),(1753,'Standard SLA',58,231),(1754,'Standard SLA',58,232),(1755,'Standard SLA',58,233),(1756,'Standard SLA',58,234),(1757,'Standard SLA',58,235),(1758,'Standard SLA',58,236),(1759,'Standard SLA',58,237),(1760,'Standard SLA',58,238),(1761,'Standard SLA',58,239),(1762,'Standard SLA',58,240),(1763,'Standard SLA',58,241),(1764,'Standard SLA',58,242),(1765,'Standard SLA',58,243),(1766,'Standard SLA',58,244),(1767,'Standard SLA',58,245),(1768,'Standard SLA',58,246),(1769,'Standard SLA',58,247),(1770,'Standard SLA',58,248),(1771,'Standard SLA',58,249),(1772,'Standard SLA',58,250),(1773,'Standard SLA',58,251),(1774,'Standard SLA',58,252),(1775,'Standard SLA',58,253),(1776,'Standard SLA',58,254),(1777,'Standard SLA',58,255),(1778,'Standard SLA',58,256),(1779,'Standard SLA',58,257),(1780,'Standard SLA',58,258),(1781,'Standard SLA',58,259),(1782,'Standard SLA',58,260),(1783,'Standard SLA',58,261),(1784,'Standard SLA',58,262),(1785,'MySQL-16011',59,263),(1786,'MySQL',60,263),(1787,'CAN, Montreal',61,263),(1788,'',62,263),(1789,'Operational',63,263),(1790,'',64,263),(1791,'Dev',65,263),(1792,'MySQL-16014',59,264),(1793,'MySQL',60,264),(1794,'CAN, Montreal',61,264),(1795,'',62,264),(1796,'Operational',63,264),(1797,'',64,264),(1798,'QS',65,264),(1799,'MySQL-16006',59,265),(1800,'MySQL',60,265),(1801,'CAN, Montreal',61,265),(1802,'',62,265),(1803,'Operational',63,265),(1804,'',64,265),(1805,'QS',65,265),(1806,'MySQL-16016',59,266),(1807,'MySQL',60,266),(1808,'CAN, Montreal',61,266),(1809,'',62,266),(1810,'Operational',63,266),(1811,'',64,266),(1812,'Prod',65,266),(1813,'MySQL-16004',59,267),(1814,'MySQL',60,267),(1815,'CAN, Montreal',61,267),(1816,'',62,267),(1817,'Operational',63,267),(1818,'',64,267),(1819,'Prod',65,267),(1820,'bond_trade_aus',59,268),(1821,'Oracle',60,268),(1822,'EMEA, Madrid',61,268),(1823,'WebServer FLX',62,268),(1824,'Operational',63,268),(1825,'Database Madrid',64,268),(1826,'Prod',65,268),(1827,'PS ORA01',59,269),(1828,'Oracle',60,269),(1829,'EMEA, Madrid',61,269),(1830,'',62,269),(1831,'Operational',63,269),(1832,'EMEA DB',64,269),(1833,'Prod',65,269),(1834,'SAP ORA01',59,270),(1835,'SAP ADS',60,270),(1836,'EMEA, Madrid',61,270),(1837,'',62,270),(1838,'Operational',63,270),(1839,'EMEA DB',64,270),(1840,'',65,270),(1841,'bond_trade_ny',59,271),(1842,'Oracle',60,271),(1843,'EMEA, Firenze',61,271),(1844,'Weekends',62,271),(1845,'Operational',63,271),(1846,'EMEA DB',64,271),(1847,'Prod',65,271),(1848,'bond_trade_uk',59,272),(1849,'Oracle',60,272),(1850,'EMEA, Firenze',61,272),(1851,'WebServer FLX',62,272),(1852,'Operational',63,272),(1853,'',64,272),(1854,'Prod',65,272),(1855,'NY RAC',59,273),(1856,'Oracle',60,273),(1857,'EMEA, Firenze',61,273),(1858,'',62,273),(1859,'Operational',63,273),(1860,'EMEA DB',64,273),(1861,'QS',65,273),(1862,'lawson_db',59,274),(1863,'Oracle',60,274),(1864,'EMEA, Firenze',61,274),(1865,'',62,274),(1866,'Operational',63,274),(1867,'',64,274),(1868,'QS',65,274),(1869,'Oracle 11i',59,275),(1870,'Oracle',60,275),(1871,'EMEA, Firenze',61,275),(1872,'',62,275),(1873,'Operational',63,275),(1874,'',64,275),(1875,'QS',65,275),(1876,'SHAREPOINT server2008',59,276),(1877,'Microsoft SQL Server 2008',60,276),(1878,'UK, Basingstoke',61,276),(1879,'',62,276),(1880,'Operational',63,276),(1881,'',64,276),(1882,'Prod',65,276),(1883,'VIM_SQLEXP server2008',59,277),(1884,'Microsoft SQL Server 2008',60,277),(1885,'UK, Basingstoke',61,277),(1886,'',62,277),(1887,'Operational',63,277),(1888,'',64,277),(1889,'Prod',65,277),(1890,'MySQL Server@linuxvm2',59,278),(1891,'MySQL',60,278),(1892,'EMEA, Dublin',61,278),(1893,'',62,278),(1894,'Operational',63,278),(1895,'',64,278),(1896,'Prod',65,278),(1897,'MySQL Server@linuxvm1',59,279),(1898,'MySQL',60,279),(1899,'EMEA, Dublin',61,279),(1900,'',62,279),(1901,'Operational',63,279),(1902,'',64,279),(1903,'Prod',65,279),(1904,'MySQL Server@sanops01',59,280),(1905,'MySQL',60,280),(1906,'EMEA, Dublin',61,280),(1907,'',62,280),(1908,'Operational',63,280),(1909,'',64,280),(1910,'QS',65,280),(1911,'Customs Brokerage.',66,281),(1912,'System that supports the process of customs Brokerage for both Air and Ocean imports',67,281),(1913,'Freight Forwarding & Customs Brokerage',68,281),(1914,'Africas',69,281),(1915,'In House Custom Application',70,281),(1916,'MF cobol',71,281),(1917,'Customs Tariff Prodat',66,282),(1918,'System that supports the process of updating Imports systems exporting cargo',67,282),(1919,'Freight Forwarding & Customs Brokerage',68,282),(1920,'Africas',69,282),(1921,'In House Custom Application',70,282),(1922,'C#',71,282),(1923,'DDGIP Lite',66,283),(1924,'Customs Brokerage Application used in Brazil',67,283),(1925,'Freight Forwarding & Customs Brokerage',68,283),(1926,'Americas/Brazil',69,283),(1927,'Packaged Software/COTS',70,283),(1928,'',71,283),(1929,'Customs',66,284),(1930,'Historical Customs Application, now for viewing only',67,284),(1931,'Freight Forwarding & Customs Brokerage',68,284),(1932,'Americas/Canada',69,284),(1933,'In House Custom Application',70,284),(1934,'Universe BASIC',71,284),(1935,'uOps',66,285),(1936,'Customs Application within overall uOps FF application',67,285),(1937,'Freight Forwarding & Customs Brokerage',68,285),(1938,'Americas/Canada',69,285),(1939,'Packaged Software/COTS',70,285),(1940,'',71,285),(1941,'Ulrich (uOp2000)',66,286),(1942,'AS/400 FF system for USA that takes care of Freight Forwarding and Customs nad Finance',67,286),(1943,'Freight Forwarding & Customs Brokerage',68,286),(1944,'Americas/US',69,286),(1945,'Packaged Software/COTS',70,286),(1946,'RPGLE',71,286),(1947,'GICHIQ Customs',66,287),(1948,'Local Import / Export Customs Clearance  system',67,287),(1949,'Freight Forwarding & Customs Brokerage',68,287),(1950,'APAC/Taiwan',69,287),(1951,'Packaged Software/COTS',70,287),(1952,'VB',71,287),(1953,'Deliverance',66,288),(1954,'Freight forwarding, Customs and Financial System',67,288),(1955,'Freight Forwarding & Customs Brokerage',68,288),(1956,'APAC/Australia',69,288),(1957,'Packaged Software/COTS',70,288),(1958,'',71,288),(1959,'eDeclare',66,289),(1960,'Customs Declaration System (Northern MY only)',67,289),(1961,'Freight Forwarding & Customs Brokerage',68,289),(1962,'APAC/Malaysia',69,289),(1963,'Packaged Software/COTS',70,289),(1964,'',71,289),(1965,'Rank Alpha',66,290),(1966,'Customs Declaration System 3rd Party Software (Central and Southern MY)',67,290),(1967,'Freight Forwarding & Customs Brokerage',68,290),(1968,'APAC/Malaysia',69,290),(1969,'Packaged Software/COTS',70,290),(1970,'',71,290),(1971,'CARGO',66,291),(1972,'Freight forwarding, Customs and Financial System',67,291),(1973,'Freight Forwarding & Customs Brokerage',68,291),(1974,'APAC/Pakistan',69,291),(1975,'Packaged Software/COTS',70,291),(1976,'',71,291),(1977,'Tradenet',66,292),(1978,'Singapore Customs Declaration System',67,292),(1979,'Freight Forwarding & Customs Brokerage',68,292),(1980,'APAC/Singapore',69,292),(1981,'Packaged Software/COTS',70,292),(1982,'',71,292),(1983,'ECS',66,293),(1984,'Governement Regulated Customs System',67,293),(1985,'Freight Forwarding & Customs Brokerage',68,293),(1986,'APAC/Thailand',69,293),(1987,'Managed Sercvice',70,293),(1988,'',71,293),(1989,'Shipping Express',66,294),(1990,'customs EDI software for Thailand',67,294),(1991,'Freight Forwarding & Customs Brokerage',68,294),(1992,'APAC/Thailand',69,294),(1993,'Managed Sercvice',70,294),(1994,'',71,294),(1995,'ediEnterprise  - AU',66,295),(1996,'Freight forwarding, Customs and Financial System',67,295),(1997,'Freight Forwarding & Customs Brokerage',68,295),(1998,'APAC/Australia',69,295),(1999,'Packaged Software/COTS',70,295),(2000,'',71,295),(2001,'ediEnterprise  - CN',66,296),(2002,'Freight forwarding, Customs and Financial System',67,296),(2003,'Freight Forwarding & Customs Brokerage',68,296),(2004,'APAC/China',69,296),(2005,'Packaged Software/COTS',70,296),(2006,'',71,296),(2007,'ediEnterprise  - IN',66,297),(2008,'Freight forwarding, Customs and Financial System',67,297),(2009,'Freight Forwarding & Customs Brokerage',68,297),(2010,'APAC/India',69,297),(2011,'Packaged Software/COTS',70,297),(2012,'',71,297),(2013,'ediEnterprise  - JP',66,298),(2014,'Freight forwarding, Customs and Financial System',67,298),(2015,'Freight Forwarding & Customs Brokerage',68,298),(2016,'APAC/Japan',69,298),(2017,'Packaged Software/COTS',70,298),(2018,'',71,298),(2019,'ediEnterprise  - KR',66,299),(2020,'Freight forwarding, Customs and Financial System',67,299),(2021,'Freight Forwarding & Customs Brokerage',68,299),(2022,'APAC/Korea',69,299),(2023,'Packaged Software/COTS',70,299),(2024,'',71,299),(2025,'ediEnterprise  - NZ',66,300),(2026,'Freight forwarding, Customs and Financial System',67,300),(2027,'Freight Forwarding & Customs Brokerage',68,300),(2028,'APAC/New Zealand',69,300),(2029,'Packaged Software/COTS',70,300),(2030,'',71,300),(2031,'ediEnterprise  - SG',66,301),(2032,'Freight forwarding, Customs and Financial System',67,301),(2033,'Freight Forwarding & Customs Brokerage',68,301),(2034,'APAC/Singapore',69,301),(2035,'Packaged Software/COTS',70,301),(2036,'',71,301),(2037,'ediEnterprise  - TW',66,302),(2038,'Freight forwarding, Customs and Financial System',67,302),(2039,'Freight Forwarding & Customs Brokerage',68,302),(2040,'APAC/Taiwan',69,302),(2041,'Packaged Software/COTS',70,302),(2042,'',71,302),(2043,'ediEnterprise  - TH',66,303),(2044,'Freight forwarding, Customs and Financial System',67,303),(2045,'Freight Forwarding & Customs Brokerage',68,303),(2046,'APAC/Thailand',69,303),(2047,'Packaged Software/COTS',70,303),(2048,'',71,303),(2049,'Clearingpoint',66,304),(2050,'Customs Documentation Tool for Belgium',67,304),(2051,'Freight Forwarding & Customs Brokerage',68,304),(2052,'EMENA/Belgium',69,304),(2053,'Packaged Software/COTS',70,304),(2054,'',71,304),(2055,'Deltapass / Ademar',66,305),(2056,'This is the central customs package being used in France. ',67,305),(2057,'Freight Forwarding & Customs Brokerage',68,305),(2058,'EMENA/France',69,305),(2059,'Packaged Software/COTS',70,305),(2060,'',71,305),(2061,'BOS EZT',66,306),(2062,'Customs Number Reference Database  ',67,306),(2063,'Freight Forwarding & Customs Brokerage',68,306),(2064,'EMENA/Germany',69,306),(2065,'Packaged Software/COTS',70,306),(2066,'',71,306),(2067,'ProCarS (REIGE)',66,307),(2068,'Comprehensive system for FF in Germany that also manages Customs, Finance, basic WMS',67,307),(2069,'Freight Forwarding & Customs Brokerage',68,307),(2070,'EMENA/Germany',69,307),(2071,'Packaged Software/COTS',70,307),(2072,'',71,307),(2073,'special customs application',66,308),(2074,'bonded warehouse / simpified customs declaration',67,308),(2075,'Freight Forwarding & Customs Brokerage',68,308),(2076,'EMENA/Germany',69,308),(2077,'Packaged Software/COTS',70,308),(2078,'',71,308),(2079,'Famis',66,309),(2080,'Customs & Excise',67,309),(2081,'Freight Forwarding & Customs Brokerage',68,309),(2082,'EMENA/Ireland',69,309),(2083,'Packaged Software/COTS',70,309),(2084,'',71,309),(2085,'SP Informatica',66,310),(2086,'This is a Freight Forwarding application handling Air, Ocean and Road Freight for import and export.',67,310),(2087,'Freight Forwarding & Customs Brokerage',68,310),(2088,'EMENA/Italy',69,310),(2089,'In House Custom Application',70,310),(2090,'RPG',71,310),(2091,'Cargonaut Dou-it',66,311),(2092,'Creation and transmittal to customs of electronic customs documents',67,311),(2093,'Freight Forwarding & Customs Brokerage',68,311),(2094,'EMENA/Netherlands',69,311),(2095,'Packaged Software/COTS',70,311),(2096,'',71,311),(2097,'WinSklad',66,312),(2098,'Used for preparing Customs documentation for the goods.',67,312),(2099,'Freight Forwarding & Customs Brokerage',68,312),(2100,'EMENA/Poland',69,312),(2101,'Packaged Software/COTS',70,312),(2102,'',71,312),(2103,'ADUNET',66,313),(2104,'With some specific types of interactions with customs, ADUNET is faster and so ADUNET I sused. ',67,313),(2105,'Freight Forwarding & Customs Brokerage',68,313),(2106,'EMENA/Spain',69,313),(2107,'In House Custom Application',70,313),(2108,'.Net',71,313),(2109,'Logisto',66,314),(2110,'Tranist of goods between members of the community. Intrastat for any shipments within Europe.',67,314),(2111,'Freight Forwarding & Customs Brokerage',68,314),(2112,'EMENA/Spain',69,314),(2113,'Packaged Software/COTS',70,314),(2114,'',71,314),(2115,'Cis Tull',66,315),(2116,'Customs Brokerage Application   ',67,315),(2117,'Freight Forwarding & Customs Brokerage',68,315),(2118,'EMENA/Sweden',69,315),(2119,'Managed Sercvice',70,315),(2120,'',71,315),(2121,'eDec',66,316),(2122,'customs',67,316),(2123,'Freight Forwarding & Customs Brokerage',68,316),(2124,'EMENA/Switzerland',69,316),(2125,'Managed Sercvice',70,316),(2126,'',71,316),(2127,'ULUKOM GUMRUK OZET BEYAN PROGRAMI',66,317),(2128,'Customs Brokerage',67,317),(2129,'Freight Forwarding & Customs Brokerage',68,317),(2130,'EMENA/Turkey',69,317),(2131,'Packaged Software/COTS',70,317),(2132,'',71,317),(2133,'Visual',66,318),(2134,'Interface with HMS Customs & Exercise to generate the required Documentation',67,318),(2135,'Freight Forwarding & Customs Brokerage',68,318),(2136,'EMENA/UK',69,318),(2137,'Packaged Software/COTS',70,318),(2138,'',71,318),(2139,'Solaris DHS',66,319),(2140,'Customs application used for Austria for the FF operations there.',67,319),(2141,'Freight Forwarding & Customs Brokerage',68,319),(2142,'EMENA/Austria',69,319),(2143,'Packaged Software/COTS',70,319),(2144,'',71,319),(2145,'Helios IQ',66,320),(2146,'This application is being used for the Freight Forwarding in the Czech republic.',67,320),(2147,'Freight Forwarding & Customs Brokerage',68,320),(2148,'EMENA/Czech Republic',69,320),(2149,'Packaged Software/COTS',70,320),(2150,'',71,320),(2151,'Celina',66,321),(2152,'This is a client application for the ministry of finance.  It is connected with customs clearances through which we send financial information about cleared goods',67,321),(2153,'Freight Forwarding & Customs Brokerage',68,321),(2154,'EMENA/Poland',69,321),(2155,'Managed Sercvice',70,321),(2156,'',71,321),(2157,'IDS',66,322),(2158,'Used for preparing Customs documentation for the goods.',67,322),(2159,'Freight Forwarding & Customs Brokerage',68,322),(2160,'EMENA/Poland',69,322),(2161,'Packaged Software/COTS',70,322),(2162,'',71,322),(2163,'Intrastat',66,323),(2164,'Used for preparing EU Statistics Information for  goods. ',67,323),(2165,'Freight Forwarding & Customs Brokerage',68,323),(2166,'EMENA/Poland',69,323),(2167,'Packaged Software/COTS',70,323),(2168,'',71,323),(2169,'Isztar (Taric)',66,324),(2170,'Web Access to Customs Tariff. ',67,324),(2171,'Freight Forwarding & Customs Brokerage',68,324),(2172,'EMENA/Poland',69,324),(2173,'Managed Sercvice',70,324),(2174,'',71,324),(2175,'Sklad Celny IDS',66,325),(2176,'Used for preparing Customs documentation for the goods. ',67,325),(2177,'Freight Forwarding & Customs Brokerage',68,325),(2178,'EMENA/Poland',69,325),(2179,'Packaged Software/COTS',70,325),(2180,'',71,325),(2181,'WinSAD',66,326),(2182,'Used for preparing Customs documentation for the goods. ',67,326),(2183,'Freight Forwarding & Customs Brokerage',68,326),(2184,'EMENA/Poland',69,326),(2185,'Packaged Software/COTS',70,326),(2186,'',71,326),(2187,'CEIL',66,327),(2188,'CIEL is the forwarding component of the eSys implementation across 23 EMENA countries.',67,327),(2189,'Freight Forwarding & Customs Brokerage',68,327),(2190,'EMENA/RIT',69,327),(2191,'Packaged Software/COTS',70,327),(2192,'',71,327),(2335,'sh04bkp01 :: MySQL-16016',74,399),(2336,'',75,399),(2337,'sh04dc01 :: MySQL-16004',74,400),(2338,'',75,400),(2339,'sh04dc02 :: bond_trade_aus',74,401),(2340,'',75,401),(2341,'shmladc01 :: PS ORA01',74,402),(2342,'',75,402),(2343,'shmlapp02 :: MySQL-16016',74,403),(2344,'',75,403),(2345,'shmofil01a :: MySQL-16004',74,404),(2346,'',75,404),(2347,'shmofil01b :: bond_trade_aus',74,405),(2348,'',75,405),(2349,'shdanas01 :: PS ORA01',74,406),(2350,'',75,406),(2351,'shdunas01 :: bond_trade_ny',74,407),(2352,'',75,407),(2353,'sh06srv2 :: bond_trade_uk',74,408),(2354,'',75,408),(2355,'sh06srv3 :: SHAREPOINT',74,409),(2356,'',75,409),(2357,'shfinas01 :: VIM_SQLEXP',74,410),(2358,'',75,410),(2359,'shklnas01 :: MySQL Server@linuxvm2',74,411),(2360,'',75,411),(2361,'shmanas01 :: MySQL Server@linuxvm1',74,412),(2362,'',75,412),(2363,'shpanas01 :: bond_trade_ny',74,413),(2364,'',75,413),(2365,'sy30esx02a :: MySQL Server@linuxvm1',74,414),(2366,'',75,414),(2367,'sy30esx02b :: MySQL Server@linuxvm2',74,415),(2368,'',75,415),(2369,'sy30esx02c :: SHAREPOINT',74,416),(2370,'',75,416),(2371,'sy30esx02d :: MySQL Server@linuxvm1',74,417),(2372,'',75,417),(2373,'sh01dc06 :: bond_trade_ny',74,418),(2374,'',75,418),(2375,'sh01sp02 :: bond_trade_uk',74,419),(2376,'',75,419),(2377,'shbacyc01 :: PS ORA01',74,420),(2378,'',75,420),(2379,'sh01av01 :: SHAREPOINT',74,421),(2380,'',75,421),(2381,'sh01dc00 :: VIM_SQLEXP',74,422),(2382,'',75,422),(2383,'sh01dc03 :: MySQL Server@linuxvm2',74,423),(2384,'',75,423),(2385,'sh01dc04 :: MySQL Server@linuxvm1',74,424),(2386,'',75,424),(2387,'sh01dc05 :: MySQL-16016',74,425),(2388,'',75,425),(2389,'sh01easuk :: MySQL-16004',74,426),(2390,'',75,426),(2391,'sh01fin02 :: bond_trade_aus',74,427),(2392,'',75,427),(2393,'sh01hr01 :: PS ORA01',74,428),(2394,'',75,428),(2395,'sh01mon02 :: bond_trade_ny',74,429),(2396,'',75,429),(2397,'sh01psb :: bond_trade_ny',74,430),(2398,'',75,430),(2399,'sh01sta01 :: SHAREPOINT',74,431),(2400,'',75,431),(2401,'sh01web01 :: VIM_SQLEXP',74,432),(2402,'',75,432),(2403,'sh01web02-old :: MySQL Server',74,433),(2404,'',75,433),(2405,'shbabbs01 :: MySQL Server',74,434),(2406,'',75,434),(2407,'shbaghost01 :: MySQL-16016',74,435),(2408,'',75,435),(2409,'sh01csg01 :: MySQL-16004',74,436),(2410,'',75,436),(2411,'sh01ctx08 :: bond_trade_aus',74,437),(2412,'',75,437),(2413,'sh01dc08 :: PS ORA01',74,438),(2414,'',75,438),(2415,'sh01fin03 :: bond_trade_ny',74,439),(2416,'',75,439),(2417,'sh01gen01 :: bond_trade_ny',74,440),(2418,'',75,440),(2419,'sh01rsa01 :: SHAREPOINT',74,441),(2420,'',75,441),(2421,'sh01sieb02 :: VIM_SQLEXP',74,442),(2422,'',75,442),(2423,'sh01wim01 :: MySQL Server@linuxvm2',74,443),(2424,'',75,443),(2425,'shbaapp01 :: MySQL Server@linuxvm1',74,444),(2426,'',75,444),(2427,'shbaapp02 :: MySQL Server@linuxvm2',74,445),(2428,'',75,445),(2429,'shbahyp01q :: MySQL-16014',74,446),(2430,'',75,446),(2431,'shbahyp01t :: MySQL-16006',74,447),(2432,'',75,447),(2433,'shbahyp02q :: NY RAC',74,448),(2434,'',75,448),(2435,'shbahyp02t :: lawson_db',74,449),(2436,'',75,449),(2437,'shbahyp03q :: lawson_db',74,450),(2438,'',75,450),(2439,'shbaadc02 :: MySQL Server@sanops01',74,451),(2440,'',75,451),(2441,'shbaadc03 :: MySQL-16016',74,452),(2442,'',75,452),(2443,'shbaamt01-d :: MySQL-16004',74,453),(2444,'',75,453),(2445,'shbacsl01 :: bond_trade_aus',74,454),(2446,'',75,454),(2447,'shbactt01-t :: PS ORA01',74,455),(2448,'',75,455),(2449,'shbactx80 :: bond_trade_ny',74,456),(2450,'',75,456),(2451,'shbactx81 :: bond_trade_ny',74,457),(2452,'',75,457),(2453,'shbactx82 :: SHAREPOINT',74,458),(2454,'',75,458),(2455,'shbactx90 :: VIM_SQLEXP',74,459),(2456,'',75,459),(2457,'shbactx90-v :: MySQL Server@linuxvm2',74,460),(2458,'',75,460),(2459,'shbactx91 :: MySQL Server@linuxvm1',74,461),(2460,'',75,461),(2461,'shbactx91-d :: MySQL-16011',74,462),(2462,'',75,462),(2463,'shbactx92 :: MySQL-16004',74,463),(2464,'',75,463),(2465,'shbactx93 :: bond_trade_aus',74,464),(2466,'',75,464),(2467,'shbactx94 :: MySQL Server@linuxvm1',74,465),(2468,'',75,465),(2469,'shbactx95 :: MySQL Server@linuxvm2',74,466),(2470,'',75,466),(2471,'shbaeas01 :: MySQL-16016',74,467),(2472,'',75,467),(2473,'shbaedc01 :: MySQL-16004',74,468),(2474,'',75,468),(2475,'shbaedc02 :: bond_trade_aus',74,469),(2476,'',75,469),(2569,'Vendor Tick List',66,470),(2570,'Keeps track of daily payments to vendors. Cleared at month end',67,470),(2571,'',68,470),(2572,'APAC',69,470),(2573,'Managed Sercvice',70,470),(2574,'JAVA',71,470),(2575,'C8 BI Platform',66,471),(2576,'Report Studio, Query studio, Analysis studio, Framework manager, Event studio, Cognos Connection',67,471),(2577,'Cognos',68,471),(2578,'AMERICAS',69,471),(2579,'Packaged Software/COTS',70,471),(2580,'Universe BASIC',71,471),(2581,'Cognos Contributor',66,472),(2582,'Cognos Contributor',67,472),(2583,' Budgeting and reporting tool',68,472),(2584,'IMEA',69,472),(2585,'Packaged Software/COTS',70,472),(2586,'ASP',71,472),(2587,'C9 BI Platform',66,473),(2588,'Report Studio, Data manager, Analysis studio, Framework manager, Cognos Connection',67,473),(2589,'Cognos',68,473),(2590,'APAC',69,473),(2591,'In House Custom Application',70,473),(2592,'DOTNET',71,473),(2593,'Crystal Report 9',66,474),(2594,'Reporting',67,474),(2595,'',68,474),(2596,'AMERICAS',69,474),(2597,'Managed Sercvice',70,474),(2598,'C#',71,474),(2599,'Xcelsius',66,475),(2600,'Xcelsius is the tool that builds Web Metrics presentations for our business managers and customers. Xcelsius is a package from Business Objects',67,475),(2601,'',68,475),(2602,'IMEA',69,475),(2603,'Packaged Software/COTS',70,475),(2604,'JAVA',71,475),(2605,'Productivity & Workflow Tools',66,476),(2606,'Reporting application - Picks data from uBase and Ulrich, populates temporary tables in Access DB and help generate specific reports. In flight projects attached ',67,476),(2607,'',68,476),(2608,'APAC',69,476),(2609,'Packaged Software/COTS',70,476),(2610,'Universe BASIC',71,476),(2611,'Crystal Reports',66,477),(2612,'Reporting',67,477),(2613,'',68,477),(2614,'AMERICAS',69,477),(2615,'In House Custom Application',70,477),(2616,'ASP',71,477),(2617,'Diver',66,478),(2618,'Dimensional Insight is vendor.  (www.DIMins.com) Diver is an OLAP analysis tool.  It allows ODBC links into any data base and presents graphic and spreadsheets.',67,478),(2619,'',68,478),(2620,'IMEA',69,478),(2621,'Managed Sercvice',70,478),(2622,'DOTNET',71,478),(2623,'Contimap',66,479),(2624,'Performs geogrpahic analysis of the distribution - show the % of material that has travelled to different provinces and regions in Spain for Continental in Spain',67,479),(2625,'',68,479),(2626,'APAC',69,479),(2627,'Packaged Software/COTS',70,479),(2628,'C#',71,479),(2629,'Contipmap',66,480),(2630,'Performs geogrpahic analysis of the distribution - show the % of material that has travelled to different provinces and regions in Spain for Continental for Portugal',67,480),(2631,'',68,480),(2632,'AMERICAS',69,480),(2633,'Packaged Software/COTS',70,480),(2634,'JAVA',71,480),(2635,'Cooper',66,481),(2636,'This application is used by Uti users and client to verify the KPI values for entries, outbound and distribution on a daily basis. ',67,481),(2637,'',68,481),(2638,'IMEA',69,481),(2639,'In House Custom Application',70,481),(2640,'Universe BASIC',71,481),(2641,'Generalmotors',66,482),(2642,'User can view reports of General Motors such as Inbound Trucks report, non-conformance report, service provider perf. Report, inland carrier performance report, date time difference report, Coli report, Detail report',67,482),(2643,'',68,482),(2644,'APAC',69,482),(2645,'Managed Sercvice',70,482),(2646,'ASP',71,482),(2647,'goiba',66,483),(2648,'Reporting, Document Printing (packing lists Ã¢â‚¬Â¦), Tracking for Faurecia',67,483),(2649,'',68,483),(2650,'AMERICAS',69,483),(2651,'Packaged Software/COTS',70,483),(2652,'DOTNET',71,483),(2653,'Ihle',66,484),(2654,'This application is used by Uti users and client to verify the KPI values for entries, outbound and distribution on a daily basis. ',67,484),(2655,'',68,484),(2656,'IMEA',69,484),(2657,'Packaged Software/COTS',70,484),(2658,'C#',71,484),(2659,'JcbInven',66,485),(2660,'Application that shows the stock of JCB client in Uti storage. The user enters the refernce of the order to query stock in the database (oracle)',67,485),(2661,'',68,485),(2662,'APAC',69,485),(2663,'In House Custom Application',70,485),(2664,'JAVA',71,485),(2665,'JcbReports',66,486),(2666,'User can view reports of JCB such as availability of material, warehouse efficiency, Putaway age report',67,486),(2667,'',68,486),(2668,'AMERICAS',69,486),(2669,'Managed Sercvice',70,486),(2670,'Universe BASIC',71,486),(2671,'Spic',66,487),(2672,'This application is used by Uti users and client to verify the KPI values for entries, outbound and distribution on a daily basis. ',67,487),(2673,'',68,487),(2674,'IMEA',69,487),(2675,'Packaged Software/COTS',70,487),(2676,'ASP',71,487),(2677,'Hyperion',66,488),(2678,'Hyperion',67,488),(2679,'',68,488),(2680,'AMERICAS',69,488),(2681,'In House Custom Application',70,488),(2682,'C#',71,488),(2683,'Transit Time Targets',66,489),(2684,'Current Excel sheets based on a fixed format that gets loaded into the Data warehouse',67,489),(2685,'',68,489),(2686,'IMEA',69,489),(2687,'Managed Sercvice',70,489),(2688,'JAVA',71,489),(2689,'Andlor',66,490),(2690,'WMS used for Public Warehousing. ',67,490),(2691,'Contract Logistics',68,490),(2692,'APAC',69,490),(2693,'Packaged Software/COTS',70,490),(2694,'Universe BASIC',71,490),(2695,'Axapta Financial system',66,491),(2696,'Financials',67,491),(2697,'Transportation & Distribution',68,491),(2698,'AMERICAS',69,491),(2699,'Packaged Software/COTS',70,491),(2700,'ASP',71,491),(2701,'Billing',66,492),(2702,'Billing application',67,492),(2703,'Transportation & Distribution',68,492),(2704,'IMEA',69,492),(2705,'In House Custom Application',70,492),(2706,'DOTNET',71,492),(2707,'CargoMate',66,493),(2708,'old operational system for FF and customs brokerage',67,493),(2709,'Freight Forwarding',68,493),(2710,'APAC',69,493),(2711,'Managed Sercvice',70,493),(2712,'C#',71,493),(2713,'CEIL US',66,494),(2714,'CIEL is the forwarding component of the eSys implementation across 23 EMENA countries.  The other component is SOFT M that provides the ledger-based financial functions',67,494),(2715,'Freight Forwarding',68,494),(2716,'AMERICAS',69,494),(2717,'Packaged Software/COTS',70,494),(2718,'JAVA',71,494),(2719,'Client Invoicing Data',66,495),(2720,'Current Excel sheets based on a fixed format that gets loaded into the Data warehouse',67,495),(2721,'Enterprise Application',68,495),(2722,'IMEA',69,495),(2723,'Packaged Software/COTS',70,495),(2724,'Universe BASIC',71,495),(2725,'crec.go2uti.es',66,496),(2726,'Generate txt files to manage checks',67,496),(2727,'Freight Forwarding',68,496),(2728,'APAC',69,496),(2729,'In House Custom Application',70,496),(2730,'ASP',71,496),(2731,'Deliverance US',66,497),(2732,'Freight forwarding, Customs and Financial System',67,497),(2733,'Freight Forwarding',68,497),(2734,'AMERICAS',69,497),(2735,'Managed Sercvice',70,497),(2736,'DOTNET',71,497),(2737,'Delta 1',66,498),(2738,'Financials',67,498),(2739,'Specialized Service',68,498),(2740,'IMEA',69,498),(2741,'Packaged Software/COTS',70,498),(2742,'C#',71,498),(2743,'EnterpriseEdi- AU',66,499),(2744,'Freight forwarding, Customs and Financial System',67,499),(2745,'Freight Forwarding',68,499),(2746,'APAC',69,499),(2747,'Packaged Software/COTS',70,499),(2748,'JAVA',71,499),(2749,'EnterpriseEdi - CN',66,500),(2750,'Freight forwarding, Customs and Financial System',67,500),(2751,'Freight Forwarding',68,500),(2752,'AMERICAS',69,500),(2753,'In House Custom Application',70,500),(2754,'Universe BASIC',71,500),(2755,'EnterpriseEdi - IN',66,501),(2756,'Freight forwarding, Customs and Financial System',67,501),(2757,'Freight Forwarding',68,501),(2758,'IMEA',69,501),(2759,'Managed Sercvice',70,501),(2760,'ASP',71,501),(2761,'EnterpriseEdi - JP',66,502),(2762,'Freight forwarding, Customs and Financial System',67,502),(2763,'Freight Forwarding',68,502),(2764,'APAC',69,502),(2765,'Packaged Software/COTS',70,502),(2766,'DOTNET',71,502),(2767,'EnterpriseEdi - KR',66,503),(2768,'Freight forwarding, Customs and Financial System',67,503),(2769,'Freight Forwarding',68,503),(2770,'AMERICAS',69,503),(2771,'Packaged Software/COTS',70,503),(2772,'C#',71,503),(2773,'EnterpriseEdi2 - NZ',66,504),(2774,'Freight forwarding, Customs and Financial System',67,504),(2775,'Freight Forwarding',68,504),(2776,'IMEA',69,504),(2777,'In House Custom Application',70,504),(2778,'JAVA',71,504),(2779,'EnterpriseEdi - SG',66,505),(2780,'Freight forwarding, Customs and Financial System',67,505),(2781,'Freight Forwarding',68,505),(2782,'APAC',69,505),(2783,'Managed Sercvice',70,505),(2784,'Universe BASIC',71,505),(2785,'EnterpriseEdi - TH',66,506),(2786,'Freight forwarding, Customs and Financial System',67,506),(2787,'Freight Forwarding',68,506),(2788,'AMERICAS',69,506),(2789,'Packaged Software/COTS',70,506),(2790,'ASP',71,506),(2791,'EnterpriseEdi - TW',66,507),(2792,'Freight forwarding, Customs and Financial System',67,507),(2793,'Freight Forwarding',68,507),(2794,'IMEA',69,507),(2795,'Packaged Software/COTS',70,507),(2796,'DOTNET',71,507),(2797,'Facturacionautomatica',66,508),(2798,'Is for generating invoices automatically for the clients.',67,508),(2799,'Contract Logistics',68,508),(2800,'APAC',69,508),(2801,'In House Custom Application',70,508),(2802,'C#',71,508),(2803,'Finanzas',66,509),(2804,'P&L application. Source of data is SoftM. ',67,509),(2805,'Contract Logistics',68,509),(2806,'AMERICAS',69,509),(2807,'Managed Sercvice',70,509),(2808,'JAVA',71,509),(2809,'Freight Payment Middleware',66,510),(2810,'Freight Payment Middleware',67,510),(2811,'Transportation & Distribution',68,510),(2812,'IMEA',69,510),(2813,'Packaged Software/COTS',70,510),(2814,'Universe BASIC',71,510),(2815,'Helios IQ APAC',66,511),(2816,'WMS for PRG,PLN,POC WHs, incl. EDI, Barcodes Scanners sys. etc.',67,511),(2817,'Customs Brokerage',68,511),(2818,'APAC',69,511),(2819,'Packaged Software/COTS',70,511),(2820,'ASP',71,511),(2821,'Innovating Computing Corporation',66,512),(2822,'ICC TMS - RPG III & IV -AS/400 hosts TMS is highly customized flavor of ICC.  Intermodal is a custom front-end. ICC supports two Versions back.',67,512),(2823,'Transportation & Distribution',68,512),(2824,'AMERICAS',69,512),(2825,'In House Custom Application',70,512),(2826,'DOTNET',71,512),(2827,'Lawson',66,513),(2828,'Highly integrated Finance and HR ERP applications - Windows and HP-UX.  Supports GL, AP, AR, Payroll, HR, Lease Management, Activity Billing',67,513),(2829,'Contract Logistics',68,513),(2830,'IMEA',69,513),(2831,'Managed Sercvice',70,513),(2832,'C#',71,513),(2833,'Logisto 2.0',66,514),(2834,'FF System with Transportation Capability',67,514),(2835,'Freight Forwarding',68,514),(2836,'APAC',69,514),(2837,'Packaged Software/COTS',70,514),(2838,'JAVA',71,514),(2839,'Navision',66,515),(2840,'Financial and Invoicing Package - Non shipment jobs, quotations,buying and selling rates, ports, cities, routes, also catered for here. ',67,515),(2841,'Freight Forwarding',68,515),(2842,'AMERICAS',69,515),(2843,'Packaged Software/COTS',70,515),(2844,'Universe BASIC',71,515),(2845,'Pastel',66,516),(2846,'Financial package',67,516),(2847,'Contract Logistics',68,516),(2848,'IMEA',69,516),(2849,'In House Custom Application',70,516),(2850,'ASP',71,516),(2851,'Pilot System',66,517),(2852,'Local financial System ',67,517),(2853,'Contract Logistics',68,517),(2854,'APAC',69,517),(2855,'Managed Sercvice',70,517),(2856,'DOTNET',71,517),(2857,'ProCarS 2.0',66,518),(2858,'Comprehensive system for FF in Germany that also manages Customs, Finance, basic WMS',67,518),(2859,'Customs Brokerage',68,518),(2860,'AMERICAS',69,518),(2861,'Packaged Software/COTS',70,518),(2862,'C#',71,518),(2863,'Sammons TMS',66,519),(2864,'The TMS application is a core Operations system and has functions such as Load Entry, Truck Maintenance, OD Permits and Financials.',67,519),(2865,'Transportation & Distribution',68,519),(2866,'IMEA',69,519),(2867,'Packaged Software/COTS',70,519),(2868,'JAVA',71,519),(2869,'SEFA',66,520),(2870,'This is the existing invoicing system. Uti staff enters the client, month and cost into the system manually and the system then generates invoices',67,520),(2871,'Contract Logistics',68,520),(2872,'APAC',69,520),(2873,'In House Custom Application',70,520),(2874,'Universe BASIC',71,520),(2875,'Simply Accounting',66,521),(2876,'Simply Accounting',67,521),(2877,'Contract Logistics',68,521),(2878,'AMERICAS',69,521),(2879,'Managed Sercvice',70,521),(2880,'ASP',71,521),(2881,'SOFT TRANS',66,522),(2882,'SOFTTRANS logistics and transportation operations management applications constitute an integrated software solution related to all stages of transportation operation.',67,522),(2883,'Transportation & Distribution',68,522),(2884,'IMEA',69,522),(2885,'Packaged Software/COTS',70,522),(2886,'DOTNET',71,522),(2887,'SP Informatica 2.0',66,523),(2888,'This is a Freight Forwarding application handling Air, Ocean and Road Freight for import and export.  It also includes an integrated finance module.  ',67,523),(2889,'Freight Forwarding',68,523),(2890,'APAC',69,523),(2891,'Packaged Software/COTS',70,523),(2892,'C#',71,523),(2893,'Tariff Maintenance',66,524),(2894,'Allows users to maintain the individual tariffs for specific accounts',67,524),(2895,'Transportation & Distribution',68,524),(2896,'AMERICAS',69,524),(2897,'In House Custom Application',70,524),(2898,'JAVA',71,524),(2899,'Ulrich 2.0',66,525),(2900,'AS/400 FF system for USA that takes care of Freight Forwarding and Customs nad Finance',67,525),(2901,'Freight Forwarding',68,525),(2902,'IMEA',69,525),(2903,'Managed Sercvice',70,525),(2904,'Universe BASIC',71,525),(2905,'Visual Freighttrak',66,526),(2906,'Java server, client, SSL communication from client to server via Internet.  Transportation Management Solution.',67,526),(2907,'Transportation & Distribution',68,526),(2908,'APAC',69,526),(2909,'Packaged Software/COTS',70,526),(2910,'ASP',71,526),(2911,'Webshop',66,527),(2912,'System that enables clients to view Invoices, Credit notes and Statements generated by Navision through eMpower. ',67,527),(2913,'Freight Forwarding',68,527),(2914,'AMERICAS',69,527),(2915,'Packaged Software/COTS',70,527),(2916,'DOTNET',71,527),(2917,'wm4000',66,528),(2918,'WM4000 is a world class WMS application that controls product from receipt to shipping. ',67,528),(2919,'Contract Logistics',68,528),(2920,'IMEA',69,528),(2921,'In House Custom Application',70,528),(2922,'C#',71,528),(2923,'wm5000',66,529),(2924,'Warehouse Management System for dedicated warehousing',67,529),(2925,'Contract Logistics',68,529),(2926,'APAC',69,529),(2927,'Managed Sercvice',70,529),(2928,'JAVA',71,529),(2929,'wm6000',66,530),(2930,'Warehouse Management System',67,530),(2931,'Contract Logistics',68,530),(2932,'AMERICAS',69,530),(2933,'Packaged Software/COTS',70,530),(2934,'Universe BASIC',71,530),(2935,'wm7000',66,531),(2936,'Comprehensive WMS System used in several locations with two instances (one for GM and one for other clients)',67,531),(2937,'Contract Logistics',68,531),(2938,'IMEA',69,531),(2939,'Packaged Software/COTS',70,531),(2940,'ASP',71,531),(2941,'Customer Implementation',66,532),(2942,'System for storing Client information. ',67,532),(2943,'Freight Forwarding',68,532),(2944,'APAC',69,532),(2945,'In House Custom Application',70,532),(2946,'DOTNET',71,532),(2947,'Customer Information Center',66,533),(2948,'CIC is used for running national call center. ',67,533),(2949,'Specialized Service',68,533),(2950,'AMERICAS',69,533),(2951,'Managed Sercvice',70,533),(2952,'C#',71,533),(2953,'SalesMax',66,534),(2954,'Web based app allowing entry/sharing of client information, visits, pipeline etc',67,534),(2955,'Freight Forwarding',68,534),(2956,'IMEA',69,534),(2957,'Packaged Software/COTS',70,534),(2958,'JAVA',71,534),(2959,'Databox 5.0',66,535),(2960,'This is a CRM application from the local czech vendor.  There is an absence of a crm module from the global systems.  This application is used for the records of the sales activities like negotiations, business trips etc.',67,535),(2961,'Freight Forwarding',68,535),(2962,'APAC',69,535),(2963,'Packaged Software/COTS',70,535),(2964,'Universe BASIC',71,535),(2965,'MAXIMIZER',66,536),(2966,'CRM Application, manages contacts prospects, and clients of the company',67,536),(2967,'Freight Forwarding',68,536),(2968,'AMERICAS',69,536),(2969,'In House Custom Application',70,536),(2970,'ASP',71,536),(2971,'uSell',66,537),(2972,'Salestool for German Sales / CRM used also in Switzerland / Hungary / Austria / Czech republic / Slovakia',67,537),(2973,'Freight Forwarding',68,537),(2974,'IMEA',69,537),(2975,'Managed Sercvice',70,537),(2976,'DOTNET',71,537),(2977,'PACO',66,538),(2978,'Sales Management Application',67,538),(2979,'Freight Forwarding',68,538),(2980,'APAC',69,538),(2981,'Packaged Software/COTS',70,538),(2982,'C#',71,538),(2983,'FOCSLE',66,539),(2984,'Sales Pipeline',67,539),(2985,'Enterprise Application',68,539),(2986,'AMERICAS',69,539),(2987,'Packaged Software/COTS',70,539),(2988,'JAVA',71,539),(2989,'Open Accounts',66,540),(2990,'OA enables IHD to fulfill Accounts Receivable function on behalf of the IHD clients. ',67,540),(2991,'Specialized Service',68,540),(2992,'IMEA',69,540),(2993,'In House Custom Application',70,540),(2994,'Universe BASIC',71,540),(2995,'CEIL APAC',66,541),(2996,'CIEL is the forwarding component of the eSys implementation across 23 EMENA countries.  The other component is SOFT M that provides the ledger-based financial functions',67,541),(2997,'Freight Forwarding',68,541),(2998,'APAC',69,541),(2999,'Managed Sercvice',70,541),(3000,'ASP',71,541),(3001,'FF-ProCarS (US)',66,542),(3002,'Comprehensive system for FF in Germany that also manages Customs, Finance, basic WMS',67,542),(3003,'Freight Forwarding',68,542),(3004,'AMERICAS',69,542),(3005,'Packaged Software/COTS',70,542),(3006,'DOTNET',71,542),(3007,'Ulrich 3.3',66,543),(3008,'AS/400 FF system for USA that takes care of Freight Forwarding and Customs nad Finance',67,543),(3009,'Freight Forwarding',68,543),(3010,'IMEA',69,543),(3011,'Packaged Software/COTS',70,543),(3012,'C#',71,543),(3013,'1C Version 7',66,544),(3014,'1c is used to prepare the statutory tax reporting in the format required by the Kazakhstan government agency.',67,544),(3015,'Freight Forwarding',68,544),(3016,'APAC',69,544),(3017,'In House Custom Application',70,544),(3018,'JAVA',71,544),(3019,'Access',66,545),(3020,'Payment, Netting, Accounting, Spreadshare, Misc Invoicing',67,545),(3021,'Freight Forwarding',68,545),(3022,'AMERICAS',69,545),(3023,'Managed Sercvice',70,545),(3024,'Universe BASIC',71,545),(3025,'Accounting & HR',66,546),(3026,'Local Accounting and HR soft',67,546),(3027,'Freight Forwarding',68,546),(3028,'IMEA',69,546),(3029,'Packaged Software/COTS',70,546),(3030,'ASP',71,546),(3031,'Accountview',66,547),(3032,'Finance system',67,547),(3033,'Freight Forwarding',68,547),(3034,'APAC',69,547),(3035,'Packaged Software/COTS',70,547),(3036,'DOTNET',71,547),(3037,'AccPac',66,548),(3038,'Sage - Accounting package',67,548),(3039,'Contract Logistics',68,548),(3040,'AMERICAS',69,548),(3041,'In House Custom Application',70,548),(3042,'C#',71,548),(3043,'Adin',66,549),(3044,'local accounting application',67,549),(3045,'Freight Forwarding',68,549),(3046,'IMEA',69,549),(3047,'Managed Sercvice',70,549),(3048,'JAVA',71,549),(3049,'Advantage',66,550),(3050,'Accounting module which handles all GL, AP, AR. Closely tied to VFT as the data from the accounting package is directly accessible from within VFT screens.',67,550),(3051,'Transportation & Distribution',68,550),(3052,'APAC',69,550),(3053,'Packaged Software/COTS',70,550),(3054,'Universe BASIC',71,550),(3055,'Axapta system',66,551),(3056,'Financials',67,551),(3057,'Transportation & Distribution',68,551),(3058,'AMERICAS',69,551),(3059,'Packaged Software/COTS',70,551),(3060,'ASP',71,551),(3061,'Best - Fixed Assets',66,552),(3062,'Best is an internal name for Fixed Asset Accounting by Sage Software and is used for US Freight Forwarding and Global IT Asset Management, Tracking Assets, calculating depreciation etc.',67,552),(3063,'Freight Forwarding',68,552),(3064,'IMEA',69,552),(3065,'In House Custom Application',70,552),(3066,'DOTNET',71,552),(3067,'Capex management tool',66,553),(3068,'db driven capex mngmnt application ',67,553),(3069,'Freight Forwarding',68,553),(3070,'APAC',69,553),(3071,'Managed Sercvice',70,553),(3072,'C#',71,553),(3073,'CARGO US',66,554),(3074,'Freight forwarding, Customs and Financial System',67,554),(3075,'Freight Forwarding',68,554),(3076,'AMERICAS',69,554),(3077,'Packaged Software/COTS',70,554),(3078,'JAVA',71,554),(3079,'CEIL IMEA',66,555),(3080,'CIEL is the forwarding component of the eSys implementation across 23 EMENA countries.  The other component is SOFT M that provides the ledger-based financial functions',67,555),(3081,'Freight Forwarding',68,555),(3082,'IMEA',69,555),(3083,'Packaged Software/COTS',70,555),(3084,'Universe BASIC',71,555),(3085,'DBIT',66,556),(3086,'FA Financial package, recording, tracking, & valuation of assets(movable & imovable) along with depreciation calculation & reporting on monthly, quartely & adhoc basis. US GAAP and IFRS',67,556),(3087,'Specialized Service',68,556),(3088,'APAC',69,556),(3089,'In House Custom Application',70,556),(3090,'ASP',71,556),(3091,'Delta I US',66,557),(3092,'Financials',67,557),(3093,'Specialized Service',68,557),(3094,'AMERICAS',69,557),(3095,'Managed Sercvice',70,557),(3096,'DOTNET',71,557),(3097,'EnterpriseEdi2 - AU',66,558),(3098,'Freight forwarding, Customs and Financial System',67,558),(3099,'Freight Forwarding',68,558),(3100,'IMEA',69,558),(3101,'Packaged Software/COTS',70,558),(3102,'C#',71,558),(3103,'EnterpriseEdi2 - CN',66,559),(3104,'Freight forwarding, Customs and Financial System',67,559),(3105,'Freight Forwarding',68,559),(3106,'APAC',69,559),(3107,'Packaged Software/COTS',70,559),(3108,'JAVA',71,559),(3109,'EnterpriseEdi2 - IN',66,560),(3110,'Freight forwarding, Customs and Financial System',67,560),(3111,'Freight Forwarding',68,560),(3112,'AMERICAS',69,560),(3113,'In House Custom Application',70,560),(3114,'Universe BASIC',71,560),(3115,'EnterpriseEdi2 - JP',66,561),(3116,'Freight forwarding, Customs and Financial System',67,561),(3117,'Freight Forwarding',68,561),(3118,'IMEA',69,561),(3119,'Managed Sercvice',70,561),(3120,'ASP',71,561),(3121,'EnterpriseEdi2 - KR',66,562),(3122,'Freight forwarding, Customs and Financial System',67,562),(3123,'Freight Forwarding',68,562),(3124,'APAC',69,562),(3125,'Packaged Software/COTS',70,562),(3126,'DOTNET',71,562),(3127,'EnterpriseEdi - NZ',66,563),(3128,'Freight forwarding, Customs and Financial System',67,563),(3129,'Freight Forwarding',68,563),(3130,'AMERICAS',69,563),(3131,'Packaged Software/COTS',70,563),(3132,'C#',71,563),(3133,'EnterpriseEdi2 - SG',66,564),(3134,'Freight forwarding, Customs and Financial System',67,564),(3135,'Freight Forwarding',68,564),(3136,'IMEA',69,564),(3137,'In House Custom Application',70,564),(3138,'JAVA',71,564),(3139,'EnterpriseEdi - TH',66,565),(3140,'Freight forwarding, Customs and Financial System',67,565),(3141,'Freight Forwarding',68,565),(3142,'APAC',69,565),(3143,'Managed Sercvice',70,565),(3144,'Universe BASIC',71,565),(3145,'EnterpriseEdi2 - TW',66,566),(3146,'Freight forwarding, Customs and Financial System',67,566),(3147,'Freight Forwarding',68,566),(3148,'AMERICAS',69,566),(3149,'Packaged Software/COTS',70,566),(3150,'ASP',71,566),(3151,'EFNO Version 1.6',66,567),(3152,'Tax computing software',67,567),(3153,'Freight Forwarding',68,567),(3154,'IMEA',69,567),(3155,'Packaged Software/COTS',70,567),(3156,'DOTNET',71,567),(3157,'Exact',66,568),(3158,'old finance system',67,568),(3159,'Freight Forwarding',68,568),(3160,'APAC',69,568),(3161,'In House Custom Application',70,568),(3162,'C#',71,568),(3163,'FAS',66,569),(3164,'Fixed Asset System',67,569),(3165,'Transportation & Distribution',68,569),(3166,'AMERICAS',69,569),(3167,'Managed Sercvice',70,569),(3168,'JAVA',71,569),(3169,'FF-ProCarS (REIGE)',66,570),(3170,'Comprehensive system for FF in Germany that also manages Customs, Finance, basic WMS',67,570),(3171,'Freight Forwarding',68,570),(3172,'IMEA',69,570),(3173,'Packaged Software/COTS',70,570),(3174,'Universe BASIC',71,570),(3175,'Freight Payment',66,571),(3176,'Freight Payment Middleware',67,571),(3177,'Transportation & Distribution',68,571),(3178,'APAC',69,571),(3179,'Packaged Software/COTS',70,571),(3180,'ASP',71,571),(3181,'Helios IQ US',66,572),(3182,'This application is being used for the Freight Forwarding in the Czech republic.',67,572),(3183,'Freight Forwarding',68,572),(3184,'AMERICAS',69,572),(3185,'In House Custom Application',70,572),(3186,'DOTNET',71,572),(3187,'Indonesia Tax System',66,573),(3188,'Custom built application to handle tax requirements for intra Indonesia distribution invoicing',67,573),(3189,'Freight Forwarding',68,573),(3190,'IMEA',69,573),(3191,'Managed Sercvice',70,573),(3192,'C#',71,573),(3193,'Innovating Computing APAC',66,574),(3194,'ICC TMS - RPG III & IV -AS/400 hosts TMS is highly customized flavor of ICC.  Intermodal is a custom front-end. ICC supports two Versions back.',67,574),(3195,'Transportation & Distribution',68,574),(3196,'APAC',69,574),(3197,'Packaged Software/COTS',70,574),(3198,'JAVA',71,574),(3199,'Lawson US',66,575),(3200,'Highly integrated Finance and HR ERP applications - Windows and HP-UX.  Supports GL, AP, AR, Payroll, HR, Lease Management, Activity Billing',67,575),(3201,'Contract Logistics',68,575),(3202,'AMERICAS',69,575),(3203,'Packaged Software/COTS',70,575),(3204,'Universe BASIC',71,575),(3205,'Multivers',66,576),(3206,'Accounting application',67,576),(3207,'Freight Forwarding',68,576),(3208,'IMEA',69,576),(3209,'In House Custom Application',70,576),(3210,'ASP',71,576),(3211,'Navision 2.0',66,577),(3212,'Financial and Invoicing Package - Non shipment jobs, quotations,buying and selling rates, ports, cities, routes, also catered for here. ',67,577),(3213,'Freight Forwarding',68,577),(3214,'APAC',69,577),(3215,'Managed Sercvice',70,577),(3216,'DOTNET',71,577),(3217,'Navision 4.0',66,578),(3218,'The Navision system was customized to a great extent to serve the requirements of Cargoforte for the accounting requirements.  Hosted internally in Cargoforte.',67,578),(3219,'Freight Forwarding',68,578),(3220,'AMERICAS',69,578),(3221,'Packaged Software/COTS',70,578),(3222,'C#',71,578),(3223,'Pastel 2.0',66,579),(3224,'Financial package',67,579),(3225,'Contract Logistics',68,579),(3226,'IMEA',69,579),(3227,'Packaged Software/COTS',70,579),(3228,'JAVA',71,579),(3229,'Pastel 3.0',66,580),(3230,'Purchased package of which we use the inventory Management component',67,580),(3231,'Transportation & Distribution',68,580),(3232,'APAC',69,580),(3233,'In House Custom Application',70,580),(3234,'Universe BASIC',71,580),(3235,'Pilot System 2.0',66,581),(3236,'Local financial System ',67,581),(3237,'Contract Logistics',68,581),(3238,'AMERICAS',69,581),(3239,'Managed Sercvice',70,581),(3240,'ASP',71,581),(3241,'Quickbooks Pro 2007',66,582),(3242,'Accounting',67,582),(3243,'Transportation & Distribution',68,582),(3244,'IMEA',69,582),(3245,'Packaged Software/COTS',70,582),(3246,'DOTNET',71,582),(3247,'Sammons TMS 2.0',66,583),(3248,'The TMS application is a core Operations system and has functions such as Load Entry, Truck Maintenance, OD Permits and Financials.',67,583),(3249,'Transportation & Distribution',68,583),(3250,'APAC',69,583),(3251,'Packaged Software/COTS',70,583),(3252,'C#',71,583),(3253,'Simply Accounting 2.1',66,584),(3254,'Simply Accounting',67,584),(3255,'Contract Logistics',68,584),(3256,'AMERICAS',69,584),(3257,'In House Custom Application',70,584),(3258,'JAVA',71,584),(3259,'SOFT TRANS 2.0',66,585),(3260,'SOFTTRANS logistics and transportation operations management applications constitute an integrated software solution related to all stages of transportation operation',67,585),(3261,'Transportation & Distribution',68,585),(3262,'IMEA',69,585),(3263,'Managed Sercvice',70,585),(3264,'Universe BASIC',71,585),(3265,'SoftM',66,586),(3266,'Financial Accounting',67,586),(3267,'Freight Forwarding',68,586),(3268,'APAC',69,586),(3269,'Packaged Software/COTS',70,586),(3270,'ASP',71,586),(3271,'SP Informatica 2.7',66,587),(3272,'This is a Freight Forwarding application handling Air, Ocean and Road Freight for import and export.  It also includes an integrated finance module.  ',67,587),(3273,'Freight Forwarding',68,587),(3274,'AMERICAS',69,587),(3275,'Packaged Software/COTS',70,587),(3276,'DOTNET',71,587),(3277,'Sun Accounts',66,588),(3278,'Multi-Currency Accounting Package',67,588),(3279,'Freight Forwarding',68,588),(3280,'IMEA',69,588),(3281,'In House Custom Application',70,588),(3282,'C#',71,588),(3283,'Ulrich 4.2',66,589),(3284,'AS/400 FF system for USA that takes care of Freight Forwarding and Customs nad Finance',67,589),(3285,'Freight Forwarding',68,589),(3286,'APAC',69,589),(3287,'Managed Sercvice',70,589),(3288,'JAVA',71,589),(3289,'Consuldeant No 7',66,590),(3290,'A local tax system for issuing local invoice with government tax to local clients',67,590),(3291,'Customs Brokerage',68,590),(3292,'AMERICAS',69,590),(3293,'Packaged Software/COTS',70,590),(3294,'Universe BASIC',71,590),(3295,'Visual Freighttrak 2.0',66,591),(3296,'Java server, client, SSL communication from client to server via Internet.',67,591),(3297,'Transportation & Distribution',68,591),(3298,'IMEA',69,591),(3299,'Packaged Software/COTS',70,591),(3300,'ASP',71,591),(3301,'Accounting APAC',66,592),(3302,'Local Accounting and HR soft',67,592),(3303,'Enterprise Application',68,592),(3304,'APAC',69,592),(3305,'In House Custom Application',70,592),(3306,'DOTNET',71,592),(3307,'ALO MALIYE 2008',66,593),(3308,'USED FOR ESTIMATING EMPLOYEE SALARY BONUS BENEFITS',67,593),(3309,'Enterprise Application',68,593),(3310,'AMERICAS',69,593),(3311,'Managed Sercvice',70,593),(3312,'C#',71,593),(3313,'DataSAP HR',66,594),(3314,'A local salary system for payroll and personal attendance for work',67,594),(3315,'Freight Forwarding',68,594),(3316,'IMEA',69,594),(3317,'Packaged Software/COTS',70,594),(3318,'JAVA',71,594),(3319,'eLinx',66,595),(3320,'Sending data for salary-calculation to \"Social accountancy bureau\", web-application',67,595),(3321,'Enterprise Application',68,595),(3322,'APAC',69,595),(3323,'Packaged Software/COTS',70,595),(3324,'Universe BASIC',71,595),(3325,'Epsilon',66,596),(3326,'The HR application is structured in several necessary Basic Modules',67,596),(3327,'Contract Logistics',68,596),(3328,'AMERICAS',69,596),(3329,'In House Custom Application',70,596),(3330,'ASP',71,596),(3331,'HAUFE Personal Office Professional HAUFE Arbeitszeugnisse',66,597),(3332,'HR Tool - PC app to create forms for HR purposes. One single PC license. ',67,597),(3333,'Enterprise Application',68,597),(3334,'IMEA',69,597),(3335,'Managed Sercvice',70,597),(3336,'DOTNET',71,597),(3337,'Helios',66,598),(3338,'This application is being used for the Freight Forwarding in the Czech republic.',67,598),(3339,'Freight Forwarding',68,598),(3340,'APAC',69,598),(3341,'Packaged Software/COTS',70,598),(3342,'C#',71,598),(3343,'HITS',66,599),(3344,'HR & Payroll system',67,599),(3345,'Enterprise Application',68,599),(3346,'AMERICAS',69,599),(3347,'Packaged Software/COTS',70,599),(3348,'JAVA',71,599),(3349,'HR',66,600),(3350,'Human Resources and Payroll activites in Argentina - Outsourced to a Third Party',67,600),(3351,'Freight Forwarding',68,600),(3352,'IMEA',69,600),(3353,'In House Custom Application',70,600),(3354,'Universe BASIC',71,600),(3355,'HR APAC',66,601),(3356,'Human Resources and Payroll activites in Brazil - Outsourced to a Third Party',67,601),(3357,'Freight Forwarding',68,601),(3358,'APAC',69,601),(3359,'Managed Sercvice',70,601),(3360,'ASP',71,601),(3361,'HR US',66,602),(3362,'Human Resources and Payroll activites in Uruguay - Outsourced to a Third Party',67,602),(3363,'Freight Forwarding',68,602),(3364,'AMERICAS',69,602),(3365,'Packaged Software/COTS',70,602),(3366,'DOTNET',71,602),(3367,'HR System',66,603),(3368,'HR & Time Keeping System (Inhouse HR System). Payroll is outsourced to Ceridian.',67,603),(3369,'Contract Logistics',68,603),(3370,'IMEA',69,603),(3371,'Packaged Software/COTS',70,603),(3372,'C#',71,603),(3373,'IEG AOS',66,604),(3374,'Driver Detention and Driver Recuriting',67,604),(3375,'Transportation & Distribution',68,604),(3376,'APAC',69,604),(3377,'In House Custom Application',70,604),(3378,'JAVA',71,604),(3379,'Innovating Computing Corporation US',66,605),(3380,'ICC TMS - RPG III & IV -AS/400 hosts TMS is highly customized flavor of ICC',67,605),(3381,'Transportation & Distribution',68,605),(3382,'AMERICAS',69,605),(3383,'Managed Sercvice',70,605),(3384,'Universe BASIC',71,605),(3385,'Kali / Expertis Kali',66,606),(3386,'Licensed, locally hosted, HR & Payroll system.',67,606),(3387,'Enterprise Application',68,606),(3388,'IMEA',69,606),(3389,'Packaged Software/COTS',70,606),(3390,'ASP',71,606),(3391,'Lawson APAC',66,607),(3392,'Highly integrated Finance and HR ERP applications - Windows and HP-UX.  Supports GL, AP, AR, Payroll, HR, Lease Management, Activity Billing',67,607),(3393,'Contract Logistics',68,607),(3394,'APAC',69,607),(3395,'Packaged Software/COTS',70,607),(3396,'DOTNET',71,607),(3397,'PFRON',66,608),(3398,'HR Regulatory System.  This is a system that enables the counting and reporting of fees paid to the governemnt for disabled employees.  ',67,608),(3399,'Enterprise Application',68,608),(3400,'AMERICAS',69,608),(3401,'In House Custom Application',70,608),(3402,'C#',71,608),(3403,'Sammons TMS 3.1',66,609),(3404,'The TMS application is a core Operations system and has functions such as Load Entry, Truck Maintenance, OD Permits and Financials.',67,609),(3405,'Transportation & Distribution',68,609),(3406,'IMEA',69,609),(3407,'Managed Sercvice',70,609),(3408,'JAVA',71,609),(3409,'Swansoft',66,610),(3410,'This is just a locally developed payroll system to comply with the Guernsey Governemtn requirements from the Employer/Employee perspective. ',67,610),(3411,'Enterprise Application',68,610),(3412,'APAC',69,610),(3413,'Packaged Software/COTS',70,610),(3414,'Universe BASIC',71,610),(3415,'ForecastPro',66,611),(3416,'Forecast Pro is fast, easy and accurate forecasting software for business professionals. ',67,611),(3417,'Contract Logistics',68,611),(3418,'AMERICAS',69,611),(3419,'Packaged Software/COTS',70,611),(3420,'ASP',71,611),(3421,'JustEnough',66,612),(3422,'A Management Console - that you can configure - provides a graphically rich analysis of overall inventory and supply chain health. A full tournament based Demand Forecasting engine.',67,612),(3423,'Contract Logistics',68,612),(3424,'IMEA',69,612),(3425,'In House Custom Application',70,612),(3426,'DOTNET',71,612),(3427,'Delta II',66,613),(3428,'IHD ERP',67,613),(3429,'Specialized Service',68,613),(3430,'APAC',69,613),(3431,'Managed Sercvice',70,613),(3432,'C#',71,613),(3433,'Material Demand Portal',66,614),(3434,'Release and requirement management for customers with and without GICS WMS systems.',67,614),(3435,'Contract Logistics',68,614),(3436,'AMERICAS',69,614),(3437,'Packaged Software/COTS',70,614),(3438,'JAVA',71,614),(3439,'wm4000-Americas',66,615),(3440,'Warehouse Management System for dedicated warehousing',67,615),(3441,'Contract Logistics',68,615),(3442,'IMEA',69,615),(3443,'Packaged Software/COTS',70,615),(3444,'Universe BASIC',71,615),(3445,'GIPS',66,616),(3446,'Inventory purchasing application with flow through of releases, consolidation of demand',67,616),(3447,'Contract Logistics',68,616),(3448,'APAC',69,616),(3449,'In House Custom Application',70,616),(3450,'ASP',71,616),(3451,'GICS MOS',66,617),(3452,'Material Ordering System a standalone solution designed to be run by the client inside their manufacturing plant.   Tightly integrated with GICS WMS for warehouse management.',67,617),(3453,'Contract Logistics',68,617),(3454,'AMERICAS',69,617),(3455,'Managed Sercvice',70,617),(3456,'DOTNET',71,617),(3457,'GICS',66,618),(3458,'GICS, GICS MRP Delphi - Windows. Also for China, Europe, Mexico & USA. Full featured WMS based on automotive and electronics  requirements. ',67,618),(3459,'Contract Logistics',68,618),(3460,'IMEA',69,618),(3461,'Packaged Software/COTS',70,618),(3462,'C#',71,618),(3463,'Navision 3.7',66,619),(3464,'Navision WMS is used for the non complex warehousing that does not require the functionality of the software controlled trollyes.',67,619),(3465,'Contract Logistics',68,619),(3466,'EMENA/Spain',69,619),(3467,'Packaged Software/COTS',70,619),(3468,'JAVA',71,619),(3469,'Starlog',66,620),(3470,'WMS',67,620),(3471,'Contract Logistics',68,620),(3472,'EMENA/Sweden',69,620),(3473,'Packaged Software/COTS',70,620),(3474,'Universe BASIC',71,620),(3475,'wm4000-EMENA',66,621),(3476,'Comprehensive WMS System used in several locations with two instances (one for GM and one for other clients)',67,621),(3477,'Contract Logistics',68,621),(3478,'EMENA/Switzerland',69,621),(3479,'In House Custom Application',70,621),(3480,'ASP',71,621),(3481,'JDE-WMS',66,622),(3482,'WMS module from JDE. Used for about 80% of clients using JDE. ',67,622),(3483,'Contract Logistics',68,622),(3484,'EMENA/Turkey',69,622),(3485,'Managed Sercvice',70,622),(3486,'DOTNET',71,622),(3487,'RedPraire',66,623),(3488,'This application is being used for all new customers of Uti Spain & Portugal.',67,623),(3489,'Contract Logistics',68,623),(3490,'EMENA/UK',69,623),(3491,'Packaged Software/COTS',70,623),(3492,'C#',71,623),(3493,'WM4000-APAC',66,624),(3494,'WMS',67,624),(3495,'Contract Logistics',68,624),(3496,'EMENA/Austria',69,624),(3497,'Packaged Software/COTS',70,624),(3498,'JAVA',71,624),(3499,'i2 supply chain strategist simulator',66,625),(3500,'',67,625),(3501,'',68,625),(3502,'EMENA/Spain',69,625),(3503,'In House Custom Application',70,625),(3504,'Universe BASIC',71,625),(3505,'Supply chain planner',66,626),(3506,'',67,626),(3507,'',68,626),(3508,'EMENA/Sweden',69,626),(3509,'Managed Sercvice',70,626),(3510,'ASP',71,626),(3511,'Inventory planning extension',66,627),(3512,'',67,627),(3513,'',68,627),(3514,'EMENA/Switzerland',69,627),(3515,'Packaged Software/COTS',70,627),(3516,'DOTNET',71,627),(3517,'Customs Brokerage :: sh04bkp01',78,628),(3518,'',79,628),(3519,'Customs Tariff Prodat :: sh04bkp01',78,629),(3520,'',79,629),(3521,'DDGIP Lite :: sh04bkp01',78,630),(3522,'',79,630),(3523,'Customs :: sh04bkp01',78,631),(3524,'',79,631),(3525,'uOps :: sh04dc01',78,632),(3526,'',79,632),(3527,'Ulrich (uOp2000) :: sh04dc01',78,633),(3528,'',79,633),(3529,'GICHIQ Customs :: sh04dc02',78,634),(3530,'',79,634),(3531,'Deliverance :: sh04dc02',78,635),(3532,'',79,635),(3533,'eDeclare :: sh04dc02',78,636),(3534,'',79,636),(3535,'Rank Alpha :: sh04dc02',78,637),(3536,'',79,637),(3537,'CARGO :: sh04dc02',78,638),(3538,'',79,638),(3539,'Tradenet :: sh04dc02',78,639),(3540,'',79,639),(3541,'ECS :: shmladc01',78,640),(3542,'',79,640),(3543,'Shipping Express :: shmlapp02',78,641),(3544,'',79,641),(3545,'ediEnterprise  - AU :: shmlapp02',78,642),(3546,'',79,642),(3547,'ediEnterprise  - CN :: shmofil01a',78,643),(3548,'',79,643),(3549,'ediEnterprise  - IN :: shmofil01b',78,644),(3550,'',79,644),(3551,'ediEnterprise  - JP :: shdanas01',78,645),(3552,'',79,645),(3553,'ediEnterprise  - KR :: shdunas01',78,646),(3554,'',79,646),(3555,'ediEnterprise  - NZ :: sh06srv2',78,647),(3556,'',79,647),(3557,'ediEnterprise  - SG :: sh06srv2',78,648),(3558,'',79,648),(3559,'ediEnterprise  - TW :: sh06srv2',78,649),(3560,'',79,649),(3561,'ediEnterprise  - TH :: sh06srv2',78,650),(3562,'',79,650),(3563,'Clearingpoint :: sh06srv2',78,651),(3564,'',79,651),(3565,'Deltapass / Ademar :: sh06srv2',78,652),(3566,'',79,652),(3567,'BOS EZT :: sh06srv3',78,653),(3568,'',79,653),(3569,'ProCarS (REIGE) :: sh06srv3',78,654),(3570,'',79,654),(3571,'special customs application :: shfinas01',78,655),(3572,'',79,655),(3573,'Famis :: shklnas01',78,656),(3574,'',79,656),(3575,'SP Informatica :: shklnas01',78,657),(3576,'',79,657),(3577,'Cargonaut Dou-it :: shklnas01',78,658),(3578,'',79,658),(3579,'WinSklad :: shklnas01',78,659),(3580,'',79,659),(3581,'ADUNET :: shmanas01',78,660),(3582,'',79,660),(3583,'Logisto :: shpanas01',78,661),(3584,'',79,661),(3585,'Cis Tull :: shpanas01',78,662),(3586,'',79,662),(3587,'eDec :: sy30esx02a',78,663),(3588,'',79,663),(3589,'ULUKOM GUMRUK OZET BEYAN PROGRAMI :: sy30esx02b',78,664),(3590,'',79,664),(3591,'Visual :: sy30esx02c',78,665),(3592,'',79,665),(3593,'Solaris DHS :: sy30esx02d',78,666),(3594,'',79,666),(3595,'Helios IQ :: sy30esx02d',78,667),(3596,'',79,667),(3597,'Celina :: sy30esx02d',78,668),(3598,'',79,668),(3599,'IDS :: sh01dc06',78,669),(3600,'',79,669),(3601,'Intrastat :: sh01sp02',78,670),(3602,'',79,670),(3603,'Isztar (Taric) :: sh01sp02',78,671),(3604,'',79,671),(3605,'Sklad Celny IDS :: shbacyc01',78,672),(3606,'',79,672),(3607,'WinSAD :: shbacyc01',78,673),(3608,'',79,673),(3609,'CEIL :: shbacyc01',78,674),(3610,'',79,674),(3611,'Vendor Tick List :: shbacyc01',78,675),(3612,'',79,675),(3613,'C8 BI Platform :: sh01av01',78,676),(3614,'',79,676),(3615,'Cognos Contributor :: sh01av01',78,677),(3616,'',79,677),(3617,'C9 BI Platform :: sh01av01',78,678),(3618,'',79,678),(3619,'Crystal Report 9 :: sh01av01',78,679),(3620,'',79,679),(3621,'Xcelsius :: sh01av01',78,680),(3622,'',79,680),(3623,'Productivity & Workflow Tools :: sh01dc00',78,681),(3624,'',79,681),(3625,'Crystal Reports :: sh01dc03',78,682),(3626,'',79,682),(3627,'Diver :: sh01dc03',78,683),(3628,'',79,683),(3629,'Contimap :: sh01dc04',78,684),(3630,'',79,684),(3631,'Contipmap :: sh01dc04',78,685),(3632,'',79,685),(3633,'Cooper :: sh01dc04',78,686),(3634,'',79,686),(3635,'Generalmotors :: sh01dc05',78,687),(3636,'',79,687),(3637,'goiba :: sh01dc05',78,688),(3638,'',79,688),(3639,'Ihle :: sh01dc05',78,689),(3640,'',79,689),(3641,'JcbInven :: sh01dc05',78,690),(3642,'',79,690),(3643,'JcbReports :: sh01easuk',78,691),(3644,'',79,691),(3645,'Spic :: sh01easuk',78,692),(3646,'',79,692),(3647,'Hyperion :: sh01easuk',78,693),(3648,'',79,693),(3649,'Transit Time Targets :: sh01easuk',78,694),(3650,'',79,694),(3651,'Andlor :: sh01easuk',78,695),(3652,'',79,695),(3653,'Axapta Financial system :: sh01fin02',78,696),(3654,'',79,696),(3655,'Billing :: sh01hr01',78,697),(3656,'',79,697),(3657,'CargoMate :: sh01hr01',78,698),(3658,'',79,698),(3659,'CEIL :: sh01mon02',78,699),(3660,'',79,699),(3661,'Client Invoicing Data :: sh01mon02',78,700),(3662,'',79,700),(3663,'crec.go2uti.es :: sh01psb',78,701),(3664,'',79,701),(3665,'Deliverance :: sh01psb',78,702),(3666,'',79,702),(3667,'Delta 1 :: sh01psb',78,703),(3668,'',79,703),(3669,'ediEnterprise  - AU :: sh01sta01',78,704),(3670,'',79,704),(3671,'ediEnterprise  - CN :: sh01sta01',78,705),(3672,'',79,705),(3673,'ediEnterprise  - IN :: sh01sta01',78,706),(3674,'',79,706),(3675,'ediEnterprise  - JP :: sh01web01',78,707),(3676,'',79,707),(3677,'ediEnterprise  - KR :: sh01web01',78,708),(3678,'',79,708),(3679,'ediEnterprise  - NZ :: sh01web01',78,709),(3680,'',79,709),(3681,'ediEnterprise  - SG :: sh01web01',78,710),(3682,'',79,710),(3683,'ediEnterprise  - TH :: sh01web02-old',78,711),(3684,'',79,711),(3685,'ediEnterprise  - TW :: sh01web02-old',78,712),(3686,'',79,712),(3687,'Facturacionautomatica :: sh01web02-old',78,713),(3688,'',79,713),(3689,'Finanzas :: shbabbs01',78,714),(3690,'',79,714),(3691,'Freight Payment Middleware :: shbaghost01',78,715),(3692,'',79,715),(3693,'Helios IQ :: sh01csg01',78,716),(3694,'',79,716),(3695,'Innovating Computing Corporation :: sh01csg01',78,717),(3696,'',79,717),(3697,'Lawson :: sh01hr01',78,718),(3698,'',79,718),(3699,'Logisto :: sh01ctx08',78,719),(3700,'',79,719),(3701,'Navision :: sh01ctx08',78,720),(3702,'',79,720),(3703,'Pastel :: sh01ctx08',78,721),(3704,'',79,721),(3705,'Pilot System :: sh01ctx08',78,722),(3706,'',79,722),(3707,'ProCarS (REIGE) :: sh01dc08',78,723),(3708,'',79,723),(3709,'Sammons TMS :: sh01dc08',78,724),(3710,'',79,724),(3711,'SEFA :: sh01dc08',78,725),(3712,'',79,725),(3713,'Simply Accounting :: sh01fin03',78,726),(3714,'',79,726),(3715,'SOFT TRANS :: sh01fin03',78,727),(3716,'',79,727),(3717,'SP Informatica :: sh01fin03',78,728),(3718,'',79,728),(3719,'Tariff Maintenance :: sh01fin03',78,729),(3720,'',79,729),(3721,'Ulrich (uOp2000) :: sh01fin03',78,730),(3722,'',79,730),(3723,'Visual Freighttrak :: sh01fin03',78,731),(3724,'',79,731),(3725,'Webshop :: sh01gen01',78,732),(3726,'',79,732),(3727,'wm4000 :: sh01rsa01',78,733),(3728,'',79,733),(3729,'wm4000 :: sh01rsa01',78,734),(3730,'',79,734),(3731,'wm4000 :: sh01sieb02',78,735),(3732,'',79,735),(3733,'wm4000 :: sh01wim01',78,736),(3734,'',79,736),(3735,'Customer Implementation :: shbaapp01',78,737),(3736,'',79,737),(3737,'Customer Information Center :: shbaapp01',78,738),(3738,'',79,738),(3739,'SalesMax :: shbaapp02',78,739),(3740,'',79,739),(3741,'Databox 5.0 :: shbaapp02',78,740),(3742,'',79,740),(3743,'MAXIMIZER :: shbahyp01q',78,741),(3744,'',79,741),(3745,'uSell :: shbahyp01q',78,742),(3746,'',79,742),(3747,'PACO :: shbahyp01q',78,743),(3748,'',79,743),(3749,'FOCSLE :: shbahyp01q',78,744),(3750,'',79,744),(3751,'Open Accounts :: shbahyp01t',78,745),(3752,'',79,745),(3753,'CEIL :: shbahyp01t',78,746),(3754,'',79,746),(3755,'FF-ProCarS (REIGE) :: shbahyp02q',78,747),(3756,'',79,747),(3757,'Ulrich (uOp2000) :: shbahyp02q',78,748),(3758,'',79,748),(3759,'1C Version 7 :: shbahyp02t',78,749),(3760,'',79,749),(3761,'Access :: shbahyp03q',78,750),(3762,'',79,750),(3763,'Accounting & HR :: shbahyp03q',78,751),(3764,'',79,751),(3765,'Accountview :: shbahyp03q',78,752),(3766,'',79,752),(3767,'AccPac :: shbaadc02',78,753),(3768,'',79,753),(3769,'Adin :: shbaadc02',78,754),(3770,'',79,754),(3771,'Advantage :: shbaadc03',78,755),(3772,'',79,755),(3773,'Axapta Financial system :: shbaadc03',78,756),(3774,'',79,756),(3775,'Best - Fixed Assets :: shbaamt01-d',78,757),(3776,'',79,757),(3777,'Capex management tool :: shbaamt01-d',78,758),(3778,'',79,758),(3779,'CARGO :: shbaamt01-d',78,759),(3780,'',79,759),(3781,'CEIL :: shbaamt01-d',78,760),(3782,'',79,760),(3783,'DBIT :: shbaamt01-d',78,761),(3784,'',79,761),(3785,'Delta 1 :: shbacsl01',78,762),(3786,'',79,762),(3787,'ediEnterprise  - AU :: shbactt01-t',78,763),(3788,'',79,763),(3789,'ediEnterprise  - CN :: shbactx80',78,764),(3790,'',79,764),(3791,'ediEnterprise  - IN :: shbactx80',78,765),(3792,'',79,765),(3793,'ediEnterprise  - JP :: shbactx81',78,766),(3794,'',79,766),(3795,'ediEnterprise  - KR :: shbactx81',78,767),(3796,'',79,767),(3797,'ediEnterprise  - NZ :: shbactx81',78,768),(3798,'',79,768),(3799,'ediEnterprise  - SG :: shbactx81',78,769),(3800,'',79,769),(3801,'ediEnterprise  - TH :: shbactx81',78,770),(3802,'',79,770),(3803,'ediEnterprise  - TW :: shbactx82',78,771),(3804,'',79,771),(3805,'EFNO Version 1.6 :: shbactx82',78,772),(3806,'',79,772),(3807,'Exact :: shbactx82',78,773),(3808,'',79,773),(3809,'FAS :: shbactx90',78,774),(3810,'',79,774),(3811,'FF-ProCarS (REIGE) :: shbactx90',78,775),(3812,'',79,775),(3813,'Freight Payment Middleware :: shbactx90',78,776),(3814,'',79,776),(3815,'Helios IQ :: shbactx90-v',78,777),(3816,'',79,777),(3817,'Indonesia Tax System :: shbactx90-v',78,778),(3818,'',79,778),(3819,'Innovating Computing Corporation :: shbactx90-v',78,779),(3820,'',79,779),(3821,'Lawson :: shbactx90-v',78,780),(3822,'',79,780),(3823,'Multivers :: shbactx91',78,781),(3824,'',79,781),(3825,'Navision :: shbactx91-d',78,782),(3826,'',79,782),(3827,'Navision 4.0 :: shbactx91-d',78,783),(3828,'',79,783),(3829,'Pastel :: shbactx91-d',78,784),(3830,'',79,784),(3831,'Pastel :: shbactx91-d',78,785),(3832,'',79,785),(3833,'Pilot System :: shbactx91-d',78,786),(3834,'',79,786),(3835,'Quickbooks Pro 2007 :: shbactx92',78,787),(3836,'',79,787),(3837,'Sammons TMS :: shbactx92',78,788),(3838,'',79,788),(3839,'Simply Accounting :: shbactx92',78,789),(3840,'',79,789),(3841,'SOFT TRANS :: shbactx92',78,790),(3842,'',79,790),(3843,'SoftM :: shbactx92',78,791),(3844,'',79,791),(3845,'SP Informatica :: shbactx92',78,792),(3846,'',79,792),(3847,'Sun Accounts :: shbactx92',78,793),(3848,'',79,793),(3849,'Ulrich (uOp2000) :: shbactx92',78,794),(3850,'',79,794),(3851,'UTI-Consuldeant No 7 :: shbactx92',78,795),(3852,'',79,795),(3853,'Visual Freighttrak :: shbactx92',78,796),(3854,'',79,796),(3855,'Accounting & HR :: shbactx93',78,797),(3856,'',79,797),(3857,'ALO MALIYE 2008 :: shbactx93',78,798),(3858,'',79,798),(3859,'DataSAP HR :: shbactx93',78,799),(3860,'',79,799),(3861,'eLinx :: shbactx93',78,800),(3862,'',79,800),(3863,'Epsilon :: shbactx93',78,801),(3864,'',79,801),(3865,'HAUFE Personal Office Professional HAUFE Arbeitszeugnisse :: shbactx94',78,802),(3866,'',79,802),(3867,'Helios IQ :: shbactx94',78,803),(3868,'',79,803),(3869,'HITS :: shbactx94',78,804),(3870,'',79,804),(3871,'HR :: shbactx94',78,805),(3872,'',79,805),(3873,'HR :: shbactx94',78,806),(3874,'',79,806),(3875,'HR :: shbactx94',78,807),(3876,'',79,807),(3877,'HR System :: shbactx94',78,808),(3878,'',79,808),(3879,'IEG AOS :: shbactx94',78,809),(3880,'',79,809),(3881,'Innovating Computing Corporation :: shbactx94',78,810),(3882,'',79,810),(3883,'Kali / Expertis Kali :: shbactx94',78,811),(3884,'',79,811),(3885,'Lawson :: shbactx94',78,812),(3886,'',79,812),(3887,'PFRON :: shbactx95',78,813),(3888,'',79,813),(3889,'Sammons TMS :: shbactx95',78,814),(3890,'',79,814),(3891,'Swansoft :: shbactx95',78,815),(3892,'',79,815),(3893,'ForecastPro :: shbactx95',78,816),(3894,'',79,816),(3895,'JustEnough :: shbactx95',78,817),(3896,'',79,817),(3897,'Delta II :: shbactx95',78,818),(3898,'',79,818),(3899,'Material Demand Portal :: shbactx95',78,819),(3900,'',79,819),(3901,'wm4000-Americas :: shbaeas01',78,820),(3902,'',79,820),(3903,'GIPS :: shbaeas01',78,821),(3904,'',79,821),(3905,'GICS MOS :: shbaeas01',78,822),(3906,'',79,822),(3907,'GICS :: shbaeas01',78,823),(3908,'',79,823),(3909,'Navision 3.7 :: shbaedc01',78,824),(3910,'',79,824),(3911,'Starlog :: shbaedc01',78,825),(3912,'',79,825),(3913,'wm4000-EMENA :: shbaedc01',78,826),(3914,'',79,826),(3915,'JDE-WMS :: shbaedc01',78,827),(3916,'',79,827),(3917,'RedPraire :: shbaedc01',78,828),(3918,'',79,828),(3919,'WM4000-APAC :: shbaedc01',78,829),(3920,'',79,829),(3921,'i2 supply chain strategist simulator :: shbaedc02',78,830),(3922,'',79,830),(3923,'Supply chain planner :: shbaedc02',78,831),(3924,'',79,831),(3925,'Inventory planning extension :: shbaedc02',78,832),(3926,'',79,832),(3927,'Customs Brokerage :: uOps',80,833),(3928,'',81,833),(3929,'Customs Tariff Prodat :: ECS',80,834),(3930,'',81,834),(3931,'DDGIP Lite :: Cargonaut Dou-it',80,835),(3932,'',81,835),(3933,'Customs :: Logisto',80,836),(3934,'',81,836),(3935,'uOps :: Shipping Express',80,837),(3936,'',81,837),(3937,'Ulrich (uOp2000) :: Customs Brokerage.',80,838),(3938,'',81,838),(3939,'GICHIQ Customs :: Customs',80,839),(3940,'',81,839),(3941,'Deliverance :: Celina',80,840),(3942,'',81,840),(3943,'eDeclare :: Isztar (Taric)',80,841),(3944,'',81,841),(3945,'Rank Alpha :: ediEnterprise  - KR',80,842),(3946,'',81,842),(3947,'CARGO :: CEIL',80,843),(3948,'',81,843),(3949,'Tradenet :: DDGIP Lite',80,844),(3950,'',81,844),(3951,'ECS :: ProCarS (REIGE)',80,845),(3952,'',81,845),(3953,'Shipping Express :: WinSAD',80,846),(3954,'',81,846),(3955,'ediEnterprise  - AU :: special customs application',80,847),(3956,'',81,847),(3957,'ediEnterprise  - CN :: Shipping Express',80,848),(3958,'',81,848),(3959,'ediEnterprise  - IN :: CARGO',80,849),(3960,'',81,849),(3961,'ediEnterprise  - JP :: Logisto',80,850),(3962,'',81,850),(3963,'ediEnterprise  - KR :: IDS',80,851),(3964,'',81,851),(3965,'ediEnterprise  - NZ :: Isztar (Taric)',80,852),(3966,'',81,852),(3967,'ediEnterprise  - SG :: Isztar (Taric)',80,853),(3968,'',81,853),(3969,'ediEnterprise  - TW :: Helios IQ',80,854),(3970,'',81,854),(3971,'ediEnterprise  - TH :: Sklad Celny IDS',80,855),(3972,'',81,855),(3973,'Clearingpoint :: Deliverance',80,856),(3974,'',81,856),(3975,'Deltapass / Ademar :: Sklad Celny IDS',80,857),(3976,'',81,857),(3977,'BOS EZT :: eDeclare',80,858),(3978,'',81,858),(3979,'ProCarS (REIGE) :: Isztar (Taric)',80,859),(3980,'',81,859),(3981,'special customs application :: Visual',80,860),(3982,'',81,860),(3983,'Famis :: ediEnterprise  - TW',80,861),(3984,'',81,861),(3985,'SP Informatica :: ADUNET',80,862),(3986,'',81,862),(3987,'Cargonaut Dou-it :: eDeclare',80,863),(3988,'',81,863),(3989,'WinSklad :: WinSklad',80,864),(3990,'',81,864),(3991,'ADUNET :: Deliverance',80,865),(3992,'',81,865),(3993,'Logisto :: Sklad Celny IDS',80,866),(3994,'',81,866),(3995,'Cis Tull :: WinSAD',80,867),(3996,'',81,867),(3997,'eDec :: ediEnterprise  - IN',80,868),(3998,'',81,868),(3999,'ULUKOM GUMRUK OZET BEYAN PROGRAMI :: Logisto',80,869),(4000,'',81,869),(4001,'Visual :: Helios IQ',80,870),(4002,'',81,870),(4003,'Solaris DHS :: ediEnterprise  - JP',80,871),(4004,'',81,871),(4005,'Helios IQ :: ediEnterprise  - AU',80,872),(4006,'',81,872),(4007,'Celina :: ediEnterprise  - TH',80,873),(4008,'',81,873),(4009,'IDS :: CEIL',80,874),(4010,'',81,874),(4011,'Intrastat :: Sklad Celny IDS',80,875),(4012,'',81,875),(4013,'Isztar (Taric) :: ediEnterprise  - CN',80,876),(4014,'',81,876),(4015,'Sklad Celny IDS :: ECS',80,877),(4016,'',81,877),(4017,'WinSAD :: Shipping Express',80,878),(4018,'',81,878),(4019,'CEIL :: Cis Tull',80,879),(4020,'',81,879),(4021,'Vendor Tick List :: Helios IQ',80,880),(4022,'',81,880),(4023,'C8 BI Platform :: ediEnterprise  - JP',80,881),(4024,'',81,881),(4025,'Cognos Contributor :: ediEnterprise  - KR',80,882),(4026,'',81,882),(4027,'C9 BI Platform :: Logisto',80,883),(4028,'',81,883),(4029,'Crystal Report 9 :: ediEnterprise  - SG',80,884),(4030,'',81,884),(4031,'Xcelsius :: CARGO',80,885),(4032,'',81,885),(4033,'Productivity & Workflow Tools :: Isztar (Taric)',80,886),(4034,'',81,886),(4035,'Crystal Reports :: Logisto',80,887),(4036,'',81,887),(4037,'Diver :: DDGIP Lite',80,888),(4038,'',81,888),(4039,'Contimap :: Deliverance',80,889),(4040,'',81,889),(4041,'Contipmap :: SP Informatica',80,890),(4042,'',81,890),(4043,'Cooper :: DDGIP Lite',80,891),(4044,'',81,891),(4045,'Generalmotors :: ediEnterprise  - TW',80,892),(4046,'',81,892),(4047,'goiba :: Solaris DHS',80,893),(4048,'',81,893),(4049,'Ihle :: Deliverance',80,894),(4050,'',81,894),(4051,'JcbInven :: Celina',80,895),(4052,'',81,895),(4053,'JcbReports :: Deliverance',80,896),(4054,'',81,896),(4055,'Spic :: ediEnterprise  - TW',80,897),(4056,'',81,897),(4057,'Hyperion :: Tradenet',80,898),(4058,'',81,898),(4059,'Transit Time Targets :: Customs Tariff Prodat',80,899),(4060,'',81,899),(4061,'Andlor :: ediEnterprise  - TH',80,900),(4062,'',81,900),(4063,'Axapta Financial system :: Ulrich (uOp2000)',80,901),(4064,'',81,901),(4065,'Billing :: eDec',80,902),(4066,'',81,902),(4067,'CargoMate :: ediEnterprise  - AU',80,903),(4068,'',81,903),(4069,'CEIL :: Helios IQ',80,904),(4070,'',81,904),(4071,'Client Invoicing Data :: Tradenet',80,905),(4072,'',81,905),(4073,'crec.go2uti.es :: IDS',80,906),(4074,'',81,906),(4075,'Deliverance :: Deltapass / Ademar',80,907),(4076,'',81,907),(4077,'Delta 1 :: BOS EZT',80,908),(4078,'',81,908),(4079,'ediEnterprise  - AU :: Deltapass / Ademar',80,909),(4080,'',81,909),(4081,'ediEnterprise  - CN :: Shipping Express',80,910),(4082,'',81,910),(4083,'ediEnterprise  - IN :: Isztar (Taric)',80,911),(4084,'',81,911),(4085,'ediEnterprise  - JP :: Customs Brokerage.',80,912),(4086,'',81,912),(4087,'ediEnterprise  - KR :: DDGIP Lite',80,913),(4088,'',81,913),(4089,'ediEnterprise  - NZ :: ULUKOM GUMRUK OZET BEYAN PROGRAMI',80,914),(4090,'',81,914),(4091,'ediEnterprise  - SG :: ULUKOM GUMRUK OZET BEYAN PROGRAMI',80,915),(4092,'',81,915),(4093,'ediEnterprise  - TH :: Ulrich (uOp2000)',80,916),(4094,'',81,916),(4095,'ediEnterprise  - TW :: ediEnterprise  - CN',80,917),(4096,'',81,917),(4097,'Facturacionautomatica :: Rank Alpha',80,918),(4098,'',81,918),(4099,'Finanzas :: CARGO',80,919),(4100,'',81,919),(4101,'Freight Payment Middleware :: eDec',80,920),(4102,'',81,920),(4103,'Helios IQ :: ediEnterprise  - SG',80,921),(4104,'',81,921),(4105,'Innovating Computing Corporation :: ADUNET',80,922),(4106,'',81,922),(4107,'Lawson :: ULUKOM GUMRUK OZET BEYAN PROGRAMI',80,923),(4108,'',81,923),(4109,'Logisto :: Isztar (Taric)',80,924),(4110,'',81,924),(4111,'Navision :: Ulrich (uOp2000)',80,925),(4112,'',81,925),(4113,'Pastel :: uOps',80,926),(4114,'',81,926),(4115,'Pilot System :: eDeclare',80,927),(4116,'',81,927),(4117,'ProCarS (REIGE) :: IDS',80,928),(4118,'',81,928),(4119,'Sammons TMS :: Visual',80,929),(4120,'',81,929),(4121,'SEFA :: Customs Brokerage.',80,930),(4122,'',81,930),(4123,'Simply Accounting :: Clearingpoint',80,931),(4124,'',81,931),(4125,'SOFT TRANS :: ECS',80,932),(4126,'',81,932),(4127,'SP Informatica :: ediEnterprise  - TH',80,933),(4128,'',81,933),(4129,'Tariff Maintenance :: ULUKOM GUMRUK OZET BEYAN PROGRAMI',80,934),(4130,'',81,934),(4131,'Ulrich (uOp2000) :: BOS EZT',80,935),(4132,'',81,935),(4133,'Visual Freighttrak :: ediEnterprise  - AU',80,936),(4134,'',81,936),(4135,'Webshop :: WinSklad',80,937),(4136,'',81,937),(4137,'wm4000 :: ediEnterprise  - TW',80,938),(4138,'',81,938),(4139,'wm4000 :: ediEnterprise  - CN',80,939),(4140,'',81,939),(4141,'wm4000 :: special customs application',80,940),(4142,'',81,940),(4143,'wm4000 :: ediEnterprise  - JP',80,941),(4144,'',81,941),(4145,'Customer Implementation :: ediEnterprise  - CN',80,942),(4146,'',81,942),(4147,'Customer Information Center :: Cis Tull',80,943),(4148,'',81,943),(4149,'SalesMax :: ADUNET',80,944),(4150,'',81,944),(4151,'Databox 5.0 :: Logisto',80,945),(4152,'',81,945),(4153,'MAXIMIZER :: IDS',80,946),(4154,'',81,946),(4155,'uSell :: eDeclare',80,947),(4156,'',81,947),(4157,'PACO :: Customs',80,948),(4158,'',81,948),(4159,'FOCSLE :: Visual',80,949),(4160,'',81,949),(4161,'Open Accounts :: Deliverance',80,950),(4162,'',81,950),(4163,'CEIL :: Isztar (Taric)',80,951),(4164,'',81,951),(4165,'FF-ProCarS (REIGE) :: Logisto',80,952),(4166,'',81,952),(4167,'Ulrich (uOp2000) :: BOS EZT',80,953),(4168,'',81,953),(4169,'1C Version 7 :: WinSklad',80,954),(4170,'',81,954),(4171,'Access :: Shipping Express',80,955),(4172,'',81,955),(4173,'Accounting & HR :: ediEnterprise  - CN',80,956),(4174,'',81,956),(4175,'Accountview :: ediEnterprise  - KR',80,957),(4176,'',81,957),(4177,'AccPac :: Sklad Celny IDS',80,958),(4178,'',81,958),(4179,'Adin :: eDeclare',80,959),(4180,'',81,959),(4181,'Advantage :: ediEnterprise  - IN',80,960),(4182,'',81,960),(4183,'Axapta Financial system :: Cis Tull',80,961),(4184,'',81,961),(4185,'Best - Fixed Assets :: ediEnterprise  - CN',80,962),(4186,'',81,962),(4187,'Capex management tool :: eDeclare',80,963),(4188,'',81,963),(4189,'CARGO :: Ulrich (uOp2000)',80,964),(4190,'',81,964),(4191,'CEIL :: Tariff Maintenance',80,965),(4192,'',81,965),(4193,'DBIT :: Deliverance',80,966),(4194,'',81,966),(4195,'Delta 1 :: wm4000',80,967),(4196,'',81,967),(4197,'ediEnterprise  - AU :: SP Informatica',80,968),(4198,'',81,968),(4199,'ediEnterprise  - CN :: ediEnterprise  - TW',80,969),(4200,'',81,969),(4201,'ediEnterprise  - IN :: Facturacionautomatica',80,970),(4202,'',81,970),(4203,'ediEnterprise  - JP :: FOCSLE',80,971),(4204,'',81,971),(4205,'ediEnterprise  - KR :: Pilot System',80,972),(4206,'',81,972),(4207,'ediEnterprise  - NZ :: Sammons TMS',80,973),(4208,'',81,973),(4209,'ediEnterprise  - SG :: Axapta Financial system',80,974),(4210,'',81,974),(4211,'ediEnterprise  - TH :: Navision 4.0',80,975),(4212,'',81,975),(4213,'ediEnterprise  - TW :: Helios IQ',80,976),(4214,'',81,976),(4215,'EFNO Version 1.6 :: ediEnterprise  - AU',80,977),(4216,'',81,977),(4217,'Exact :: Pastel',80,978),(4218,'',81,978),(4219,'FAS :: C8 BI Platform',80,979),(4220,'',81,979),(4221,'FF-ProCarS (REIGE) :: EFNO Version 1.6',80,980),(4222,'',81,980),(4223,'Freight Payment Middleware :: Sammons TMS',80,981),(4224,'',81,981),(4225,'Helios IQ :: AccPac',80,982),(4226,'',81,982),(4227,'Indonesia Tax System :: wm4000-EMENA',80,983),(4228,'',81,983),(4229,'Innovating Computing Corporation :: SEFA',80,984),(4230,'',81,984),(4231,'Lawson :: WM4000-APAC',80,985),(4232,'',81,985),(4233,'Multivers :: Material Demand Portal',80,986),(4234,'',81,986),(4235,'Navision :: WM4000-APAC',80,987),(4236,'',81,987),(4237,'Navision 4.0 :: HR',80,988),(4238,'',81,988),(4239,'Pastel :: crec.go2uti.es',80,989),(4240,'',81,989),(4241,'Pastel :: ediEnterprise  - TH',80,990),(4242,'',81,990),(4243,'Pilot System :: Visual Freighttrak',80,991),(4244,'',81,991),(4245,'Quickbooks Pro 2007 :: Hyperion',80,992),(4246,'',81,992),(4247,'Sammons TMS :: i2 supply chain strategist simulator',80,993),(4248,'',81,993),(4249,'Simply Accounting :: Axapta Financial system',80,994),(4250,'',81,994),(4251,'SOFT TRANS :: Starlog',80,995),(4252,'',81,995),(4253,'SoftM :: JcbInven',80,996),(4254,'',81,996),(4255,'SP Informatica :: Indonesia Tax System',80,997),(4256,'',81,997),(4257,'Sun Accounts :: SalesMax',80,998),(4258,'',81,998),(4259,'Ulrich (uOp2000) :: ediEnterprise  - CN',80,999),(4260,'',81,999),(4261,'UTI-Consuldeant No 7 :: Epsilon',80,1000),(4262,'',81,1000),(4263,'Visual Freighttrak :: Sammons TMS',80,1001),(4264,'',81,1001),(4265,'Accounting & HR :: CEIL',80,1002),(4266,'',81,1002),(4267,'ALO MALIYE 2008 :: SOFT TRANS',80,1003),(4268,'',81,1003),(4269,'DataSAP HR :: Contipmap',80,1004),(4270,'',81,1004),(4271,'eLinx :: Simply Accounting',80,1005),(4272,'',81,1005),(4273,'Epsilon :: wm4000-EMENA',80,1006),(4274,'',81,1006),(4275,'HAUFE Personal Office Professional HAUFE Arbeitszeugnisse :: uSell',80,1007),(4276,'',81,1007),(4277,'Helios IQ :: Andlor',80,1008),(4278,'',81,1008),(4279,'HITS :: Webshop',80,1009),(4280,'',81,1009),(4281,'HR :: i2 supply chain strategist simulator',80,1010),(4282,'',81,1010),(4283,'HR :: Contimap',80,1011),(4284,'',81,1011),(4285,'HR :: EFNO Version 1.6',80,1012),(4286,'',81,1012),(4287,'HR System :: ediEnterprise  - SG',80,1013),(4288,'',81,1013),(4289,'IEG AOS :: Multivers',80,1014),(4290,'',81,1014),(4291,'Innovating Computing Corporation :: Contimap',80,1015),(4292,'',81,1015),(4293,'Kali / Expertis Kali :: Pilot System',80,1016),(4294,'',81,1016),(4295,'Lawson :: Sammons TMS',80,1017),(4296,'',81,1017),(4297,'PFRON :: HR',80,1018),(4298,'',81,1018),(4299,'Sammons TMS :: HAUFE Personal Office Professional HAUFE Arbeitszeugnisse',80,1019),(4300,'',81,1019),(4301,'Swansoft :: Pastel',80,1020),(4302,'',81,1020),(4303,'ForecastPro :: Navision',80,1021),(4304,'',81,1021),(4305,'JustEnough :: Logisto',80,1022),(4306,'',81,1022),(4307,'Delta II :: HR System',80,1023),(4308,'',81,1023),(4309,'Material Demand Portal :: ediEnterprise  - SG',80,1024),(4310,'',81,1024),(4311,'wm4000-Americas :: Accounting & HR',80,1025),(4312,'',81,1025),(4313,'GIPS :: Swansoft',80,1026),(4314,'',81,1026),(4315,'GICS MOS :: Supply chain planner',80,1027),(4316,'',81,1027),(4317,'GICS :: Advantage',80,1028),(4318,'',81,1028),(4319,'Navision 3.7 :: RedPraire',80,1029),(4320,'',81,1029),(4321,'Starlog :: Navision 4.0',80,1030),(4322,'',81,1030),(4323,'wm4000-EMENA :: crec.go2uti.es',80,1031),(4324,'',81,1031),(4325,'JDE-WMS :: Facturacionautomatica',80,1032),(4326,'',81,1032),(4327,'RedPraire :: SalesMax',80,1033),(4328,'',81,1033),(4329,'WM4000-APAC :: Ihle',80,1034),(4330,'',81,1034),(4331,'i2 supply chain strategist simulator :: Simply Accounting',80,1035),(4332,'',81,1035),(4333,'Supply chain planner :: UTI-Consuldeant No 7',80,1036),(4334,'',81,1036),(4335,'Inventory planning extension :: CEIL',80,1037),(4336,'',81,1037),(4337,'sh04bkp01 :: sh01ctx08',82,1038),(4338,'',83,1038),(4339,'sh04dc01 :: shbabbs01',82,1039),(4340,'',83,1039),(4341,'sh04dc02 :: sh01dc06',82,1040),(4342,'',83,1040),(4343,'shmladc01 :: shbaamt01-d',82,1041),(4344,'',83,1041),(4345,'shmlapp02 :: shbacsl01',82,1042),(4346,'',83,1042),(4347,'shmofil01a :: sh01fin02',82,1043),(4348,'',83,1043),(4349,'shmofil01b :: shmofil01a',82,1044),(4350,'',83,1044),(4351,'shdanas01 :: shbactx94',82,1045),(4352,'',83,1045),(4353,'shdunas01 :: shbactx91',82,1046),(4354,'',83,1046),(4355,'sh06srv2 :: sh01rsa01',82,1047),(4356,'',83,1047),(4357,'sh06srv3 :: shbactx94',82,1048),(4358,'',83,1048),(4359,'shfinas01 :: shbaapp01',82,1049),(4360,'',83,1049),(4361,'shklnas01 :: shbaghost01',82,1050),(4362,'',83,1050),(4363,'shmanas01 :: sh01dc08',82,1051),(4364,'',83,1051),(4365,'shpanas01 :: sh04bkp01',82,1052),(4366,'',83,1052),(4367,'sy30esx02a :: shbactx82',82,1053),(4368,'',83,1053),(4369,'sy30esx02b :: sy30esx02c',82,1054),(4370,'',83,1054),(4371,'sy30esx02c :: sy30esx02c',82,1055),(4372,'',83,1055),(4373,'sy30esx02d :: sh01gen01',82,1056),(4374,'',83,1056),(4375,'sh01dc06 :: shbahyp02q',82,1057),(4376,'',83,1057),(4377,'sh01sp02 :: shdanas01',82,1058),(4378,'',83,1058),(4379,'shbacyc01 :: shmladc01',82,1059),(4380,'',83,1059),(4381,'sh01av01 :: sh01wim01',82,1060),(4382,'',83,1060),(4383,'sh01dc00 :: shbactx90',82,1061),(4384,'',83,1061),(4385,'sh01dc03 :: shmofil01b',82,1062),(4386,'',83,1062),(4387,'sh01dc04 :: sh01sieb02',82,1063),(4388,'',83,1063),(4389,'sh01dc05 :: sh01mon02',82,1064),(4390,'',83,1064),(4391,'sh01easuk :: shfinas01',82,1065),(4392,'',83,1065),(4393,'sh01fin02 :: sy30esx02c',82,1066),(4394,'',83,1066),(4395,'sh01hr01 :: sh01easuk',82,1067),(4396,'',83,1067),(4397,'sh01mon02 :: sh01fin02',82,1068),(4398,'',83,1068),(4399,'sh01psb :: shbactx94',82,1069),(4400,'',83,1069),(4401,'sh01sta01 :: shbaadc02',82,1070),(4402,'',83,1070),(4403,'sh01web01 :: shbactx90',82,1071),(4404,'',83,1071),(4405,'sh01web02-old :: shbahyp01t',82,1072),(4406,'',83,1072),(4407,'shbabbs01 :: sy30esx02b',82,1073),(4408,'',83,1073),(4409,'shbaghost01 :: sy30esx02c',82,1074),(4410,'',83,1074),(4411,'sh01csg01 :: sh01sta01',82,1075),(4412,'',83,1075),(4413,'sh01ctx08 :: sh01easuk',82,1076),(4414,'',83,1076),(4415,'sh01dc08 :: sh01fin02',82,1077),(4416,'',83,1077),(4417,'sh01fin03 :: shdanas01',82,1078),(4418,'',83,1078),(4419,'sh01gen01 :: sh06srv3',82,1079),(4420,'',83,1079),(4421,'sh01rsa01 :: shbactx90',82,1080),(4422,'',83,1080),(4423,'sh01sieb02 :: shbahyp01q',82,1081),(4424,'',83,1081),(4425,'sh01wim01 :: shbaedc02',82,1082),(4426,'',83,1082),(4427,'shbaapp01 :: sh04dc01',82,1083),(4428,'',83,1083),(4429,'shbaapp02 :: shmlapp02',82,1084),(4430,'',83,1084),(4431,'shbahyp01q :: shfinas01',82,1085),(4432,'',83,1085),(4433,'shbahyp01t :: shmlapp02',82,1086),(4434,'',83,1086),(4435,'shbahyp02q :: shmlapp02',82,1087),(4436,'',83,1087),(4437,'shbahyp02t :: sh04dc01',82,1088),(4438,'',83,1088),(4439,'shbahyp03q :: shbactx90',82,1089),(4440,'',83,1089),(4441,'shbaadc02 :: shbactx91-d',82,1090),(4442,'',83,1090),(4443,'shbaadc03 :: sh01dc05',82,1091),(4444,'',83,1091),(4445,'shbaamt01-d :: sh04dc01',82,1092),(4446,'',83,1092),(4447,'shbacsl01 :: sh01gen01',82,1093),(4448,'',83,1093),(4449,'shbactt01-t :: shpanas01',82,1094),(4450,'',83,1094),(4451,'shbactx80 :: sy30esx02a',82,1095),(4452,'',83,1095),(4453,'shbactx81 :: shbactx90-v',82,1096),(4454,'',83,1096),(4455,'shbactx82 :: sh01wim01',82,1097),(4456,'',83,1097),(4457,'shbactx90 :: sy30esx02d',82,1098),(4458,'',83,1098),(4459,'shbactx90-v :: sh01ctx08',82,1099),(4460,'',83,1099),(4461,'shbactx91 :: sh01wim01',82,1100),(4462,'',83,1100),(4463,'shbactx91-d :: sh01dc00',82,1101),(4464,'',83,1101),(4465,'shbactx92 :: shmofil01a',82,1102),(4466,'',83,1102),(4467,'shbactx93 :: sh01sp02',82,1103),(4468,'',83,1103),(4469,'shbactx94 :: shbaedc01',82,1104),(4470,'',83,1104),(4471,'shbactx95 :: shklnas01',82,1105),(4472,'',83,1105),(4473,'shbaeas01 :: sy30esx02d',82,1106),(4474,'',83,1106),(4475,'shbaedc01 :: shbaedc01',82,1107),(4476,'',83,1107),(4477,'shbaedc02 :: sh01fin02',82,1108),(4478,'',83,1108),(4479,'This asset is an Application Server, which is primarily used as a Back Up server',84,192),(4480,'This asset is an Application Server, which primarily acts as a Domain Controller (Legacy)',84,193),(4481,'This asset is an Application Server, which primarily acts as a Domain Controller (Legacy)',84,194),(4482,'This asset is an Utility Server, which acts as a Domain Controller (CORP)',84,195),(4483,'This asset is an Application Server, which is primarily used application deployment.',84,196),(4484,'This asset is an Application Server on the production environment, which is primarily a File Server Cluster (CORP)',84,197),(4485,'This asset is an Application Server on the production environment, which is primarily a File Server Cluster (CORP)',84,198),(4486,'This asset is an Application Server on the production environment, which is primarily a File Server',84,199),(4487,'This asset is an Utility Server on the test environment, which is primarily a File Server',84,200),(4488,'This asset is an Application Server on the test environment, which is primarily a File Server',84,201),(4489,'This asset is an Application Server on the production environment, which is primarily a File Server',84,202),(4490,'This asset is an Utility Server on the test environment, which is primarily a File Server',84,203),(4491,'This asset is an Utility Server on the test environment, which is primarily a File Server',84,204),(4492,'This asset is an Utility Server on the test environment, which is primarily a File Server',84,205),(4493,'This asset is an Utility Server on the test environment, which is primarily a File Server',84,206),(4494,'This asset is an Application Server on the production environment, which is primarily a File ESX server',84,207),(4495,'This asset is an Application Server on the production environment, which is primarily a File ESX server',84,208),(4496,'This asset is an Application Server on the production environment, which is primarily a File ESX server',84,209),(4497,'This asset is an Application Server on the production environment, which is primarily a File ESX server',84,210),(4498,'This asset is an Application Server on the production environment, which is primarily a Domain Controller (Legacy)',84,211),(4499,'This asset is an Application Server on the production environment, which is primarily a sharepoint server',84,212),(4500,'This asset is an Application Server on the production environment, which is primarily a Cyclone - SGSS',84,213),(4501,'This asset is an Application Server on the production environment, which is primarily an Antivirus Server',84,214),(4502,'This asset is an Application Server on the production environment, which is primarily a Domain Controller (Legacy)',84,215),(4503,'This asset is an Application Server on the production environment, which is primarily a Domain Controller (Legacy)',84,216),(4504,'This asset is an Application Server on the production environment, which is primarily a Domain Controller (Legacy)',84,217),(4505,'This asset is an Application Server on the production environment, which is primarily a Domain Controller (Legacy)',84,218),(4506,'This asset is an Application Server on the production environment, which is primarily a EAS (Legacy)',84,219),(4507,'This asset is an Application Server on the production environment, which primarily host the financial applications.',84,220),(4508,'This asset is an Application Server on the production environment, which primarily host the financial applications.',84,221),(4509,'This asset is an Application Server on the production environment, which is primarily used for network monitoring',84,222),(4510,'This asset is an Application Server on the production environment, this server is a print server.',84,223),(4511,'This asset is an Application Server on the production environment, this server is a EAS Server.',84,224),(4512,'This asset is an Application Server on the production environment, this server is a Snowdrop.',84,225),(4513,'This asset is an Application Server on the production environment, this server is a Web Server for EAS and TestTrackPro',84,226),(4514,'This asset is an Application Server on the production environment, this server is a Blackberry Enterprise Server',84,227),(4515,'This asset is an Application Server on the production environment, this server host the antivirus software',84,228),(4516,'This asset is an Application Server on the production environment, this server is a DMZ, Citrix Secure Gateway',84,229),(4517,'This asset is an Application Server on the production environment, this server is a Citrix Server',84,230),(4518,'This asset is an Application Server on the production environment, which is primarily a Domain Controller (Legacy)',84,231),(4519,'This asset is an Application Server on the production environment, which primarily host the financial applications.',84,232),(4520,'This asset is an Application Server on the production environment, which primarily host the financial applications.',84,233),(4521,'This asset is an Application Server on the production environment, which primarily is a RSA Server',84,234),(4522,'This asset is an Application Server on the production environment, which primarily is a Old SMILE',84,235),(4523,'This asset is an Application Server on the production environment, this server is a AgendaC.',84,236),(4524,'This asset is an Application Server on the production environment, which host the financial applications.',84,237),(4525,'This asset is an Application Server on the production environment, which host the financial applications.',84,238),(4526,'This asset is an Application Server on the Production environment, which is a Hyperion Production Server',84,239),(4527,'This asset is an Application Server on the test environment, which is a Hyperion Development Server',84,240),(4528,'This asset is an Application Server on the Production environment, which is a Hyperion Production Server',84,241),(4529,'This asset is an Application Server on the test environment, which is a Hyperion Development Server',84,242),(4530,'This asset is an Application Server on the Production environment, which is a Hyperion Production Server',84,243),(4531,'This asset is an utility Server on the Production environment, which is a Domain Controller (CORP)',84,244),(4532,'This asset is an utility Server on the Production environment, which is a Domain Controller (CORP)',84,245),(4533,'This asset is an Application Server on the Development environment, which is a Backup Server',84,246),(4534,'This asset is an Application Server on the Production environment, which is a Cyclone - SGSS',84,247),(4535,'This asset is an Application Server on the Production environment, which is a Citrix Server - CTMS',84,248),(4536,'This asset is an Application Server on the Production environment, which is a Citrix Server - SGSS',84,249),(4537,'This asset is an Application Server on the Production environment, which is a Citrix Server - SGSS',84,250),(4538,'This asset is an Application Server on the Production environment, which is a Citrix Server - SGSS',84,251),(4539,'This asset is an Application Server on the Production environment, which is a Citrix Server - SHREK',84,252),(4540,'This asset is an Application Server on the Production environment, which is a Citrix Server - SHREK',84,253),(4541,'This asset is an Application Server on the Production environment, which is a Citrix Server - SHREK',84,254),(4542,'This asset is an Application Server on the Development environment, which is a Citrix Server - SHREK',84,255),(4543,'This asset is an Application Server on the Production environment, which is a Citrix Server - SHREK',84,256),(4544,'This asset is an Application Server on the Production environment, which is a Citrix Server - SHREK',84,257),(4545,'This asset is an Application Server on the Production environment, which is a Citrix Server - SHREK',84,258),(4546,'This asset is an Application Server on the Production environment, which is a Citrix Server - SHREK',84,259),(4547,'This asset is an Application Server on the Production environment, which is an EAS Server',84,260),(4548,'This asset is an Application Server on the Production environment, which is a Domain Controller (CORP)',84,261),(4549,'This asset is an Application Server on the Production environment, which is a Domain Controller (CORP)',84,262),(4550,'MYSQL',85,1109);
/*!40000 ALTER TABLE `asset_data` ENABLE KEYS */;
UNLOCK TABLES;

--
-- Table structure for table `asset_template`
--

DROP TABLE IF EXISTS `asset_template`;
/*!40101 SET @saved_cs_client     = @@character_set_client */;
/*!40101 SET character_set_client = utf8 */;
CREATE TABLE `asset_template` (
  `id` int(11) NOT NULL AUTO_INCREMENT,
  `assetTemplateName` varchar(45) NOT NULL,
  `assetTypeId` int(11) NOT NULL,
  `deleteStatus` tinyint(1) NOT NULL DEFAULT '0',
  `description` text,
  `workspaceId` int(11) NOT NULL,
  `createdBy` int(11) NOT NULL,
  `createdDate` timestamp NOT NULL DEFAULT CURRENT_TIMESTAMP ON UPDATE CURRENT_TIMESTAMP,
  `updatedBy` int(11) NOT NULL,
  `updatedDate` timestamp NOT NULL DEFAULT CURRENT_TIMESTAMP ON UPDATE CURRENT_TIMESTAMP,
  PRIMARY KEY (`id`),
  UNIQUE KEY `assetTemplateName_createdBy_UNIQUE` (`assetTemplateName`,`createdBy`,`assetTypeId`),
  UNIQUE KEY `UK_a35ol4p1y14cnqk9j9yqcoj13` (`assetTemplateName`,`createdBy`,`assetTypeId`),
  KEY `id_idx` (`assetTypeId`),
  KEY `updatedByFk2_idx` (`updatedBy`),
  KEY `createdBy_UNIQUE` (`createdBy`),
  KEY `FK_ASSETTEMPLATE_WORKSPACEID_idx` (`workspaceId`),
  CONSTRAINT `FK_ASSETTEMPLATE_WORKSPACEID` FOREIGN KEY (`workspaceId`) REFERENCES `workspace` (`id`) ON DELETE CASCADE ON UPDATE NO ACTION,
  CONSTRAINT `assetTypeIdFk` FOREIGN KEY (`assetTypeId`) REFERENCES `asset_type` (`id`) ON DELETE CASCADE ON UPDATE NO ACTION,
  CONSTRAINT `createdByFk2` FOREIGN KEY (`createdBy`) REFERENCES `user` (`id`) ON DELETE CASCADE ON UPDATE NO ACTION,
  CONSTRAINT `updatedByFk2` FOREIGN KEY (`updatedBy`) REFERENCES `user` (`id`) ON DELETE CASCADE ON UPDATE NO ACTION
) ENGINE=InnoDB AUTO_INCREMENT=33 DEFAULT CHARSET=latin1;
/*!40101 SET character_set_client = @saved_cs_client */;

--
-- Dumping data for table `asset_template`
--

LOCK TABLES `asset_template` WRITE;
/*!40000 ALTER TABLE `asset_template` DISABLE KEYS */;
INSERT INTO `asset_template` VALUES (1,'Application Inventory',1,0,'Inventory template for application portfolio',1,2,'2015-08-13 10:52:32',2,'2015-08-13 10:52:32'),(2,'Server Inventory',2,0,'',1,2,'2015-08-13 17:49:12',2,'2015-08-13 17:49:12'),(3,'Integration Services Repository',5,0,'',1,2,'2015-08-13 18:26:36',2,'2015-08-13 18:26:36'),(4,'Demo for DK',6,0,'',1,2,'2015-08-14 04:12:52',2,'2015-08-14 04:12:52'),(5,'template test',1,0,'et',1,2,'2015-08-26 11:46:33',2,'2015-08-26 11:46:33'),(6,'sdaffsdf',4,0,'sdfdffdf',1,2,'2015-08-26 11:47:04',2,'2015-08-26 11:47:04'),(7,'dcfsddsf',1,0,'dffdfgfdfg',1,2,'2015-08-26 11:53:46',2,'2015-08-26 11:53:46'),(8,'template 21',5,0,'test',1,2,'2015-08-26 12:07:57',2,'2015-08-26 12:07:57'),(9,'template test',5,0,'',1,2,'2015-08-26 12:09:27',2,'2015-08-26 12:09:27'),(10,'Test template in WS 123',1,0,'here we go!',4,2,'2015-08-30 09:31:41',2,'2015-08-30 09:31:41'),(11,'One template 123',1,0,'',4,2,'2015-08-30 09:32:25',2,'2015-08-30 09:32:25'),(12,'template in ws 123',2,0,'',4,2,'2015-08-30 09:33:43',2,'2015-08-30 09:33:43'),(13,'Template for application',1,0,'',1,2,'2015-08-31 11:16:05',2,'2015-08-31 11:16:05'),(14,'GG\'s template',3,0,'',4,2,'2015-08-31 11:50:03',2,'2015-08-31 11:50:03'),(15,'Customer Interface Repository',7,0,'',1,2,'2015-09-22 06:12:23',2,'2015-09-22 06:12:23'),(16,'Application Inventory for Customer',1,0,'',5,4,'2015-09-23 09:01:22',4,'2015-09-23 09:01:22'),(17,'Interface Inventory for Customer',7,0,'',5,4,'2015-09-23 09:04:43',4,'2015-09-23 09:04:43'),(18,'Sample Template',1,0,'Sample Template',6,5,'2015-10-15 11:11:25',5,'2015-10-15 11:11:25'),(19,'I - Server Inventory',2,0,'Infrastructure inventory / server inventory',5,9,'2015-11-10 03:13:41',9,'2015-11-10 03:13:41'),(20,'Akshays first app inventory',1,0,'',4,2,'2015-11-20 10:11:52',2,'2015-11-20 10:11:52'),(21,'ajitabh_view',2,0,'',4,2,'2015-12-21 10:37:37',2,'2015-12-21 10:37:37'),(22,'Sample Template 1',2,0,'',6,5,'2016-01-04 06:38:48',5,'2016-01-04 06:38:48'),(23,'Server Inventory',2,0,'',7,10,'2016-01-04 11:22:08',10,'2016-01-04 11:22:08'),(24,'Database Inventory',3,0,'',7,10,'2016-01-04 12:33:28',10,'2016-01-04 12:33:28'),(25,'Application Inventory',1,0,'',7,10,'2016-01-04 13:11:49',10,'2016-01-04 13:11:49'),(27,'Interface Inventory (Server - Database)',7,0,'Server to Database Interface inventory',7,10,'2016-01-05 08:00:19',10,'2016-01-05 08:00:19'),(29,'Interface Inventory (App - Server)',7,0,'Application to Server Interface inventory',7,10,'2016-01-06 07:54:30',10,'2016-01-06 07:54:30'),(30,'Interface Inventory (App - App)',7,0,'Application to application Interface inventory',7,10,'2016-01-06 08:09:33',10,'2016-01-06 08:09:33'),(31,'Interface Inventory (Server - Server)',7,0,'Server to Server Interface inventory',7,10,'2016-01-06 10:02:06',10,'2016-01-06 10:02:06'),(32,'SUNIL',3,0,'',5,11,'2016-04-22 10:49:26',11,'2016-04-22 10:49:26');
/*!40000 ALTER TABLE `asset_template` ENABLE KEYS */;
UNLOCK TABLES;

--
-- Table structure for table `asset_template_column`
--

DROP TABLE IF EXISTS `asset_template_column`;
/*!40101 SET @saved_cs_client     = @@character_set_client */;
/*!40101 SET character_set_client = utf8 */;
CREATE TABLE `asset_template_column` (
  `id` int(11) NOT NULL AUTO_INCREMENT,
  `assetTemplateColName` varchar(45) NOT NULL,
  `dataType` varchar(45) NOT NULL,
  `length` int(11) NOT NULL,
  `assetTemplateId` int(11) NOT NULL,
  `deleteStatus` tinyint(1) NOT NULL DEFAULT '0',
  `mandatory` tinyint(1) NOT NULL DEFAULT '0',
  `sequenceNumber` int(11) NOT NULL,
  `createdBy` int(11) NOT NULL,
  `createdDate` timestamp NOT NULL DEFAULT CURRENT_TIMESTAMP ON UPDATE CURRENT_TIMESTAMP,
  `updatedBy` int(11) NOT NULL,
  `updatedDate` timestamp NOT NULL DEFAULT CURRENT_TIMESTAMP,
  PRIMARY KEY (`id`),
  UNIQUE KEY `assetTemplateColName_assetTemplateId_UNIQUE` (`assetTemplateColName`,`assetTemplateId`),
  UNIQUE KEY `UK_i7n89jntp5xq390elbs233689` (`assetTemplateColName`,`assetTemplateId`),
  KEY `createdByFk3_idx` (`createdBy`),
  KEY `updatedByFk3_idx` (`updatedBy`),
  KEY `assettemplateIdFk_idx` (`assetTemplateId`),
  CONSTRAINT `assetTemplateIdFk` FOREIGN KEY (`assetTemplateId`) REFERENCES `asset_template` (`id`) ON DELETE CASCADE ON UPDATE NO ACTION,
  CONSTRAINT `createdByFk3` FOREIGN KEY (`createdBy`) REFERENCES `user` (`id`) ON DELETE CASCADE ON UPDATE NO ACTION,
  CONSTRAINT `updatedByFk3` FOREIGN KEY (`updatedBy`) REFERENCES `user` (`id`) ON DELETE CASCADE ON UPDATE NO ACTION
) ENGINE=InnoDB AUTO_INCREMENT=86 DEFAULT CHARSET=latin1;
/*!40101 SET character_set_client = @saved_cs_client */;

--
-- Dumping data for table `asset_template_column`
--

LOCK TABLES `asset_template_column` WRITE;
/*!40000 ALTER TABLE `asset_template_column` DISABLE KEYS */;
INSERT INTO `asset_template_column` VALUES (1,'Application Name','TEXT',25,1,0,1,1,2,'2015-08-13 10:52:48',2,'2015-08-13 10:52:48'),(2,'Description','TEXT',50,1,0,0,2,2,'2015-08-13 10:53:06',2,'2015-08-13 10:53:06'),(3,'Category 1','TEXT',25,1,0,0,3,2,'2015-08-13 10:53:19',2,'2015-08-13 10:53:56'),(4,'Service Area / Function / Department','TEXT',25,1,0,1,4,2,'2015-08-13 10:53:51',2,'2015-08-13 10:53:51'),(5,'Application Lead','TEXT',50,1,0,1,5,2,'2015-08-13 10:54:15',2,'2015-08-13 10:54:15'),(6,'IT Manager','TEXT',50,1,0,1,6,2,'2015-08-13 10:55:12',2,'2015-08-13 10:55:12'),(7,'Date of Commissioning','DATE',1,1,0,0,7,2,'2015-08-13 10:55:34',2,'2015-08-13 10:55:34'),(8,'Server Name','TEXT',50,2,0,1,1,2,'2015-08-13 17:49:38',2,'2015-08-13 17:49:38'),(9,'FQDN','TEXT',50,2,0,1,2,2,'2015-08-13 17:49:58',2,'2015-08-13 17:49:58'),(10,'Operating System','TEXT',100,2,0,1,3,2,'2015-08-13 17:50:47',2,'2015-08-13 17:50:47'),(11,'Purpose','TEXT',200,2,0,0,4,2,'2015-08-13 17:51:12',2,'2015-08-13 17:51:12'),(12,'Service Name','TEXT',50,3,0,1,1,2,'2015-08-13 18:27:03',2,'2015-08-13 18:27:03'),(13,'Service Description','TEXT',100,3,0,0,2,2,'2015-08-13 18:27:37',2,'2015-08-13 18:27:37'),(14,'Realtime / Batch','TEXT',10,3,0,1,3,2,'2015-08-13 18:28:13',2,'2015-08-13 18:28:13'),(15,'Server Type','TEXT',15,2,0,1,5,2,'2015-08-13 18:29:25',2,'2015-08-13 18:29:25'),(16,'Service name','TEXT',50,4,0,1,1,2,'2015-08-14 04:13:06',2,'2015-08-14 04:13:06'),(17,'column 1','TEXT',50,10,0,1,1,2,'2015-08-30 09:39:16',2,'2015-08-30 09:39:16'),(18,'column 2','TEXT',25,10,0,0,2,2,'2015-08-30 09:39:31',2,'2015-08-30 09:39:31'),(19,'c1','TEXT',4,6,0,1,1,2,'2015-08-30 09:42:34',2,'2015-08-30 09:42:34'),(20,'x2','NUMBER',33,6,0,1,2,2,'2015-08-30 09:42:44',2,'2015-08-30 09:42:44'),(21,'db name','TEXT',25,14,0,1,1,2,'2015-08-31 11:50:17',2,'2015-08-31 11:50:17'),(22,'db platform','TEXT',25,14,0,0,2,2,'2015-08-31 11:50:28',2,'2015-08-31 11:50:28'),(23,'Interface Name','TEXT',50,15,0,1,1,2,'2015-09-22 06:14:14',2,'2015-09-22 06:14:14'),(24,'Interface ID','TEXT',30,15,0,0,2,2,'2015-09-22 06:14:28',2,'2015-09-22 06:14:28'),(25,'Application Name','TEXT',50,16,0,1,1,4,'2015-09-23 09:01:35',2,'2015-12-28 10:07:19'),(26,'Application SPoC email ID','TEXT',50,16,0,0,2,4,'2015-09-23 09:02:01',4,'2015-09-23 09:03:49'),(27,'Application Owner','TEXT',50,16,0,0,3,4,'2015-09-23 09:02:20',4,'2015-09-23 09:03:51'),(28,'Date of Commission','DATE',0,16,0,0,4,4,'2015-09-23 09:02:29',4,'2015-09-23 09:02:29'),(29,'Application ID','TEXT',40,16,0,1,5,4,'2015-09-23 09:03:37',4,'2015-09-23 09:03:37'),(30,'Interface Name','TEXT',50,17,0,1,1,4,'2015-09-23 09:04:55',4,'2015-09-23 09:04:55'),(31,'Interface ID','TEXT',0,17,0,0,2,4,'2015-09-23 09:05:05',4,'2015-09-23 09:05:05'),(32,'Interface Description','TEXT',200,17,0,0,3,4,'2015-09-23 09:05:18',4,'2015-09-23 09:05:18'),(33,'Application Name','TEXT',100,18,0,1,1,5,'2015-10-15 11:24:07',5,'2015-10-15 11:24:07'),(34,'Application Owner Name','TEXT',100,18,0,1,2,5,'2015-10-15 11:24:09',5,'2015-10-15 11:24:09'),(35,'Application Commision Date','DATE',0,18,0,1,3,5,'2015-10-15 11:24:10',5,'2015-10-15 11:24:10'),(36,'Server FQDN','TEXT',60,19,0,1,1,9,'2015-11-10 03:14:11',9,'2015-11-10 03:15:58'),(37,'Description','TEXT',500,19,0,0,2,9,'2015-11-10 03:16:29',9,'2015-11-10 03:16:29'),(38,'Environment','TEXT',10,19,0,1,3,9,'2015-11-10 03:17:03',9,'2015-11-10 03:17:03'),(39,'App Name','TEXT',50,20,0,1,1,2,'2015-11-20 10:12:09',2,'2015-11-20 10:12:09'),(40,'App Owner','TEXT',100,20,0,1,2,2,'2015-11-20 10:12:20',2,'2015-11-20 10:12:20'),(41,'Name','TEXT',35,21,0,1,1,2,'2015-12-21 10:37:49',2,'2015-12-21 10:37:49'),(42,'Name','TEXT',100,22,0,1,1,5,'2016-01-04 06:38:48',5,'2016-01-04 06:38:48'),(43,'Location','TEXT',100,22,0,1,2,5,'2016-01-04 06:40:30',5,'2016-01-04 06:40:30'),(44,'Name','TEXT',100,23,0,1,1,10,'2016-01-04 11:22:08',10,'2016-01-04 11:22:08'),(45,'Server Location','TEXT',50,23,0,0,2,10,'2016-01-04 11:22:34',10,'2016-01-04 11:22:34'),(46,'Server Type','TEXT',30,23,0,0,3,10,'2016-01-04 11:22:47',10,'2016-01-04 11:22:47'),(47,'Make','TEXT',30,23,0,0,4,10,'2016-01-04 11:22:57',10,'2016-01-04 11:22:57'),(48,'Model','TEXT',50,23,0,0,5,10,'2016-01-04 11:23:07',10,'2016-01-04 11:23:07'),(49,'Warranty (Yes / No)','TEXT',4,23,0,0,6,10,'2016-01-04 11:23:50',10,'2016-01-04 11:23:50'),(50,'Warranty End Date','DATE',0,23,0,0,7,10,'2016-01-04 11:24:16',10,'2016-01-04 11:24:16'),(51,'Serial Number','TEXT',20,23,0,0,8,10,'2016-01-04 11:24:54',10,'2016-01-04 11:24:54'),(52,'Cabinet','TEXT',20,23,0,0,9,10,'2016-01-04 11:25:06',10,'2016-01-04 11:25:06'),(53,'OS Version','TEXT',60,23,0,0,10,10,'2016-01-04 11:25:24',10,'2016-01-04 11:25:24'),(54,'Domain','TEXT',20,23,0,0,11,10,'2016-01-04 11:25:37',10,'2016-01-04 11:25:37'),(55,'IP Address','TEXT',15,23,0,0,12,10,'2016-01-04 11:25:48',10,'2016-01-04 11:25:48'),(56,'Server Role','TEXT',30,23,0,0,13,10,'2016-01-04 11:26:10',10,'2016-01-04 11:26:10'),(57,'System Type','TEXT',10,23,0,0,14,10,'2016-01-04 11:26:40',10,'2016-01-04 11:26:40'),(58,'SLA Type','TEXT',20,23,0,0,15,10,'2016-01-04 11:26:55',10,'2016-01-04 11:26:55'),(59,'Name','TEXT',100,24,0,1,1,10,'2016-01-04 12:33:28',10,'2016-01-04 12:33:28'),(60,'Databse Type','TEXT',30,24,0,0,2,10,'2016-01-04 12:33:53',10,'2016-01-04 12:33:53'),(61,'Location','TEXT',30,24,0,0,3,10,'2016-01-04 12:34:05',10,'2016-01-04 12:34:05'),(62,'Maintenance schedule','TEXT',30,24,0,0,4,10,'2016-01-04 12:34:17',10,'2016-01-04 12:34:17'),(63,'Operational status','TEXT',20,24,0,0,5,10,'2016-01-04 12:34:28',10,'2016-01-04 12:34:28'),(64,'Support group','TEXT',30,24,0,0,6,10,'2016-01-04 12:34:38',10,'2016-01-04 12:34:38'),(65,'System Type','TEXT',10,24,0,0,7,10,'2016-01-04 12:34:51',10,'2016-01-04 12:34:51'),(66,'Name','TEXT',100,25,0,1,1,10,'2016-01-04 13:11:49',10,'2016-01-04 13:11:49'),(67,'Description','TEXT',200,25,0,0,2,10,'2016-01-04 13:12:05',10,'2016-01-06 06:17:43'),(68,'LOB Name','TEXT',50,25,0,0,3,10,'2016-01-04 13:12:15',10,'2016-01-04 13:12:15'),(69,'Geo/Country','TEXT',50,25,0,0,4,10,'2016-01-04 13:12:36',10,'2016-01-04 13:12:36'),(70,'Type','TEXT',50,25,0,0,5,10,'2016-01-04 13:12:47',10,'2016-01-04 13:12:47'),(71,'Technology','TEXT',30,25,0,0,6,10,'2016-01-04 13:13:01',10,'2016-01-04 13:13:01'),(74,'Name','TEXT',100,27,0,1,1,10,'2016-01-05 08:00:19',10,'2016-01-05 08:00:19'),(75,'Description','TEXT',100,27,0,0,2,10,'2016-01-05 08:00:34',10,'2016-01-05 08:00:34'),(78,'Name','TEXT',100,29,0,1,1,10,'2016-01-06 07:54:30',10,'2016-01-06 07:54:30'),(79,'Description','TEXT',100,29,0,0,2,10,'2016-01-06 07:54:45',10,'2016-01-06 07:54:45'),(80,'Name','TEXT',100,30,0,1,1,10,'2016-01-06 08:09:33',10,'2016-01-06 08:09:33'),(81,'Description','TEXT',100,30,0,0,2,10,'2016-01-06 08:09:46',10,'2016-01-06 08:09:46'),(82,'Name','TEXT',100,31,0,1,1,10,'2016-01-06 10:02:06',10,'2016-01-06 10:02:06'),(83,'Description','TEXT',100,31,0,0,2,10,'2016-01-06 10:02:20',10,'2016-01-06 10:02:20'),(84,'Description','TEXT',150,23,0,0,16,10,'2016-01-11 10:53:50',10,'2016-01-11 10:53:50'),(85,'Name','TEXT',100,32,0,1,1,11,'2016-04-22 10:49:26',11,'2016-04-22 10:49:26');
/*!40000 ALTER TABLE `asset_template_column` ENABLE KEYS */;
UNLOCK TABLES;

--
-- Table structure for table `asset_type`
--

DROP TABLE IF EXISTS `asset_type`;
/*!40101 SET @saved_cs_client     = @@character_set_client */;
/*!40101 SET character_set_client = utf8 */;
CREATE TABLE `asset_type` (
  `id` int(11) NOT NULL AUTO_INCREMENT,
  `assetTypeName` varchar(45) NOT NULL,
  `deleteStatus` tinyint(1) NOT NULL DEFAULT '0',
  `createdBy` int(11) NOT NULL,
  `createdDate` timestamp NOT NULL DEFAULT CURRENT_TIMESTAMP ON UPDATE CURRENT_TIMESTAMP,
  `updatedBy` int(11) NOT NULL,
  `updatedDate` timestamp NOT NULL DEFAULT CURRENT_TIMESTAMP,
  PRIMARY KEY (`id`),
  UNIQUE KEY `assetTypeName_UNIQUE` (`assetTypeName`),
  UNIQUE KEY `UK_q1gprhj5b79ufwicjvkvef4fw` (`assetTypeName`),
  KEY `createdByFk1_idx` (`createdBy`),
  KEY `updatedByFk1_idx` (`updatedBy`),
  CONSTRAINT `createdByFk1` FOREIGN KEY (`createdBy`) REFERENCES `user` (`id`) ON DELETE CASCADE ON UPDATE NO ACTION,
  CONSTRAINT `updatedByFk1` FOREIGN KEY (`updatedBy`) REFERENCES `user` (`id`) ON DELETE NO ACTION ON UPDATE NO ACTION
) ENGINE=InnoDB AUTO_INCREMENT=8 DEFAULT CHARSET=latin1;
/*!40101 SET character_set_client = @saved_cs_client */;

--
-- Dumping data for table `asset_type`
--

LOCK TABLES `asset_type` WRITE;
/*!40000 ALTER TABLE `asset_type` DISABLE KEYS */;
INSERT INTO `asset_type` VALUES (1,'Application',0,1,'2015-08-13 10:51:31',1,'2015-08-13 10:51:31'),(2,'Server',0,1,'2015-08-13 10:51:31',1,'2015-08-13 10:51:31'),(3,'Database',0,1,'2015-08-13 10:51:31',1,'2015-08-13 10:51:31'),(4,'Person',0,1,'2015-08-13 10:51:31',1,'2015-08-13 10:51:31'),(5,'Business Services',0,1,'2015-08-13 10:51:31',1,'2015-08-13 10:51:31'),(6,'IT Services',0,1,'2015-08-13 10:51:31',1,'2015-08-13 10:51:31'),(7,'Interfaces',0,1,'2015-08-13 10:51:31',1,'2015-08-13 10:51:31');
/*!40000 ALTER TABLE `asset_type` ENABLE KEYS */;
UNLOCK TABLES;

--
-- Table structure for table `asset_type_style`
--

DROP TABLE IF EXISTS `asset_type_style`;
/*!40101 SET @saved_cs_client     = @@character_set_client */;
/*!40101 SET character_set_client = utf8 */;
CREATE TABLE `asset_type_style` (
  `id` int(11) NOT NULL AUTO_INCREMENT,
  `asset_type_id` int(11) NOT NULL,
  `asset_colour` varchar(45) NOT NULL,
  `asset_image` blob,
  `workspaceId` int(11) DEFAULT NULL,
  PRIMARY KEY (`id`),
  UNIQUE KEY `assetTypeId_workspace_uq` (`asset_type_id`,`workspaceId`),
  KEY `assetTypeId_fk_idx` (`asset_type_id`),
  KEY `id_idx` (`asset_type_id`),
  KEY `assetTypeStyle_workspaceId_fk_idx` (`workspaceId`),
  CONSTRAINT `assetTypeId_fk` FOREIGN KEY (`asset_type_id`) REFERENCES `asset_type` (`id`) ON DELETE CASCADE ON UPDATE NO ACTION,
  CONSTRAINT `assetTypeStyle_workspaceId_fk` FOREIGN KEY (`workspaceId`) REFERENCES `workspace` (`id`) ON DELETE NO ACTION ON UPDATE NO ACTION
) ENGINE=InnoDB AUTO_INCREMENT=9 DEFAULT CHARSET=latin1;
/*!40101 SET character_set_client = @saved_cs_client */;

--
-- Dumping data for table `asset_type_style`
--

LOCK TABLES `asset_type_style` WRITE;
/*!40000 ALTER TABLE `asset_type_style` DISABLE KEYS */;
INSERT INTO `asset_type_style` VALUES (1,1,'#8AC007',NULL,NULL),(2,2,'#ADD8E6',NULL,NULL),(3,3,'#FFFF00',NULL,NULL),(4,4,'#FF8C00',NULL,NULL),(5,5,'#FF8C00',NULL,NULL),(6,6,'#FF8C00',NULL,NULL),(7,7,'#FF8C00',NULL,NULL),(8,2,'#FF6347',NULL,8);
/*!40000 ALTER TABLE `asset_type_style` ENABLE KEYS */;
UNLOCK TABLES;

--
-- Table structure for table `bcm`
--

DROP TABLE IF EXISTS `bcm`;
/*!40101 SET @saved_cs_client     = @@character_set_client */;
/*!40101 SET character_set_client = utf8 */;
CREATE TABLE `bcm` (
  `id` int(11) NOT NULL AUTO_INCREMENT,
  `bcmId` int(11) DEFAULT NULL,
  `bcmName` varchar(255) NOT NULL,
  `workspaceId` int(11) DEFAULT NULL,
  `createdBy` int(11) NOT NULL,
  `createdDate` timestamp NOT NULL DEFAULT CURRENT_TIMESTAMP,
  `updatedBy` int(11) NOT NULL,
  `updatedDate` timestamp NOT NULL DEFAULT CURRENT_TIMESTAMP,
  PRIMARY KEY (`id`),
  KEY `bcm_workspaceId_idx` (`workspaceId`),
  KEY `bcm_createdBy_idx` (`createdBy`),
  KEY `bcm_updatedBy_idx` (`updatedBy`),
  KEY `bcm_bcmId_idx` (`bcmId`),
  CONSTRAINT `bcm_bcmId` FOREIGN KEY (`bcmId`) REFERENCES `bcm` (`id`) ON DELETE NO ACTION ON UPDATE NO ACTION,
  CONSTRAINT `bcm_createdBy` FOREIGN KEY (`createdBy`) REFERENCES `user` (`id`) ON DELETE NO ACTION ON UPDATE NO ACTION,
  CONSTRAINT `bcm_updatedBy` FOREIGN KEY (`updatedBy`) REFERENCES `user` (`id`) ON DELETE NO ACTION ON UPDATE NO ACTION,
  CONSTRAINT `bcm_workspaceId` FOREIGN KEY (`workspaceId`) REFERENCES `workspace` (`id`) ON DELETE NO ACTION ON UPDATE NO ACTION
) ENGINE=InnoDB AUTO_INCREMENT=24 DEFAULT CHARSET=latin1;
/*!40101 SET character_set_client = @saved_cs_client */;

--
-- Dumping data for table `bcm`
--

LOCK TABLES `bcm` WRITE;
/*!40000 ALTER TABLE `bcm` DISABLE KEYS */;
INSERT INTO `bcm` VALUES (1,NULL,'BCM Template',NULL,3,'2016-01-05 09:07:02',3,'2016-01-05 09:07:02'),(3,1,'Shaishav BCM',5,10,'2016-01-05 09:53:35',11,'2016-04-20 09:49:08'),(4,NULL,'New BCM Template',NULL,3,'2016-01-07 06:23:07',3,'2016-01-15 11:41:05'),(5,4,'Business Capability Map',7,3,'2016-01-07 07:17:30',11,'2016-04-14 08:35:17'),(6,NULL,'Test BCM',NULL,3,'2016-01-13 12:27:16',3,'2016-01-14 06:38:07'),(7,1,'Test BCM',7,3,'2016-01-13 12:28:46',3,'2016-01-13 12:28:46'),(8,NULL,'Test',NULL,3,'2016-01-14 11:43:13',3,'2016-01-14 11:43:36'),(9,NULL,'ytyyt',NULL,3,'2016-01-14 11:44:04',3,'2016-01-14 12:13:14'),(10,NULL,'yuyusdh',NULL,3,'2016-01-14 11:44:06',10,'2016-04-06 09:48:53'),(11,NULL,'yuyuutyu',NULL,3,'2016-01-14 11:44:16',3,'2016-01-14 12:13:23'),(12,4,'Test BCM',7,3,'2016-01-14 12:37:00',3,'2016-01-14 12:37:00'),(13,10,'fdrhghj',7,3,'2016-01-14 12:37:17',3,'2016-01-14 12:37:17'),(14,6,'hnjghgjh',7,3,'2016-01-14 12:37:29',3,'2016-01-14 12:37:29'),(15,NULL,'yjytjhgj',NULL,3,'2016-01-14 12:37:35',3,'2016-01-14 12:37:38'),(16,NULL,'samar 1',NULL,3,'2016-01-14 12:46:41',3,'2016-01-14 12:46:53'),(17,16,'dxcdcxz',7,3,'2016-01-14 12:47:16',3,'2016-01-14 12:47:16'),(18,NULL,'Agri - Fertilizer ',NULL,11,'2016-04-20 07:18:58',11,'2016-04-20 07:18:58'),(19,18,'Agri - Fertilizer Demo',5,11,'2016-04-20 07:25:40',11,'2016-04-20 07:25:40'),(20,1,'Sunil BCM',5,11,'2016-04-20 09:47:25',11,'2016-04-20 09:47:25'),(21,NULL,'Sunil BCM Template',NULL,11,'2016-04-20 09:47:50',11,'2016-04-20 09:47:50'),(22,1,'Dhruv',5,11,'2016-04-20 09:51:57',11,'2016-04-20 09:51:57'),(23,NULL,'Dhuv BCM Template',NULL,11,'2016-04-20 09:53:39',11,'2016-04-20 09:53:39');
/*!40000 ALTER TABLE `bcm` ENABLE KEYS */;
UNLOCK TABLES;

--
-- Table structure for table `bcm_level`
--

DROP TABLE IF EXISTS `bcm_level`;
/*!40101 SET @saved_cs_client     = @@character_set_client */;
/*!40101 SET character_set_client = utf8 */;
CREATE TABLE `bcm_level` (
  `id` int(11) NOT NULL AUTO_INCREMENT,
  `parentBcmLevelId` int(11) DEFAULT NULL,
  `bcmId` int(11) NOT NULL,
  `levelNumber` int(2) NOT NULL,
  `sequenceNumber` int(11) NOT NULL,
  `bcmLevelName` varchar(60) NOT NULL,
  `category` varchar(30) DEFAULT NULL,
  `createdBy` int(11) NOT NULL,
  `createdDate` timestamp NOT NULL DEFAULT CURRENT_TIMESTAMP,
  `updatedBy` int(11) NOT NULL,
  `updatedDate` timestamp NOT NULL DEFAULT CURRENT_TIMESTAMP,
  PRIMARY KEY (`id`),
  KEY `bcm_level_parentBcmLevelId_fk_idx` (`parentBcmLevelId`),
  KEY `bcm_level_bcmId_fk_idx` (`bcmId`),
  KEY `bcm_level_createdBy_fk_idx` (`createdBy`),
  KEY `bcm_level_updatedBy_fk_idx` (`updatedBy`),
  CONSTRAINT `bcm_level_bcmId_fk` FOREIGN KEY (`bcmId`) REFERENCES `bcm` (`id`) ON DELETE NO ACTION ON UPDATE NO ACTION,
  CONSTRAINT `bcm_level_createdBy_fk` FOREIGN KEY (`createdBy`) REFERENCES `user` (`id`) ON DELETE NO ACTION ON UPDATE NO ACTION,
  CONSTRAINT `bcm_level_parentBcmLevelId_fk` FOREIGN KEY (`parentBcmLevelId`) REFERENCES `bcm_level` (`id`) ON DELETE NO ACTION ON UPDATE NO ACTION,
  CONSTRAINT `bcm_level_updatedBy_fk` FOREIGN KEY (`updatedBy`) REFERENCES `user` (`id`) ON DELETE NO ACTION ON UPDATE NO ACTION
) ENGINE=InnoDB AUTO_INCREMENT=735 DEFAULT CHARSET=latin1;
/*!40101 SET character_set_client = @saved_cs_client */;

--
-- Dumping data for table `bcm_level`
--

LOCK TABLES `bcm_level` WRITE;
/*!40000 ALTER TABLE `bcm_level` DISABLE KEYS */;
INSERT INTO `bcm_level` VALUES (1,NULL,1,0,1,'Customer Management','',3,'2016-01-05 09:07:40',3,'2016-01-05 09:07:40'),(2,1,1,1,1,'Market Strategy','Strategy',3,'2016-01-05 09:08:17',3,'2016-01-05 09:08:17'),(3,1,1,1,2,'Customer Service Strategy','Strategy',3,'2016-01-05 09:08:36',3,'2016-01-05 09:08:36'),(4,1,1,1,3,'Marketing Strategy','Strategy',3,'2016-01-05 09:08:59',3,'2016-01-05 09:08:59'),(5,1,1,1,4,'Customer Risk Assessment','Monitoring',3,'2016-01-05 09:09:35',3,'2016-01-05 09:09:35'),(6,1,1,1,5,'Advisory Services','Monitoring',3,'2016-01-05 09:09:52',3,'2016-01-05 09:09:52'),(7,1,1,1,6,'Campaign Management','Monitoring',3,'2016-01-05 09:10:26',3,'2016-01-05 09:10:26'),(8,1,1,1,7,'Service Management','Monitoring',3,'2016-01-05 09:10:50',3,'2016-01-05 09:10:50'),(9,1,1,1,8,'Customer KYC','Operation',3,'2016-01-05 09:11:11',3,'2016-01-05 09:11:11'),(10,1,1,1,9,'Customer Reporting','Operation',3,'2016-01-05 09:11:39',3,'2016-01-05 09:11:39'),(11,1,1,1,10,'Channel Management','Operation',3,'2016-01-05 09:12:00',3,'2016-01-05 09:12:00'),(12,1,1,1,11,'Advertising','Operation',3,'2016-01-05 09:12:33',3,'2016-01-05 09:12:33'),(13,1,1,1,12,'Public Relations','Operation',3,'2016-01-05 09:12:55',3,'2016-01-05 09:12:55'),(14,1,1,1,13,'Customer On-Boarding','Operation',3,'2016-01-05 09:13:41',3,'2016-01-05 09:13:41'),(15,1,1,1,14,'Compliance Training','Operation',3,'2016-01-05 09:14:31',3,'2016-01-05 09:14:31'),(16,1,1,1,15,'Corporate Secretarial','Operation',3,'2016-01-05 09:14:51',3,'2016-01-05 09:14:51'),(17,NULL,1,0,2,'Accounting','',3,'2016-01-05 09:15:36',3,'2016-01-05 09:15:36'),(18,17,1,1,1,'Financial Planning & Forecasting','Strategy',3,'2016-01-05 09:15:59',3,'2016-01-05 09:15:59'),(19,17,1,1,2,'Capital Appropriation Planning','Strategy',3,'2016-01-05 09:16:31',3,'2016-01-05 09:16:31'),(20,17,1,1,3,'Finance Controls','Strategy',3,'2016-01-05 09:16:55',3,'2016-01-05 09:16:55'),(21,17,1,1,4,'Financial Reporting','Monitoring',3,'2016-01-05 09:17:30',3,'2016-01-05 09:17:30'),(22,17,1,1,5,'Cost Management','Monitoring',3,'2016-01-05 09:18:06',3,'2016-01-05 09:18:06'),(23,17,1,1,6,'Accounting & GL','Operation',3,'2016-01-05 09:18:37',3,'2016-01-05 09:18:37'),(24,17,1,1,7,'Tax Management','Operation',3,'2016-01-05 09:18:57',3,'2016-01-05 09:18:57'),(25,17,1,1,8,'Account Payables + Rebates','Operation',3,'2016-01-05 09:19:28',3,'2016-01-05 09:19:28'),(26,17,1,1,9,'Account Receivables','Operation',3,'2016-01-05 09:19:46',3,'2016-01-05 09:19:46'),(27,17,1,1,10,'Fixed Asset','Operation',3,'2016-01-05 09:20:07',3,'2016-01-05 09:20:07'),(28,17,1,1,11,'Payroll','Operation',3,'2016-01-05 09:20:30',3,'2016-01-05 09:20:30'),(29,17,1,1,12,'Treasury & Cash Management','Operation',3,'2016-01-05 09:20:52',3,'2016-01-05 09:20:52'),(30,17,1,1,13,'Financial Reporting','Operation',3,'2016-01-05 09:21:11',3,'2016-01-05 09:21:11'),(31,NULL,1,0,3,'Trading','',3,'2016-01-05 09:21:32',3,'2016-01-05 09:21:32'),(32,31,1,1,1,'Sales & Research','Strategy',3,'2016-01-05 09:21:52',3,'2016-01-05 09:21:52'),(33,31,1,1,2,'Trading','Monitoring',3,'2016-01-05 09:22:20',3,'2016-01-05 09:22:20'),(34,31,1,1,3,'Pricing','Monitoring',3,'2016-01-05 09:22:40',3,'2016-01-05 09:22:40'),(35,31,1,1,4,'Client Servicing','Operation',3,'2016-01-05 09:23:11',3,'2016-01-05 09:23:11'),(36,31,1,1,5,'Order Management','Operation',3,'2016-01-05 09:23:26',3,'2016-01-05 09:23:26'),(37,NULL,1,0,4,'Trading Support','',3,'2016-01-05 09:24:35',3,'2016-01-05 09:24:35'),(38,37,1,1,1,'Collateral Management','Strategy',3,'2016-01-05 09:24:59',3,'2016-01-05 09:24:59'),(39,37,1,1,2,'Validation Management','Strategy',3,'2016-01-05 09:25:16',3,'2016-01-05 09:25:16'),(40,31,1,1,6,'Risk Management','Strategy',3,'2016-01-05 09:25:36',3,'2016-01-05 09:25:36'),(41,37,1,1,3,'Risk Management','Strategy',3,'2016-01-05 09:25:56',3,'2016-01-05 09:25:56'),(42,37,1,1,4,'Reconciliation Strategy','Strategy',3,'2016-01-05 09:26:16',3,'2016-01-05 09:26:16'),(43,37,1,1,5,'Conformation','Monitoring',3,'2016-01-05 09:26:39',3,'2016-01-05 09:26:39'),(44,37,1,1,6,'Netting','Monitoring',3,'2016-01-05 09:26:59',3,'2016-01-05 09:26:59'),(45,37,1,1,7,'Settlement','Monitoring',3,'2016-01-05 09:27:16',3,'2016-01-05 09:27:16'),(46,37,1,1,8,'Matching and Affirmation','Operation',3,'2016-01-05 09:27:55',3,'2016-01-05 09:27:55'),(47,37,1,1,9,'Allocation','Operation',3,'2016-01-05 09:28:20',3,'2016-01-05 09:28:20'),(48,37,1,1,10,'Enrichment','Operation',3,'2016-01-05 09:28:39',3,'2016-01-05 09:28:39'),(49,37,1,1,11,'P/L Calculation','Operation',3,'2016-01-05 09:28:57',3,'2016-01-05 09:28:57'),(50,NULL,1,0,5,'Other Services','',3,'2016-01-05 09:29:16',3,'2016-01-05 09:29:16'),(51,50,1,1,1,'Market Data Management','Monitoring',3,'2016-01-05 09:29:43',3,'2016-01-05 09:29:43'),(52,50,1,1,2,'External Entity Interfaces','Monitoring',3,'2016-01-05 09:30:00',3,'2016-01-05 09:30:00'),(53,50,1,1,3,'Reference Data','Operation',3,'2016-01-05 09:30:21',3,'2016-01-05 09:30:21'),(54,37,1,1,12,'Financial Messaging','Operation',3,'2016-01-05 09:30:53',3,'2016-01-05 09:30:53'),(55,50,1,1,4,'Financial Messaging','Operation',3,'2016-01-05 09:31:23',3,'2016-01-05 09:31:23'),(111,NULL,3,0,1,'Customer Management','',10,'2016-01-05 09:53:35',10,'2016-01-05 09:53:35'),(112,111,3,1,1,'Market Strategy','Strategy',10,'2016-01-05 09:53:35',10,'2016-01-05 09:53:35'),(113,111,3,1,2,'Customer Service Strategy','Strategy',10,'2016-01-05 09:53:35',10,'2016-01-05 09:53:35'),(114,111,3,1,3,'Marketing Strategy','Strategy',10,'2016-01-05 09:53:35',10,'2016-01-05 09:53:35'),(115,111,3,1,4,'Customer Risk Assessment','Monitoring',10,'2016-01-05 09:53:35',10,'2016-01-05 09:53:35'),(116,111,3,1,5,'Advisory Services','Monitoring',10,'2016-01-05 09:53:35',10,'2016-01-05 09:53:35'),(117,111,3,1,6,'Campaign Management','Monitoring',10,'2016-01-05 09:53:35',10,'2016-01-05 09:53:35'),(118,111,3,1,7,'Service Management','Monitoring',10,'2016-01-05 09:53:35',10,'2016-01-05 09:53:35'),(119,111,3,1,8,'Customer KYC','Operation',10,'2016-01-05 09:53:35',10,'2016-01-05 09:53:35'),(120,111,3,1,9,'Customer Reporting','Operation',10,'2016-01-05 09:53:35',10,'2016-01-05 09:53:35'),(121,111,3,1,10,'Channel Management','Operation',10,'2016-01-05 09:53:35',10,'2016-01-05 09:53:35'),(122,111,3,1,11,'Advertising','Operation',10,'2016-01-05 09:53:35',10,'2016-01-05 09:53:35'),(123,111,3,1,12,'Public Relations','Operation',10,'2016-01-05 09:53:35',10,'2016-01-05 09:53:35'),(124,111,3,1,13,'Customer On-Boarding','Operation',10,'2016-01-05 09:53:35',10,'2016-01-05 09:53:35'),(125,111,3,1,14,'Compliance Training','Operation',10,'2016-01-05 09:53:35',10,'2016-01-05 09:53:35'),(126,111,3,1,15,'Corporate Secretarial','Operation',10,'2016-01-05 09:53:35',10,'2016-01-05 09:53:35'),(127,NULL,3,0,2,'Accounting','',10,'2016-01-05 09:53:35',10,'2016-01-05 09:53:35'),(128,127,3,1,1,'Financial Planning & Forecasting','Strategy',10,'2016-01-05 09:53:35',10,'2016-01-05 09:53:35'),(129,127,3,1,2,'Capital Appropriation Planning','Strategy',10,'2016-01-05 09:53:35',10,'2016-01-05 09:53:35'),(130,127,3,1,3,'Finance Controls','Strategy',10,'2016-01-05 09:53:35',10,'2016-01-05 09:53:35'),(131,127,3,1,4,'Financial Reporting','Monitoring',10,'2016-01-05 09:53:35',11,'2016-04-19 09:38:07'),(132,127,3,1,5,'CostManagement','Monitoring',10,'2016-01-05 09:53:35',11,'2016-04-19 09:39:20'),(133,127,3,1,6,'Accounting & GL','Operation',10,'2016-01-05 09:53:35',10,'2016-01-05 09:53:35'),(134,127,3,1,7,'Tax Management','Operation',10,'2016-01-05 09:53:35',10,'2016-01-05 09:53:35'),(135,127,3,1,8,'Account Payables + Rebates','Operation',10,'2016-01-05 09:53:35',10,'2016-01-05 09:53:35'),(136,127,3,1,9,'Account Receivables','Operation',10,'2016-01-05 09:53:35',10,'2016-01-05 09:53:35'),(137,127,3,1,10,'Fixed Asset','Operation',10,'2016-01-05 09:53:35',10,'2016-01-05 09:53:35'),(138,127,3,1,11,'Payroll','Operation',10,'2016-01-05 09:53:35',10,'2016-01-05 09:53:35'),(139,127,3,1,12,'Treasury & Cash Management','Operation',10,'2016-01-05 09:53:35',10,'2016-01-05 09:53:35'),(140,127,3,1,13,'Financial Reporting','Operation',10,'2016-01-05 09:53:35',10,'2016-01-05 09:53:35'),(141,NULL,3,0,3,'Trading','',10,'2016-01-05 09:53:35',10,'2016-01-05 09:53:35'),(142,141,3,1,1,'Sales & Research','Strategy',10,'2016-01-05 09:53:35',10,'2016-01-05 09:53:35'),(143,141,3,1,2,'Trading','Monitoring',10,'2016-01-05 09:53:35',10,'2016-01-05 09:53:35'),(144,141,3,1,3,'Pricing','Monitoring',10,'2016-01-05 09:53:35',10,'2016-01-05 09:53:35'),(145,141,3,1,4,'Client Servicing','Operation',10,'2016-01-05 09:53:35',10,'2016-01-05 09:53:35'),(146,141,3,1,5,'Order Management','Operation',10,'2016-01-05 09:53:35',10,'2016-01-05 09:53:35'),(147,141,3,1,6,'Risk Management','Strategy',10,'2016-01-05 09:53:35',10,'2016-01-05 09:53:35'),(148,NULL,3,0,4,'Trading Support','',10,'2016-01-05 09:53:35',10,'2016-01-05 09:53:35'),(149,148,3,1,1,'Collateral Management','Strategy',10,'2016-01-05 09:53:35',10,'2016-01-05 09:53:35'),(150,148,3,1,2,'Validation Management','Strategy',10,'2016-01-05 09:53:35',10,'2016-01-05 09:53:35'),(151,148,3,1,3,'Risk Management','Strategy',10,'2016-01-05 09:53:35',10,'2016-01-05 09:53:35'),(152,148,3,1,4,'Reconciliation Strategy','Strategy',10,'2016-01-05 09:53:35',10,'2016-01-05 09:53:35'),(153,148,3,1,5,'Conformation','Monitoring',10,'2016-01-05 09:53:35',10,'2016-01-05 09:53:35'),(154,148,3,1,6,'Netting','Monitoring',10,'2016-01-05 09:53:35',10,'2016-01-05 09:53:35'),(155,148,3,1,7,'Settlement','Monitoring',10,'2016-01-05 09:53:36',10,'2016-01-05 09:53:36'),(156,148,3,1,8,'Matching and Affirmation','Operation',10,'2016-01-05 09:53:36',10,'2016-01-05 09:53:36'),(157,148,3,1,9,'Allocation','Operation',10,'2016-01-05 09:53:36',10,'2016-01-05 09:53:36'),(158,148,3,1,10,'Enrichment','Operation',10,'2016-01-05 09:53:36',10,'2016-01-05 09:53:36'),(159,148,3,1,11,'P/L Calculation','Operation',10,'2016-01-05 09:53:36',10,'2016-01-05 09:53:36'),(160,148,3,1,12,'Financial Messaging','Operation',10,'2016-01-05 09:53:36',10,'2016-01-05 09:53:36'),(161,NULL,3,0,5,'Other Services','',10,'2016-01-05 09:53:36',10,'2016-01-05 09:53:36'),(162,161,3,1,1,'Market Data Management','Monitoring',10,'2016-01-05 09:53:36',10,'2016-01-05 09:53:36'),(163,161,3,1,2,'External Entity Interfaces','Monitoring',10,'2016-01-05 09:53:36',10,'2016-01-05 09:53:36'),(164,161,3,1,3,'Reference Data','Operation',10,'2016-01-05 09:53:36',10,'2016-01-05 09:53:36'),(165,161,3,1,4,'Financial Messaging','Operation',10,'2016-01-05 09:53:36',10,'2016-01-05 09:53:36'),(166,NULL,4,0,1,'Legal','',3,'2016-01-07 06:23:24',3,'2016-01-13 12:26:31'),(167,NULL,4,0,2,'Finance','',3,'2016-01-07 06:23:40',3,'2016-01-07 06:23:40'),(168,NULL,4,0,3,'Business Development','',3,'2016-01-07 06:23:52',3,'2016-01-07 06:23:52'),(169,NULL,4,0,4,'IT','',3,'2016-01-07 06:24:06',3,'2016-01-07 06:24:06'),(170,NULL,4,0,5,'HR','',3,'2016-01-07 06:24:18',3,'2016-01-07 06:24:18'),(171,NULL,4,0,6,'Marketing','',3,'2016-01-07 06:24:29',3,'2016-01-07 06:24:29'),(172,NULL,4,0,7,'Sales','',3,'2016-01-07 06:24:42',3,'2016-01-07 06:24:42'),(173,NULL,4,0,8,'Supply Chain','',3,'2016-01-07 06:25:46',3,'2016-01-07 06:25:46'),(174,NULL,4,0,9,'R & D Technology','',3,'2016-01-07 06:25:56',3,'2016-01-07 14:27:00'),(175,NULL,4,0,10,'Planning','',3,'2016-01-07 06:26:07',3,'2016-01-07 06:26:07'),(176,166,4,1,1,'Legal Strategy','Strategy',3,'2016-01-07 06:31:52',3,'2016-01-07 06:31:52'),(177,166,4,1,2,'Policy Formulation','Strategy',3,'2016-01-07 06:32:12',3,'2016-01-07 06:32:12'),(178,166,4,1,3,'Contract Framework','Strategy',3,'2016-01-07 06:32:25',3,'2016-01-07 06:32:25'),(179,166,4,1,4,'IP Strategy','Strategy',3,'2016-01-07 06:32:36',3,'2016-01-07 06:32:36'),(180,166,4,1,5,'Audit Management','Monitoring',3,'2016-01-07 06:32:58',3,'2016-01-07 06:32:58'),(181,166,4,1,6,'Contract Changes','Monitoring',3,'2016-01-07 06:33:21',3,'2016-01-07 06:33:21'),(182,166,4,1,7,'Compliance & Obligations Monitoring','Monitoring',3,'2016-01-07 06:33:38',3,'2016-01-07 06:33:38'),(183,166,4,1,8,'Contract Authoring','Operation',3,'2016-01-07 06:34:02',3,'2016-01-07 06:34:02'),(184,166,4,1,9,'Contract Administration','Operation',3,'2016-01-07 06:34:22',3,'2016-01-07 06:34:22'),(185,166,4,1,10,'IP Management','Operation',3,'2016-01-07 06:34:42',3,'2016-01-07 06:34:42'),(186,166,4,1,11,'Litigation Support','Operation',3,'2016-01-07 06:35:11',3,'2016-01-07 06:35:11'),(187,166,4,1,12,'Compliance Enforcement','Operation',3,'2016-01-07 06:35:29',3,'2016-01-07 06:35:29'),(188,166,4,1,13,'Compliance Training','Operation',3,'2016-01-07 06:35:45',3,'2016-01-07 06:35:45'),(189,166,4,1,14,'Corporate Secretarial','Operation',3,'2016-01-07 06:36:04',3,'2016-01-07 06:36:04'),(190,167,4,1,1,'Financial Planning & Forecasting','Strategy',3,'2016-01-07 06:36:30',3,'2016-01-07 06:36:30'),(191,167,4,1,2,'Licensing / Targeting Acquisitions Management','Strategy',3,'2016-01-07 06:37:45',3,'2016-01-07 06:37:45'),(192,167,4,1,3,'Capital Appropriation Planning','Strategy',3,'2016-01-07 06:38:01',3,'2016-01-07 06:38:01'),(193,167,4,1,4,'Finance Controls','Strategy',3,'2016-01-07 06:38:16',3,'2016-01-07 06:38:16'),(194,167,4,1,5,'Financial Reporting','Monitoring',3,'2016-01-07 06:39:00',3,'2016-01-07 06:39:00'),(195,167,4,1,6,'Cost Management','Monitoring',3,'2016-01-07 06:39:27',3,'2016-01-07 06:39:27'),(196,167,4,1,7,'Accounting & GL','Operation',3,'2016-01-07 06:39:44',3,'2016-01-07 06:39:44'),(197,167,4,1,8,'Tax Management','Operation',3,'2016-01-07 06:40:00',3,'2016-01-07 06:40:00'),(198,167,4,1,9,'Account Payables + Rebates','Operation',3,'2016-01-07 06:40:17',3,'2016-01-07 06:40:17'),(199,167,4,1,10,'Account Receivables','Operation',3,'2016-01-07 06:40:29',3,'2016-01-07 06:40:29'),(200,167,4,1,11,'Fixed Asset','Operation',3,'2016-01-07 06:40:50',3,'2016-01-07 06:40:50'),(201,167,4,1,12,'Payroll','Operation',3,'2016-01-07 06:41:08',3,'2016-01-07 06:41:08'),(202,167,4,1,13,'Treasury & Cash Management','Operation',3,'2016-01-07 06:41:23',3,'2016-01-07 06:41:23'),(203,168,4,1,1,'Business Strategy','Strategy',3,'2016-01-07 06:41:53',3,'2016-01-07 06:41:53'),(204,168,4,1,2,'Licensing / Targeting Acquisitions Management','Strategy',3,'2016-01-07 06:42:08',3,'2016-01-07 06:42:08'),(205,168,4,1,3,'Product Lifecycle Planning','Strategy',3,'2016-01-07 06:43:13',3,'2016-01-07 06:43:13'),(206,168,4,1,4,'Acquisition Monitoring','Monitoring',3,'2016-01-07 06:43:33',3,'2016-01-07 06:43:33'),(207,168,4,1,5,'Product Life Cycle Monitoring','Monitoring',3,'2016-01-07 06:43:47',3,'2016-01-07 06:43:47'),(208,168,4,1,6,'Forecasting / Demand Planning Operations','Monitoring',3,'2016-01-07 06:44:11',3,'2016-01-07 06:44:11'),(209,168,4,1,7,'Licensing / Target Acquisitions','Operation',3,'2016-01-07 06:44:29',3,'2016-01-07 06:44:29'),(210,168,4,1,8,'3rd Party Account Management','Operation',3,'2016-01-07 06:44:43',3,'2016-01-07 06:44:43'),(211,169,4,1,1,'IT Strategy','Strategy',3,'2016-01-07 06:45:10',3,'2016-01-07 06:45:10'),(212,169,4,1,2,'Demand Management','Strategy',3,'2016-01-07 06:45:27',3,'2016-01-07 06:45:27'),(213,168,4,1,9,'Portfolio Management','Strategy',3,'2016-01-07 06:45:41',3,'2016-01-07 06:45:41'),(214,169,4,1,3,'Portfolio Management','Strategy',3,'2016-01-07 06:46:18',3,'2016-01-07 06:46:18'),(215,169,4,1,4,'Continuous Service Improvement','Monitoring',3,'2016-01-07 06:46:40',3,'2016-01-07 06:46:40'),(216,169,4,1,5,'Service Reporting','Monitoring',3,'2016-01-07 06:47:03',3,'2016-01-07 06:47:03'),(217,169,4,1,6,'Risk Management','Monitoring',3,'2016-01-07 06:47:22',3,'2016-01-07 06:47:22'),(218,169,4,1,7,'Program Management','Operation',3,'2016-01-07 06:47:40',3,'2016-01-07 06:47:40'),(219,169,4,1,8,'Project Execution','Operation',3,'2016-01-07 06:47:56',3,'2016-01-07 06:47:56'),(220,169,4,1,9,'Service Operations','Operation',3,'2016-01-07 06:48:13',3,'2016-01-07 06:48:13'),(221,170,4,1,1,'Organization Strategy Planning','Strategy',3,'2016-01-07 06:48:51',3,'2016-01-07 06:48:51'),(222,170,4,1,2,'Performance Management','Monitoring',3,'2016-01-07 06:49:11',3,'2016-01-07 06:49:11'),(223,170,4,1,3,'Corporate Social Responsibility','Monitoring',3,'2016-01-07 06:49:26',3,'2016-01-07 06:49:26'),(224,170,4,1,4,'HR Administration','Operation',3,'2016-01-07 06:56:02',3,'2016-01-07 06:56:02'),(225,170,4,1,5,'Benefits','Operation',3,'2016-01-07 06:56:18',3,'2016-01-07 06:56:18'),(226,170,4,1,6,'Compensation Mgmt.','Operation',3,'2016-01-07 06:56:55',3,'2016-01-07 06:56:55'),(227,170,4,1,7,'Recruitment','Operation',3,'2016-01-07 06:57:09',3,'2016-01-07 06:57:09'),(228,170,4,1,8,'Learning and Development','Operation',3,'2016-01-07 06:57:28',3,'2016-01-07 06:57:28'),(229,170,4,1,9,'Facilities Mgmt.','Operation',3,'2016-01-07 06:57:53',3,'2016-01-07 06:57:53'),(230,170,4,1,10,'Compliance Mgmt.','Operation',3,'2016-01-07 06:58:10',3,'2016-01-07 06:58:10'),(231,170,4,1,11,'Time Mgmt.','Operation',3,'2016-01-07 06:58:26',3,'2016-01-07 06:58:26'),(232,170,4,1,12,'Reporting','Operation',3,'2016-01-07 06:58:42',3,'2016-01-07 06:58:42'),(233,171,4,1,1,'Forecasting / Demand Planning','Strategy',3,'2016-01-07 06:59:08',3,'2016-01-07 06:59:08'),(234,171,4,1,2,'MOA / Product Prioritization','Strategy',3,'2016-01-07 06:59:29',3,'2016-01-07 06:59:29'),(235,171,4,1,3,'Budget Forecasting','Strategy',3,'2016-01-07 06:59:43',3,'2016-01-07 06:59:43'),(236,171,4,1,4,'Market Monitoring','Monitoring',3,'2016-01-07 07:00:23',3,'2016-01-07 07:00:23'),(237,171,4,1,5,'Product Lifecycle Management','Operation',3,'2016-01-07 07:00:37',3,'2016-01-07 07:00:37'),(238,171,4,1,6,'Marketing Comms. Mgmt.','Operation',3,'2016-01-07 07:00:59',3,'2016-01-07 07:02:50'),(239,171,4,1,7,'Brand Development','Operation',3,'2016-01-07 07:01:12',3,'2016-01-07 07:02:59'),(240,171,4,1,8,'Stakeholder DB Management','Operation',3,'2016-01-07 07:01:36',3,'2016-01-07 07:03:06'),(241,171,4,1,9,'Promotions Management','Operation',3,'2016-01-07 07:01:59',3,'2016-01-07 07:03:13'),(242,172,4,1,1,'Forecasting / Demand Planning','Strategy',3,'2016-01-07 07:03:34',3,'2016-01-07 07:03:34'),(243,172,4,1,2,'Sales Strategy','Strategy',3,'2016-01-07 07:03:51',3,'2016-01-07 07:03:51'),(244,172,4,1,3,'Channel / GTM Strategy','Strategy',3,'2016-01-07 07:04:04',3,'2016-01-07 07:04:04'),(245,172,4,1,4,'Complaints Management','Monitoring',3,'2016-01-07 07:05:36',3,'2016-01-07 07:05:36'),(246,172,4,1,5,'Supply Chain Tracking','Monitoring',3,'2016-01-07 07:05:54',3,'2016-01-07 07:05:54'),(247,172,4,1,6,'SLA Management','Monitoring',3,'2016-01-07 07:06:25',3,'2016-01-07 07:06:25'),(248,172,4,1,7,'Distributor Management','Operation',3,'2016-01-07 07:06:47',3,'2016-01-07 07:06:47'),(249,172,4,1,8,'CRM','Operation',3,'2016-01-07 07:07:22',3,'2016-01-07 07:07:22'),(250,172,4,1,9,'Inventory Management','Operation',3,'2016-01-07 07:07:39',3,'2016-01-07 07:07:39'),(251,172,4,1,10,'Pull Through via Sales Rep','Operation',3,'2016-01-07 07:08:00',3,'2016-01-07 07:08:00'),(252,172,4,1,11,'Sales Order Management','Operation',3,'2016-01-07 07:08:20',3,'2016-01-07 07:08:20'),(253,173,4,1,1,'Forecasting / Demand Planning','Strategy',3,'2016-01-07 07:08:45',3,'2016-01-07 07:08:45'),(254,173,4,1,2,'Production Planning','Strategy',3,'2016-01-07 07:08:59',3,'2016-01-07 07:08:59'),(255,173,4,1,3,'Distribution Planning','Strategy',3,'2016-01-07 07:09:11',3,'2016-01-07 07:09:11'),(256,173,4,1,4,'Material Planning','Strategy',3,'2016-01-07 07:09:26',3,'2016-01-07 07:09:26'),(257,173,4,1,5,'Supplier Coordination','Monitoring',3,'2016-01-07 07:09:56',3,'2016-01-07 07:09:56'),(258,173,4,1,6,'Supply Chain Tracking','Monitoring',3,'2016-01-07 07:10:14',3,'2016-01-07 07:10:21'),(259,173,4,1,7,'Inspection','Monitoring',3,'2016-01-07 07:10:45',3,'2016-01-07 07:10:45'),(260,173,4,1,8,'Procurement','Operation',3,'2016-01-07 07:11:04',3,'2016-01-07 07:11:04'),(261,173,4,1,9,'Inventory Management','Operation',3,'2016-01-07 07:11:19',3,'2016-01-07 07:11:19'),(262,173,4,1,10,'Sales Order Management','Operation',3,'2016-01-07 07:11:34',3,'2016-01-07 07:11:34'),(263,173,4,1,11,'Work Order Management','Operation',3,'2016-01-07 07:11:52',3,'2016-01-07 07:11:52'),(264,174,4,1,1,'Discovery','Strategy',3,'2016-01-07 07:12:13',3,'2016-01-07 07:12:13'),(265,174,4,1,2,'Development Planning','Strategy',3,'2016-01-07 07:12:28',3,'2016-01-07 07:12:28'),(266,174,4,1,3,'Regulatory Science','Strategy',3,'2016-01-07 07:12:43',3,'2016-01-07 07:12:43'),(267,174,4,1,4,'Formulation Science','Strategy',3,'2016-01-07 07:12:55',3,'2016-01-07 07:12:55'),(268,174,4,1,5,'Development Monitoring','Monitoring',3,'2016-01-07 07:13:57',3,'2016-01-07 07:13:57'),(269,174,4,1,6,'Product Lifecycle Management','Monitoring',3,'2016-01-07 07:14:08',3,'2016-01-07 07:14:08'),(270,174,4,1,7,'Product Lifecycle Management','Operation',3,'2016-01-07 07:14:16',3,'2016-01-07 07:14:16'),(271,174,4,1,8,'Early Development Execution','Operation',3,'2016-01-07 07:14:34',3,'2016-01-07 07:14:34'),(272,174,4,1,9,'Commercial  Development','Operation',3,'2016-01-07 07:14:50',3,'2016-01-07 07:14:50'),(273,174,4,1,10,'Product Launch','Operation',3,'2016-01-07 07:15:08',3,'2016-01-07 07:15:08'),(274,175,4,1,1,'Forecasting / Demand Planning','Strategy',3,'2016-01-07 07:15:31',3,'2016-01-07 07:15:31'),(275,175,4,1,2,'Overall Strategy Formulation','Strategy',3,'2016-01-07 07:15:45',3,'2016-01-07 07:15:45'),(276,175,4,1,3,'Budget Planning','Strategy',3,'2016-01-07 07:15:58',3,'2016-01-07 07:15:58'),(277,175,4,1,4,'Plan Monitoring','Monitoring',3,'2016-01-07 07:16:11',3,'2016-01-07 07:16:11'),(278,175,4,1,5,'Results Review','Operation',3,'2016-01-07 07:16:27',3,'2016-01-07 07:16:27'),(279,175,4,1,6,'SCC Reporting','Operation',3,'2016-01-07 07:16:54',3,'2016-01-07 07:16:54'),(280,NULL,5,0,1,'Legal','',3,'2016-01-07 07:17:31',3,'2016-01-07 07:17:31'),(281,280,5,1,1,'Legal Strategy','Strategy',3,'2016-01-07 07:17:31',3,'2016-01-07 07:17:31'),(282,280,5,1,2,'Policy Formulation','Strategy',3,'2016-01-07 07:17:31',3,'2016-01-07 07:17:31'),(283,280,5,1,3,'Contract Framework','Strategy',3,'2016-01-07 07:17:31',3,'2016-01-07 07:17:31'),(284,280,5,1,4,'IP Strategy','Strategy',3,'2016-01-07 07:17:31',3,'2016-01-07 07:17:31'),(285,280,5,1,5,'Audit Management','Monitoring',3,'2016-01-07 07:17:31',3,'2016-01-07 07:17:31'),(286,280,5,1,6,'Contract Changes','Monitoring',3,'2016-01-07 07:17:31',3,'2016-01-07 07:17:31'),(287,280,5,1,7,'Compliance & Obligations Monitoring','Monitoring',3,'2016-01-07 07:17:31',3,'2016-01-07 07:17:31'),(288,280,5,1,8,'Contract Authoring','Operation',3,'2016-01-07 07:17:31',3,'2016-01-07 07:17:31'),(289,280,5,1,9,'Contract Administration','Operation',3,'2016-01-07 07:17:31',3,'2016-01-07 07:17:31'),(290,280,5,1,10,'IP Management','Operation',3,'2016-01-07 07:17:31',3,'2016-01-07 07:17:31'),(291,280,5,1,11,'Litigation Support','Operation',3,'2016-01-07 07:17:31',3,'2016-01-07 07:17:31'),(292,280,5,1,12,'Compliance Enforcement','Operation',3,'2016-01-07 07:17:31',3,'2016-01-07 07:17:31'),(293,280,5,1,13,'Compliance Training','Operation',3,'2016-01-07 07:17:31',3,'2016-01-07 07:17:31'),(294,280,5,1,14,'Corporate Secretarial','Operation',3,'2016-01-07 07:17:31',3,'2016-01-07 07:17:31'),(295,NULL,5,0,2,'Finance','',3,'2016-01-07 07:17:31',3,'2016-01-07 07:17:31'),(296,295,5,1,1,'Financial Planning & Forecasting','Strategy',3,'2016-01-07 07:17:31',3,'2016-01-07 07:17:31'),(297,295,5,1,2,'Licensing / Targeting Acquisitions Management','Strategy',3,'2016-01-07 07:17:31',3,'2016-01-07 07:17:31'),(298,295,5,1,3,'Capital Appropriation Planning','Strategy',3,'2016-01-07 07:17:31',3,'2016-01-07 07:17:31'),(299,295,5,1,4,'Finance Controls','Strategy',3,'2016-01-07 07:17:31',3,'2016-01-07 07:17:31'),(300,295,5,1,5,'Financial Reporting','Monitoring',3,'2016-01-07 07:17:31',3,'2016-01-07 07:17:31'),(301,295,5,1,6,'Cost Management','Monitoring',3,'2016-01-07 07:17:31',3,'2016-01-07 07:17:31'),(302,295,5,1,7,'Accounting & GL','Operation',3,'2016-01-07 07:17:31',3,'2016-01-07 07:17:31'),(303,295,5,1,8,'Tax Management','Operation',3,'2016-01-07 07:17:31',3,'2016-01-07 07:17:31'),(304,295,5,1,9,'Account Payables + Rebates','Operation',3,'2016-01-07 07:17:31',3,'2016-01-07 07:17:31'),(305,295,5,1,10,'Account Receivables','Operation',3,'2016-01-07 07:17:31',3,'2016-01-07 07:17:31'),(306,295,5,1,11,'Fixed Asset','Operation',3,'2016-01-07 07:17:31',3,'2016-01-07 07:17:31'),(307,295,5,1,12,'Payroll','Operation',3,'2016-01-07 07:17:31',3,'2016-01-07 07:17:31'),(308,295,5,1,13,'Treasury & Cash Management','Operation',3,'2016-01-07 07:17:31',3,'2016-01-07 07:17:31'),(309,NULL,5,0,3,'Business Development','',3,'2016-01-07 07:17:31',3,'2016-01-07 07:17:31'),(310,309,5,1,1,'Business Strategy','Strategy',3,'2016-01-07 07:17:31',3,'2016-01-07 07:17:31'),(311,309,5,1,2,'Licensing / Targeting Acquisitions Management','Strategy',3,'2016-01-07 07:17:31',3,'2016-01-07 07:17:31'),(312,309,5,1,3,'Product Lifecycle Planning','Strategy',3,'2016-01-07 07:17:31',3,'2016-01-07 07:17:31'),(313,309,5,1,4,'Acquisition Monitoring','Monitoring',3,'2016-01-07 07:17:31',3,'2016-01-07 07:17:31'),(314,309,5,1,5,'Product Life Cycle Monitoring','Monitoring',3,'2016-01-07 07:17:31',3,'2016-01-07 07:17:31'),(315,309,5,1,6,'Forecasting / Demand Planning Operations','Monitoring',3,'2016-01-07 07:17:31',3,'2016-01-07 07:17:31'),(316,309,5,1,7,'Licensing / Target Acquisitions','Operation',3,'2016-01-07 07:17:31',3,'2016-01-07 07:17:31'),(317,309,5,1,8,'3rd Party Account Management','Operation',3,'2016-01-07 07:17:31',3,'2016-01-07 07:17:31'),(318,309,5,1,9,'Portfolio Management','Strategy',3,'2016-01-07 07:17:31',3,'2016-01-07 07:17:31'),(319,NULL,5,0,4,'IT','',3,'2016-01-07 07:17:31',3,'2016-01-07 07:17:31'),(320,319,5,1,1,'IT Strategy','Strategy',3,'2016-01-07 07:17:31',3,'2016-01-07 07:17:31'),(321,319,5,1,2,'Demand Management','Strategy',3,'2016-01-07 07:17:31',3,'2016-01-07 07:17:31'),(322,319,5,1,3,'Portfolio Management','Strategy',3,'2016-01-07 07:17:31',3,'2016-01-07 07:17:31'),(323,319,5,1,4,'Continuous Service Improvement','Monitoring',3,'2016-01-07 07:17:32',3,'2016-01-07 07:17:32'),(324,319,5,1,5,'Service Reporting','Monitoring',3,'2016-01-07 07:17:32',3,'2016-01-07 07:17:32'),(325,319,5,1,6,'Risk Management','Monitoring',3,'2016-01-07 07:17:32',3,'2016-01-07 07:17:32'),(326,319,5,1,7,'Program Management','Operation',3,'2016-01-07 07:17:32',3,'2016-01-07 07:17:32'),(327,319,5,1,8,'Project Execution','Operation',3,'2016-01-07 07:17:32',3,'2016-01-07 07:17:32'),(328,319,5,1,9,'Service Operations','Operation',3,'2016-01-07 07:17:32',3,'2016-01-07 07:17:32'),(329,NULL,5,0,5,'HR','',3,'2016-01-07 07:17:32',3,'2016-01-07 07:17:32'),(330,329,5,1,1,'Organization Strategy Planning','Strategy',3,'2016-01-07 07:17:32',3,'2016-01-07 07:17:32'),(331,329,5,1,2,'Performance Management','Monitoring',3,'2016-01-07 07:17:32',3,'2016-01-07 07:17:32'),(332,329,5,1,3,'Corporate Social Responsibility','Monitoring',3,'2016-01-07 07:17:32',3,'2016-01-07 07:17:32'),(333,329,5,1,4,'HR Administration','Operation',3,'2016-01-07 07:17:32',3,'2016-01-07 07:17:32'),(334,329,5,1,5,'Benefits','Operation',3,'2016-01-07 07:17:32',3,'2016-01-07 07:17:32'),(335,329,5,1,6,'Compensation Mgmt.','Operation',3,'2016-01-07 07:17:32',3,'2016-01-07 07:17:32'),(336,329,5,1,7,'Recruitment','Operation',3,'2016-01-07 07:17:32',3,'2016-01-07 07:17:32'),(337,329,5,1,8,'Learning and Development','Operation',3,'2016-01-07 07:17:32',3,'2016-01-07 07:17:32'),(338,329,5,1,9,'Facilities Mgmt.','Operation',3,'2016-01-07 07:17:32',3,'2016-01-07 07:17:32'),(339,329,5,1,10,'Compliance Mgmt.','Operation',3,'2016-01-07 07:17:32',3,'2016-01-07 07:17:32'),(340,329,5,1,11,'Time Mgmt.','Operation',3,'2016-01-07 07:17:32',3,'2016-01-07 07:17:32'),(341,329,5,1,12,'Reporting','Operation',3,'2016-01-07 07:17:32',3,'2016-01-07 07:17:32'),(342,NULL,5,0,6,'Marketing','',3,'2016-01-07 07:17:32',3,'2016-01-07 07:17:32'),(343,342,5,1,1,'Forecasting / Demand Planning','Strategy',3,'2016-01-07 07:17:32',3,'2016-01-07 07:17:32'),(344,342,5,1,2,'MOA / Product Prioritization','Strategy',3,'2016-01-07 07:17:32',3,'2016-01-07 07:17:32'),(345,342,5,1,3,'Budget Forecasting','Strategy',3,'2016-01-07 07:17:32',3,'2016-01-07 07:17:32'),(346,342,5,1,4,'Market Monitoring','Monitoring',3,'2016-01-07 07:17:32',3,'2016-01-07 07:17:32'),(347,342,5,1,5,'Product Lifecycle Management','Operation',3,'2016-01-07 07:17:32',3,'2016-01-07 07:17:32'),(348,342,5,1,6,'Marketing Comms. Mgmt.','Operation',3,'2016-01-07 07:17:32',3,'2016-01-07 07:17:32'),(349,342,5,1,7,'Brand Development','Operation',3,'2016-01-07 07:17:32',3,'2016-01-07 07:17:32'),(350,342,5,1,8,'Stakeholder DB Management','Operation',3,'2016-01-07 07:17:32',3,'2016-01-07 07:17:32'),(351,342,5,1,9,'Promotions Management','Operation',3,'2016-01-07 07:17:32',3,'2016-01-07 07:17:32'),(352,NULL,5,0,7,'Sales','',3,'2016-01-07 07:17:32',3,'2016-01-07 07:17:32'),(353,352,5,1,1,'Forecasting / Demand Planning','Strategy',3,'2016-01-07 07:17:32',3,'2016-01-07 07:17:32'),(354,352,5,1,2,'Sales Strategy','Strategy',3,'2016-01-07 07:17:32',3,'2016-01-07 07:17:32'),(355,352,5,1,3,'Channel / GTM Strategy','Strategy',3,'2016-01-07 07:17:32',3,'2016-01-07 07:17:32'),(356,352,5,1,4,'Complaints Management','Monitoring',3,'2016-01-07 07:17:32',3,'2016-01-07 07:17:32'),(357,352,5,1,5,'Supply Chain Tracking','Monitoring',3,'2016-01-07 07:17:32',3,'2016-01-07 07:17:32'),(358,352,5,1,6,'SLA Management','Monitoring',3,'2016-01-07 07:17:32',3,'2016-01-07 07:17:32'),(359,352,5,1,7,'Distributor Management','Operation',3,'2016-01-07 07:17:32',3,'2016-01-07 07:17:32'),(360,352,5,1,8,'CRM','Operation',3,'2016-01-07 07:17:32',3,'2016-01-07 07:17:32'),(361,352,5,1,9,'Inventory Management','Operation',3,'2016-01-07 07:17:32',3,'2016-01-07 07:17:32'),(362,352,5,1,10,'Pull Through via Sales Rep','Operation',3,'2016-01-07 07:17:32',3,'2016-01-07 07:17:32'),(363,352,5,1,11,'Sales Order Management','Operation',3,'2016-01-07 07:17:32',3,'2016-01-07 07:17:32'),(364,NULL,5,0,8,'Supply Chain','',3,'2016-01-07 07:17:33',3,'2016-01-07 07:17:33'),(365,364,5,1,1,'Forecasting / Demand Planning','Strategy',3,'2016-01-07 07:17:33',3,'2016-01-07 07:17:33'),(366,364,5,1,2,'Production Planning','Strategy',3,'2016-01-07 07:17:33',3,'2016-01-07 07:17:33'),(367,364,5,1,3,'Distribution Planning','Strategy',3,'2016-01-07 07:17:33',3,'2016-01-07 07:17:33'),(368,364,5,1,4,'Material Planning','Strategy',3,'2016-01-07 07:17:33',3,'2016-01-07 07:17:33'),(369,364,5,1,5,'Supplier Coordination','Monitoring',3,'2016-01-07 07:17:33',3,'2016-01-07 07:17:33'),(370,364,5,1,6,'Supply Chain Tracking','Monitoring',3,'2016-01-07 07:17:33',3,'2016-01-07 07:17:33'),(371,364,5,1,7,'Inspection','Monitoring',3,'2016-01-07 07:17:33',3,'2016-01-07 07:17:33'),(372,364,5,1,8,'Procurement','Operation',3,'2016-01-07 07:17:33',3,'2016-01-07 07:17:33'),(373,364,5,1,9,'Inventory Management','Operation',3,'2016-01-07 07:17:33',3,'2016-01-07 07:17:33'),(374,364,5,1,10,'Sales Order Management','Operation',3,'2016-01-07 07:17:33',3,'2016-01-07 07:17:33'),(375,364,5,1,11,'Work Order Management','Operation',3,'2016-01-07 07:17:33',3,'2016-01-07 07:17:33'),(376,NULL,5,0,9,'R & D Technology','',3,'2016-01-07 07:17:33',3,'2016-01-07 14:24:33'),(377,376,5,1,1,'Discovery','Strategy',3,'2016-01-07 07:17:33',3,'2016-01-07 07:17:33'),(378,376,5,1,2,'Development Planning','Strategy',3,'2016-01-07 07:17:33',3,'2016-01-07 07:17:33'),(379,376,5,1,3,'Regulatory Science','Strategy',3,'2016-01-07 07:17:33',3,'2016-01-07 07:17:33'),(380,376,5,1,4,'Formulation Science','Strategy',3,'2016-01-07 07:17:33',3,'2016-01-07 07:17:33'),(381,376,5,1,5,'Development Monitoring','Monitoring',3,'2016-01-07 07:17:33',3,'2016-01-07 07:17:33'),(382,376,5,1,6,'Product Lifecycle Management','Monitoring',3,'2016-01-07 07:17:33',3,'2016-01-07 07:17:33'),(383,376,5,1,7,'Product Lifecycle Management','Operation',3,'2016-01-07 07:17:33',3,'2016-01-07 07:17:33'),(384,376,5,1,8,'Early Development Execution','Operation',3,'2016-01-07 07:17:33',3,'2016-01-07 07:17:33'),(385,376,5,1,9,'Commercial  Development','Operation',3,'2016-01-07 07:17:33',3,'2016-01-07 07:17:33'),(386,376,5,1,10,'Product Launch','Operation',3,'2016-01-07 07:17:33',3,'2016-01-07 07:17:33'),(387,NULL,5,0,10,'Planning','',3,'2016-01-07 07:17:33',3,'2016-01-07 07:17:33'),(388,387,5,1,1,'Forecasting / Demand Planning','Strategy',3,'2016-01-07 07:17:33',3,'2016-01-07 07:17:33'),(389,387,5,1,2,'Overall Strategy Formulation','Strategy',3,'2016-01-07 07:17:33',3,'2016-01-07 07:17:33'),(390,387,5,1,3,'Budget Planning','Strategy',3,'2016-01-07 07:17:33',3,'2016-01-07 07:17:33'),(391,387,5,1,4,'Plan Monitoring','Monitoring',3,'2016-01-07 07:17:33',3,'2016-01-07 07:17:33'),(392,387,5,1,5,'Results Review','Operation',3,'2016-01-07 07:17:33',3,'2016-01-07 07:17:33'),(393,387,5,1,6,'SCC Reporting','Operation',3,'2016-01-07 07:17:33',3,'2016-01-07 07:17:33'),(394,NULL,6,0,1,'Legal','',3,'2016-01-14 06:31:35',3,'2016-01-14 11:19:44'),(395,NULL,6,0,2,'HR','',3,'2016-01-14 07:24:54',3,'2016-01-14 07:24:54'),(396,NULL,6,0,3,'IT','',3,'2016-01-14 07:29:27',3,'2016-01-14 07:29:27'),(397,NULL,6,0,4,'R & D','',3,'2016-01-14 08:16:44',3,'2016-01-14 08:16:44'),(398,394,6,1,1,'Portfolio Management','Strategy',3,'2016-01-14 08:17:31',3,'2016-01-14 08:39:46'),(399,394,6,1,2,'Portfolio Management','Strategy',3,'2016-01-14 08:17:32',3,'2016-01-14 10:09:29'),(400,394,6,1,3,'Portfolio Management','Operation',3,'2016-01-14 08:17:33',3,'2016-01-14 10:15:05'),(401,394,6,1,4,'Portfolio Management','Monitoring',3,'2016-01-14 08:17:33',3,'2016-01-14 10:16:23'),(402,394,6,1,5,'Portfolio Str','Operation',3,'2016-01-14 08:17:33',3,'2016-01-14 10:26:28'),(403,394,6,1,6,'Portfolio Management','Operation',3,'2016-01-14 08:17:36',3,'2016-01-14 10:26:38'),(404,394,6,1,7,'Portfolio Management','Strategy',3,'2016-01-14 08:18:08',3,'2016-01-14 10:27:03'),(405,394,6,1,8,'Portfolio Management 6','Strategy',3,'2016-01-14 08:18:25',3,'2016-01-14 10:27:19'),(406,394,6,1,9,'Portfolio Management','Strategy',3,'2016-01-14 08:18:26',3,'2016-01-14 10:31:29'),(407,394,6,1,10,'Portfolio Management 2','Operation',3,'2016-01-14 08:20:51',3,'2016-01-14 10:35:36'),(408,NULL,6,0,5,'Finance','',3,'2016-01-14 08:35:16',3,'2016-01-14 08:35:16'),(409,394,6,1,11,'Project Execution','Strategy',3,'2016-01-14 08:35:50',3,'2016-01-14 11:15:04'),(410,NULL,6,0,6,'Marketing','',3,'2016-01-14 10:37:14',3,'2016-01-14 10:38:33'),(411,410,6,1,1,'Product Lifecycle Planning','Operation',3,'2016-01-14 10:38:17',3,'2016-01-14 10:48:12'),(412,410,6,1,2,'Portfolio Management','Strategy',3,'2016-01-14 10:47:11',3,'2016-01-14 10:47:11'),(413,410,6,1,3,'L1','Strategy',3,'2016-01-14 10:47:40',3,'2016-01-14 10:47:40'),(414,410,6,1,4,'Budget Forecasting','',3,'2016-01-14 11:20:22',3,'2016-01-14 11:20:22'),(415,NULL,6,0,7,'Supply Chain','',3,'2016-01-14 11:27:32',3,'2016-01-14 11:27:45'),(416,415,6,1,1,'Distribution Planning','Strategy',3,'2016-01-14 11:28:05',3,'2016-01-14 11:32:13'),(419,416,6,2,2,'Sita','',3,'2016-01-14 11:30:07',3,'2016-01-14 11:30:07'),(420,416,6,2,3,'Hello Level 1','',3,'2016-01-14 11:32:00',3,'2016-01-14 11:32:00'),(421,NULL,12,0,1,'Legal','',3,'2016-01-14 12:37:00',3,'2016-01-14 12:37:00'),(422,421,12,1,1,'Legal Strategy','Strategy',3,'2016-01-14 12:37:00',3,'2016-01-14 12:37:00'),(423,421,12,1,2,'Policy Formulation','Strategy',3,'2016-01-14 12:37:00',3,'2016-01-14 12:37:00'),(424,421,12,1,3,'Contract Framework','Strategy',3,'2016-01-14 12:37:00',3,'2016-01-14 12:37:00'),(425,421,12,1,4,'IP Strategy','Strategy',3,'2016-01-14 12:37:00',3,'2016-01-14 12:37:00'),(426,421,12,1,5,'Audit Management','Monitoring',3,'2016-01-14 12:37:00',3,'2016-01-14 12:37:00'),(427,421,12,1,6,'Contract Changes','Monitoring',3,'2016-01-14 12:37:00',3,'2016-01-14 12:37:00'),(428,421,12,1,7,'Compliance & Obligations Monitoring','Monitoring',3,'2016-01-14 12:37:00',3,'2016-01-14 12:37:00'),(429,421,12,1,8,'Contract Authoring','Operation',3,'2016-01-14 12:37:00',3,'2016-01-14 12:37:00'),(430,421,12,1,9,'Contract Administration','Operation',3,'2016-01-14 12:37:00',3,'2016-01-14 12:37:00'),(431,421,12,1,10,'IP Management','Operation',3,'2016-01-14 12:37:00',3,'2016-01-14 12:37:00'),(432,421,12,1,11,'Litigation Support','Operation',3,'2016-01-14 12:37:00',3,'2016-01-14 12:37:00'),(433,421,12,1,12,'Compliance Enforcement','Operation',3,'2016-01-14 12:37:00',3,'2016-01-14 12:37:00'),(434,421,12,1,13,'Compliance Training','Operation',3,'2016-01-14 12:37:00',3,'2016-01-14 12:37:00'),(435,421,12,1,14,'Corporate Secretarial','Operation',3,'2016-01-14 12:37:00',3,'2016-01-14 12:37:00'),(436,NULL,12,0,2,'Finance','',3,'2016-01-14 12:37:00',3,'2016-01-14 12:37:00'),(437,436,12,1,1,'Financial Planning & Forecasting','Strategy',3,'2016-01-14 12:37:00',3,'2016-01-14 12:37:00'),(438,436,12,1,2,'Licensing / Targeting Acquisitions Management','Strategy',3,'2016-01-14 12:37:00',3,'2016-01-14 12:37:00'),(439,436,12,1,3,'Capital Appropriation Planning','Strategy',3,'2016-01-14 12:37:00',3,'2016-01-14 12:37:00'),(440,436,12,1,4,'Finance Controls','Strategy',3,'2016-01-14 12:37:00',3,'2016-01-14 12:37:00'),(441,436,12,1,5,'Financial Reporting','Monitoring',3,'2016-01-14 12:37:00',3,'2016-01-14 12:37:00'),(442,436,12,1,6,'Cost Management','Monitoring',3,'2016-01-14 12:37:00',3,'2016-01-14 12:37:00'),(443,436,12,1,7,'Accounting & GL','Operation',3,'2016-01-14 12:37:00',3,'2016-01-14 12:37:00'),(444,436,12,1,8,'Tax Management','Operation',3,'2016-01-14 12:37:00',3,'2016-01-14 12:37:00'),(445,436,12,1,9,'Account Payables + Rebates','Operation',3,'2016-01-14 12:37:00',3,'2016-01-14 12:37:00'),(446,436,12,1,10,'Account Receivables','Operation',3,'2016-01-14 12:37:00',3,'2016-01-14 12:37:00'),(447,436,12,1,11,'Fixed Asset','Operation',3,'2016-01-14 12:37:00',3,'2016-01-14 12:37:00'),(448,436,12,1,12,'Payroll','Operation',3,'2016-01-14 12:37:00',3,'2016-01-14 12:37:00'),(449,436,12,1,13,'Treasury & Cash Management','Operation',3,'2016-01-14 12:37:00',3,'2016-01-14 12:37:00'),(450,NULL,12,0,3,'Business Development','',3,'2016-01-14 12:37:00',3,'2016-01-14 12:37:00'),(451,450,12,1,1,'Business Strategy','Strategy',3,'2016-01-14 12:37:00',3,'2016-01-14 12:37:00'),(452,450,12,1,2,'Licensing / Targeting Acquisitions Management','Strategy',3,'2016-01-14 12:37:00',3,'2016-01-14 12:37:00'),(453,450,12,1,3,'Product Lifecycle Planning','Strategy',3,'2016-01-14 12:37:00',3,'2016-01-14 12:37:00'),(454,450,12,1,4,'Acquisition Monitoring','Monitoring',3,'2016-01-14 12:37:00',3,'2016-01-14 12:37:00'),(455,450,12,1,5,'Product Life Cycle Monitoring','Monitoring',3,'2016-01-14 12:37:00',3,'2016-01-14 12:37:00'),(456,450,12,1,6,'Forecasting / Demand Planning Operations','Monitoring',3,'2016-01-14 12:37:00',3,'2016-01-14 12:37:00'),(457,450,12,1,7,'Licensing / Target Acquisitions','Operation',3,'2016-01-14 12:37:00',3,'2016-01-14 12:37:00'),(458,450,12,1,8,'3rd Party Account Management','Operation',3,'2016-01-14 12:37:00',3,'2016-01-14 12:37:00'),(459,450,12,1,9,'Portfolio Management','Strategy',3,'2016-01-14 12:37:00',3,'2016-01-14 12:37:00'),(460,NULL,12,0,4,'IT','',3,'2016-01-14 12:37:00',3,'2016-01-14 12:37:00'),(461,460,12,1,1,'IT Strategy','Strategy',3,'2016-01-14 12:37:00',3,'2016-01-14 12:37:00'),(462,460,12,1,2,'Demand Management','Strategy',3,'2016-01-14 12:37:00',3,'2016-01-14 12:37:00'),(463,460,12,1,3,'Portfolio Management','Strategy',3,'2016-01-14 12:37:00',3,'2016-01-14 12:37:00'),(464,460,12,1,4,'Continuous Service Improvement','Monitoring',3,'2016-01-14 12:37:00',3,'2016-01-14 12:37:00'),(465,460,12,1,5,'Service Reporting','Monitoring',3,'2016-01-14 12:37:00',3,'2016-01-14 12:37:00'),(466,460,12,1,6,'Risk Management','Monitoring',3,'2016-01-14 12:37:00',3,'2016-01-14 12:37:00'),(467,460,12,1,7,'Program Management','Operation',3,'2016-01-14 12:37:00',3,'2016-01-14 12:37:00'),(468,460,12,1,8,'Project Execution','Operation',3,'2016-01-14 12:37:00',3,'2016-01-14 12:37:00'),(469,460,12,1,9,'Service Operations','Operation',3,'2016-01-14 12:37:00',3,'2016-01-14 12:37:00'),(470,NULL,12,0,5,'HR','',3,'2016-01-14 12:37:00',3,'2016-01-14 12:37:00'),(471,470,12,1,1,'Organization Strategy Planning','Strategy',3,'2016-01-14 12:37:00',3,'2016-01-14 12:37:00'),(472,470,12,1,2,'Performance Management','Monitoring',3,'2016-01-14 12:37:00',3,'2016-01-14 12:37:00'),(473,470,12,1,3,'Corporate Social Responsibility','Monitoring',3,'2016-01-14 12:37:00',3,'2016-01-14 12:37:00'),(474,470,12,1,4,'HR Administration','Operation',3,'2016-01-14 12:37:00',3,'2016-01-14 12:37:00'),(475,470,12,1,5,'Benefits','Operation',3,'2016-01-14 12:37:00',3,'2016-01-14 12:37:00'),(476,470,12,1,6,'Compensation Mgmt.','Operation',3,'2016-01-14 12:37:00',3,'2016-01-14 12:37:00'),(477,470,12,1,7,'Recruitment','Operation',3,'2016-01-14 12:37:00',3,'2016-01-14 12:37:00'),(478,470,12,1,8,'Learning and Development','Operation',3,'2016-01-14 12:37:00',3,'2016-01-14 12:37:00'),(479,470,12,1,9,'Facilities Mgmt.','Operation',3,'2016-01-14 12:37:00',3,'2016-01-14 12:37:00'),(480,470,12,1,10,'Compliance Mgmt.','Operation',3,'2016-01-14 12:37:00',3,'2016-01-14 12:37:00'),(481,470,12,1,11,'Time Mgmt.','Operation',3,'2016-01-14 12:37:00',3,'2016-01-14 12:37:00'),(482,470,12,1,12,'Reporting','Operation',3,'2016-01-14 12:37:00',3,'2016-01-14 12:37:00'),(483,NULL,12,0,6,'Marketing','',3,'2016-01-14 12:37:00',3,'2016-01-14 12:37:00'),(484,483,12,1,1,'Forecasting / Demand Planning','Strategy',3,'2016-01-14 12:37:00',3,'2016-01-14 12:37:00'),(485,483,12,1,2,'MOA / Product Prioritization','Strategy',3,'2016-01-14 12:37:00',3,'2016-01-14 12:37:00'),(486,483,12,1,3,'Budget Forecasting','Strategy',3,'2016-01-14 12:37:00',3,'2016-01-14 12:37:00'),(487,483,12,1,4,'Market Monitoring','Monitoring',3,'2016-01-14 12:37:00',3,'2016-01-14 12:37:00'),(488,483,12,1,5,'Product Lifecycle Management','Operation',3,'2016-01-14 12:37:00',3,'2016-01-14 12:37:00'),(489,483,12,1,6,'Marketing Comms. Mgmt.','Operation',3,'2016-01-14 12:37:00',3,'2016-01-14 12:37:00'),(490,483,12,1,7,'Brand Development','Operation',3,'2016-01-14 12:37:00',3,'2016-01-14 12:37:00'),(491,483,12,1,8,'Stakeholder DB Management','Operation',3,'2016-01-14 12:37:00',3,'2016-01-14 12:37:00'),(492,483,12,1,9,'Promotions Management','Operation',3,'2016-01-14 12:37:00',3,'2016-01-14 12:37:00'),(493,NULL,12,0,7,'Sales','',3,'2016-01-14 12:37:00',3,'2016-01-14 12:37:00'),(494,493,12,1,1,'Forecasting / Demand Planning','Strategy',3,'2016-01-14 12:37:00',3,'2016-01-14 12:37:00'),(495,493,12,1,2,'Sales Strategy','Strategy',3,'2016-01-14 12:37:00',3,'2016-01-14 12:37:00'),(496,493,12,1,3,'Channel / GTM Strategy','Strategy',3,'2016-01-14 12:37:00',3,'2016-01-14 12:37:00'),(497,493,12,1,4,'Complaints Management','Monitoring',3,'2016-01-14 12:37:00',3,'2016-01-14 12:37:00'),(498,493,12,1,5,'Supply Chain Tracking','Monitoring',3,'2016-01-14 12:37:00',3,'2016-01-14 12:37:00'),(499,493,12,1,6,'SLA Management','Monitoring',3,'2016-01-14 12:37:00',3,'2016-01-14 12:37:01'),(500,493,12,1,7,'Distributor Management','Operation',3,'2016-01-14 12:37:01',3,'2016-01-14 12:37:01'),(501,493,12,1,8,'CRM','Operation',3,'2016-01-14 12:37:01',3,'2016-01-14 12:37:01'),(502,493,12,1,9,'Inventory Management','Operation',3,'2016-01-14 12:37:01',3,'2016-01-14 12:37:01'),(503,493,12,1,10,'Pull Through via Sales Rep','Operation',3,'2016-01-14 12:37:01',3,'2016-01-14 12:37:01'),(504,493,12,1,11,'Sales Order Management','Operation',3,'2016-01-14 12:37:01',3,'2016-01-14 12:37:01'),(505,NULL,12,0,8,'Supply Chain','',3,'2016-01-14 12:37:01',3,'2016-01-14 12:37:01'),(506,505,12,1,1,'Forecasting / Demand Planning','Strategy',3,'2016-01-14 12:37:01',3,'2016-01-14 12:37:01'),(507,505,12,1,2,'Production Planning','Strategy',3,'2016-01-14 12:37:01',3,'2016-01-14 12:37:01'),(508,505,12,1,3,'Distribution Planning','Strategy',3,'2016-01-14 12:37:01',3,'2016-01-14 12:37:01'),(509,505,12,1,4,'Material Planning','Strategy',3,'2016-01-14 12:37:01',3,'2016-01-14 12:37:01'),(510,505,12,1,5,'Supplier Coordination','Monitoring',3,'2016-01-14 12:37:01',3,'2016-01-14 12:37:01'),(511,505,12,1,6,'Supply Chain Tracking','Monitoring',3,'2016-01-14 12:37:01',3,'2016-01-14 12:37:01'),(512,505,12,1,7,'Inspection','Monitoring',3,'2016-01-14 12:37:01',3,'2016-01-14 12:37:01'),(513,505,12,1,8,'Procurement','Operation',3,'2016-01-14 12:37:01',3,'2016-01-14 12:37:01'),(514,505,12,1,9,'Inventory Management','Operation',3,'2016-01-14 12:37:01',3,'2016-01-14 12:37:01'),(515,505,12,1,10,'Sales Order Management','Operation',3,'2016-01-14 12:37:01',3,'2016-01-14 12:37:01'),(516,505,12,1,11,'Work Order Management','Operation',3,'2016-01-14 12:37:01',3,'2016-01-14 12:37:01'),(517,NULL,12,0,9,'R & D Technology','',3,'2016-01-14 12:37:01',3,'2016-01-14 12:37:01'),(518,517,12,1,1,'Discovery','Strategy',3,'2016-01-14 12:37:01',3,'2016-01-14 12:37:01'),(519,517,12,1,2,'Development Planning','Strategy',3,'2016-01-14 12:37:01',3,'2016-01-14 12:37:01'),(520,517,12,1,3,'Regulatory Science','Strategy',3,'2016-01-14 12:37:01',3,'2016-01-14 12:37:01'),(521,517,12,1,4,'Formulation Science','Strategy',3,'2016-01-14 12:37:01',3,'2016-01-14 12:37:01'),(522,517,12,1,5,'Development Monitoring','Monitoring',3,'2016-01-14 12:37:01',3,'2016-01-14 12:37:01'),(523,517,12,1,6,'Product Lifecycle Management','Monitoring',3,'2016-01-14 12:37:01',3,'2016-01-14 12:37:01'),(524,517,12,1,7,'Product Lifecycle Management','Operation',3,'2016-01-14 12:37:01',3,'2016-01-14 12:37:01'),(525,517,12,1,8,'Early Development Execution','Operation',3,'2016-01-14 12:37:01',3,'2016-01-14 12:37:01'),(526,517,12,1,9,'Commercial  Development','Operation',3,'2016-01-14 12:37:01',3,'2016-01-14 12:37:01'),(527,517,12,1,10,'Product Launch','Operation',3,'2016-01-14 12:37:01',3,'2016-01-14 12:37:01'),(528,NULL,12,0,10,'Planning','',3,'2016-01-14 12:37:01',3,'2016-01-14 12:37:01'),(529,528,12,1,1,'Forecasting / Demand Planning','Strategy',3,'2016-01-14 12:37:01',3,'2016-01-14 12:37:01'),(530,528,12,1,2,'Overall Strategy Formulation','Strategy',3,'2016-01-14 12:37:01',3,'2016-01-14 12:37:01'),(531,528,12,1,3,'Budget Planning','Strategy',3,'2016-01-14 12:37:01',3,'2016-01-14 12:37:01'),(532,528,12,1,4,'Plan Monitoring','Monitoring',3,'2016-01-14 12:37:01',3,'2016-01-14 12:37:01'),(533,528,12,1,5,'Results Review','Operation',3,'2016-01-14 12:37:01',3,'2016-01-14 12:37:01'),(534,528,12,1,6,'SCC Reporting','Operation',3,'2016-01-14 12:37:01',3,'2016-01-14 12:37:01'),(535,NULL,14,0,1,'Legal','',3,'2016-01-14 12:37:29',3,'2016-01-14 12:37:29'),(536,535,14,1,1,'Portfolio Management','Strategy',3,'2016-01-14 12:37:29',3,'2016-01-14 12:37:29'),(537,535,14,1,2,'Portfolio Management','Strategy',3,'2016-01-14 12:37:29',3,'2016-01-14 12:37:29'),(538,535,14,1,3,'Portfolio Management','Operation',3,'2016-01-14 12:37:29',3,'2016-01-14 12:37:29'),(539,535,14,1,4,'Portfolio Management','Monitoring',3,'2016-01-14 12:37:29',3,'2016-01-14 12:37:29'),(540,535,14,1,5,'Portfolio Str','Operation',3,'2016-01-14 12:37:29',3,'2016-01-14 12:37:29'),(541,535,14,1,6,'Portfolio Management','Operation',3,'2016-01-14 12:37:29',3,'2016-01-14 12:37:29'),(542,535,14,1,7,'Portfolio Management','Strategy',3,'2016-01-14 12:37:29',3,'2016-01-14 12:37:29'),(543,535,14,1,8,'Portfolio Management 6','Strategy',3,'2016-01-14 12:37:29',3,'2016-01-14 12:37:29'),(544,535,14,1,9,'Portfolio Management','Strategy',3,'2016-01-14 12:37:29',3,'2016-01-14 12:37:29'),(545,535,14,1,10,'Portfolio Management 2','Operation',3,'2016-01-14 12:37:29',3,'2016-01-14 12:37:29'),(546,535,14,1,11,'Project Execution','Strategy',3,'2016-01-14 12:37:29',3,'2016-01-14 12:37:29'),(547,NULL,14,0,2,'HR','',3,'2016-01-14 12:37:29',3,'2016-01-14 12:37:29'),(548,NULL,14,0,3,'IT','',3,'2016-01-14 12:37:29',3,'2016-01-14 12:37:29'),(549,NULL,14,0,4,'R & D','',3,'2016-01-14 12:37:29',3,'2016-01-14 12:37:29'),(550,NULL,14,0,5,'Finance','',3,'2016-01-14 12:37:29',3,'2016-01-14 12:37:29'),(551,NULL,14,0,6,'Marketing','',3,'2016-01-14 12:37:29',3,'2016-01-14 12:37:29'),(552,551,14,1,1,'Product Lifecycle Planning','Operation',3,'2016-01-14 12:37:29',3,'2016-01-14 12:37:29'),(553,551,14,1,2,'Portfolio Management','Strategy',3,'2016-01-14 12:37:29',3,'2016-01-14 12:37:29'),(554,551,14,1,3,'L1','Strategy',3,'2016-01-14 12:37:29',3,'2016-01-14 12:37:29'),(555,551,14,1,4,'Budget Forecasting','',3,'2016-01-14 12:37:29',3,'2016-01-14 12:37:29'),(556,NULL,14,0,7,'Supply Chain','',3,'2016-01-14 12:37:29',3,'2016-01-14 12:37:29'),(557,556,14,1,1,'Distribution Planning','Strategy',3,'2016-01-14 12:37:29',3,'2016-01-14 12:37:29'),(558,557,14,2,2,'Sita','',3,'2016-01-14 12:37:29',3,'2016-01-14 12:37:29'),(559,557,14,2,3,'Hello Level 1','',3,'2016-01-14 12:37:29',3,'2016-01-14 12:37:29'),(560,NULL,6,0,8,'Test 2','',3,'2016-01-14 12:48:40',3,'2016-01-14 12:48:58'),(561,560,6,1,1,'dcxcvb23','cvxcvxcv 23423',3,'2016-01-14 12:49:08',3,'2016-01-14 12:49:27'),(562,NULL,6,0,9,'Test 3','',3,'2016-01-14 13:03:47',3,'2016-01-14 13:03:53'),(563,562,6,1,1,'rfdsfdf','bbvbvb',3,'2016-01-14 13:04:00',3,'2016-01-14 13:04:17'),(564,563,6,2,1,'nhbnhbvn','',3,'2016-01-14 13:04:22',3,'2016-01-14 13:04:22'),(565,564,6,3,1,'bnbn','',3,'2016-01-14 13:04:26',3,'2016-01-14 13:04:26'),(566,NULL,10,0,1,'gdg','',10,'2016-04-06 09:48:44',10,'2016-04-06 09:48:44'),(567,NULL,10,0,2,'sdh','',10,'2016-04-06 09:48:56',10,'2016-04-06 09:48:56'),(568,281,5,2,1,'Level 3','',11,'2016-04-14 07:39:44',11,'2016-04-14 07:39:44'),(569,NULL,18,0,1,'Technology & Regulatory','',11,'2016-04-20 07:19:11',11,'2016-04-20 07:19:11'),(570,569,18,1,1,'Discovery','Strategy',11,'2016-04-20 07:19:29',11,'2016-04-20 07:19:29'),(571,570,18,2,1,'Future Need Analysis','',11,'2016-04-20 07:19:43',11,'2016-04-20 07:19:43'),(572,570,18,2,2,'Active Ingredient Research','',11,'2016-04-20 07:20:00',11,'2016-04-20 07:20:00'),(573,570,18,2,3,'Formulation Research','',11,'2016-04-20 07:20:08',11,'2016-04-20 07:20:08'),(574,570,18,2,4,'Compound Collections','',11,'2016-04-20 07:20:16',11,'2016-04-20 07:20:16'),(575,569,18,1,2,'Development Planning','Strategy',11,'2016-04-20 07:20:37',11,'2016-04-20 07:20:37'),(576,575,18,2,1,'Export Analysis','',11,'2016-04-20 07:20:46',11,'2016-04-20 07:20:46'),(577,575,18,2,2,'Crop Domain Definition','',11,'2016-04-20 07:20:53',11,'2016-04-20 07:20:53'),(578,569,18,1,3,'Product Lifecycle','Monitoring',11,'2016-04-20 07:21:14',11,'2016-04-20 07:21:14'),(579,578,18,2,1,'IP Tracking','',11,'2016-04-20 07:21:20',11,'2016-04-20 07:21:20'),(580,578,18,2,2,'Patent Research','',11,'2016-04-20 07:21:27',11,'2016-04-20 07:21:27'),(581,578,18,2,3,'Product Performance Tracking','',11,'2016-04-20 07:21:39',11,'2016-04-20 07:21:39'),(582,569,18,1,4,'Product Lifecycle','Operations',11,'2016-04-20 07:22:12',11,'2016-04-20 07:22:12'),(583,582,18,2,1,'Patents Filing','',11,'2016-04-20 07:22:20',11,'2016-04-20 07:22:20'),(584,582,18,2,2,'Label Information Mgmt','',11,'2016-04-20 07:22:30',11,'2016-04-20 07:22:30'),(585,582,18,2,3,'EPA Cover Letters','',11,'2016-04-20 07:22:40',11,'2016-04-20 07:22:40'),(586,582,18,2,4,'Submission Matrix','',11,'2016-04-20 07:22:50',11,'2016-04-20 07:22:50'),(587,582,18,2,5,'Application Forms Mgmt','',11,'2016-04-20 07:23:00',11,'2016-04-20 07:23:00'),(588,NULL,18,0,2,'Sales & Distribution','',11,'2016-04-20 07:23:11',11,'2016-04-20 07:23:11'),(589,NULL,18,0,3,'Finance','',11,'2016-04-20 07:23:23',11,'2016-04-20 07:23:23'),(590,588,18,1,1,'Lead Generation','Strategy',11,'2016-04-20 07:23:39',11,'2016-04-20 07:23:39'),(591,590,18,2,1,'Trading','',11,'2016-04-20 07:23:50',11,'2016-04-20 07:23:50'),(592,590,18,2,2,'BuyOUt','',11,'2016-04-20 07:23:57',11,'2016-04-20 07:23:57'),(593,589,18,1,1,'Banking','Operations',11,'2016-04-20 07:24:30',11,'2016-04-20 07:24:30'),(594,593,18,2,1,'Transaction Managment','',11,'2016-04-20 07:24:44',11,'2016-04-20 07:24:44'),(595,593,18,2,2,'Banking Relations','',11,'2016-04-20 07:24:54',11,'2016-04-20 07:24:54'),(596,NULL,19,0,1,'Technology & Regulatory','',11,'2016-04-20 07:25:40',11,'2016-04-20 07:25:40'),(597,596,19,1,1,'Discovery','Strategy',11,'2016-04-20 07:25:40',11,'2016-04-20 07:25:40'),(598,597,19,2,1,'Future Need Analysis','',11,'2016-04-20 07:25:40',11,'2016-04-20 07:25:40'),(599,597,19,2,2,'Active Ingredient Research','',11,'2016-04-20 07:25:40',11,'2016-04-20 07:25:40'),(600,597,19,2,3,'Formulation Research','',11,'2016-04-20 07:25:40',11,'2016-04-20 07:25:40'),(601,597,19,2,4,'Compound Collections','',11,'2016-04-20 07:25:40',11,'2016-04-20 07:25:40'),(602,596,19,1,2,'Development Planning','Strategy',11,'2016-04-20 07:25:40',11,'2016-04-20 07:25:40'),(603,602,19,2,1,'Export Analysis','',11,'2016-04-20 07:25:40',11,'2016-04-20 07:25:40'),(604,602,19,2,2,'Crop Domain Definition','',11,'2016-04-20 07:25:40',11,'2016-04-20 07:25:40'),(605,596,19,1,3,'Product Lifecycle','Monitoring',11,'2016-04-20 07:25:40',11,'2016-04-20 07:25:40'),(606,605,19,2,1,'IP Tracking','',11,'2016-04-20 07:25:40',11,'2016-04-20 07:25:40'),(607,605,19,2,2,'Patent Research','',11,'2016-04-20 07:25:40',11,'2016-04-20 07:25:40'),(608,605,19,2,3,'Product Performance Tracking','',11,'2016-04-20 07:25:40',11,'2016-04-20 07:25:40'),(609,596,19,1,4,'Product Lifecycle','Operations',11,'2016-04-20 07:25:40',11,'2016-04-20 07:25:40'),(610,609,19,2,1,'Patents Filing','',11,'2016-04-20 07:25:40',11,'2016-04-20 07:25:40'),(611,609,19,2,2,'Label Information Mgmt','',11,'2016-04-20 07:25:40',11,'2016-04-20 07:25:40'),(612,609,19,2,3,'EPA Cover Letters','',11,'2016-04-20 07:25:40',11,'2016-04-20 07:25:40'),(613,609,19,2,4,'Submission Matrix','',11,'2016-04-20 07:25:40',11,'2016-04-20 07:25:40'),(614,609,19,2,5,'Application Forms Mgmt','',11,'2016-04-20 07:25:40',11,'2016-04-20 07:25:40'),(615,NULL,19,0,2,'Sales & Distribution','',11,'2016-04-20 07:25:40',11,'2016-04-20 07:25:40'),(616,615,19,1,1,'Lead Generation','Strategy',11,'2016-04-20 07:25:40',11,'2016-04-20 07:25:40'),(617,616,19,2,1,'Trading','',11,'2016-04-20 07:25:40',11,'2016-04-20 07:25:40'),(618,616,19,2,2,'BuyOUt','',11,'2016-04-20 07:25:40',11,'2016-04-20 07:25:40'),(619,NULL,19,0,3,'Finance','',11,'2016-04-20 07:25:40',11,'2016-04-20 07:25:40'),(620,619,19,1,1,'Banking','Operations',11,'2016-04-20 07:25:40',11,'2016-04-20 07:25:40'),(621,620,19,2,1,'Transaction Managment','',11,'2016-04-20 07:25:40',11,'2016-04-20 07:25:40'),(622,620,19,2,2,'Banking Relations','',11,'2016-04-20 07:25:40',11,'2016-04-20 07:25:40'),(623,NULL,20,0,1,'Customer Management','',11,'2016-04-20 09:47:25',11,'2016-04-20 09:47:25'),(624,623,20,1,1,'Market Strategy','Strategy',11,'2016-04-20 09:47:25',11,'2016-04-20 09:47:25'),(625,623,20,1,2,'Customer Service Strategy','Strategy',11,'2016-04-20 09:47:25',11,'2016-04-20 09:47:25'),(626,623,20,1,3,'Marketing Strategy','Strategy',11,'2016-04-20 09:47:25',11,'2016-04-20 09:47:25'),(627,623,20,1,4,'Customer Risk Assessment','Monitoring',11,'2016-04-20 09:47:25',11,'2016-04-20 09:47:25'),(628,623,20,1,5,'Advisory Services','Monitoring',11,'2016-04-20 09:47:25',11,'2016-04-20 09:47:25'),(629,623,20,1,6,'Campaign Management','Monitoring',11,'2016-04-20 09:47:25',11,'2016-04-20 09:47:25'),(630,623,20,1,7,'Service Management','Monitoring',11,'2016-04-20 09:47:25',11,'2016-04-20 09:47:25'),(631,623,20,1,8,'Customer KYC','Operation',11,'2016-04-20 09:47:25',11,'2016-04-20 09:47:25'),(632,623,20,1,9,'Customer Reporting','Operation',11,'2016-04-20 09:47:25',11,'2016-04-20 09:47:25'),(633,623,20,1,10,'Channel Management','Operation',11,'2016-04-20 09:47:25',11,'2016-04-20 09:47:25'),(634,623,20,1,11,'Advertising','Operation',11,'2016-04-20 09:47:25',11,'2016-04-20 09:47:25'),(635,623,20,1,12,'Public Relations','Operation',11,'2016-04-20 09:47:25',11,'2016-04-20 09:47:25'),(636,623,20,1,13,'Customer On-Boarding','Operation',11,'2016-04-20 09:47:25',11,'2016-04-20 09:47:25'),(637,623,20,1,14,'Compliance Training','Operation',11,'2016-04-20 09:47:25',11,'2016-04-20 09:47:25'),(638,623,20,1,15,'Corporate Secretarial','Operation',11,'2016-04-20 09:47:25',11,'2016-04-20 09:47:25'),(639,NULL,20,0,2,'Accounting','',11,'2016-04-20 09:47:25',11,'2016-04-20 09:47:25'),(640,639,20,1,1,'Financial Planning & Forecasting','Strategy',11,'2016-04-20 09:47:25',11,'2016-04-20 09:47:25'),(641,639,20,1,2,'Capital Appropriation Planning','Strategy',11,'2016-04-20 09:47:25',11,'2016-04-20 09:47:25'),(642,639,20,1,3,'Finance Controls','Strategy',11,'2016-04-20 09:47:25',11,'2016-04-20 09:47:25'),(643,639,20,1,4,'Financial Reporting','Monitoring',11,'2016-04-20 09:47:25',11,'2016-04-20 09:47:25'),(644,639,20,1,5,'Cost Management','Monitoring',11,'2016-04-20 09:47:25',11,'2016-04-20 09:47:25'),(645,639,20,1,6,'Accounting & GL','Operation',11,'2016-04-20 09:47:25',11,'2016-04-20 09:47:25'),(646,639,20,1,7,'Tax Management','Operation',11,'2016-04-20 09:47:25',11,'2016-04-20 09:47:25'),(647,639,20,1,8,'Account Payables + Rebates','Operation',11,'2016-04-20 09:47:25',11,'2016-04-20 09:47:25'),(648,639,20,1,9,'Account Receivables','Operation',11,'2016-04-20 09:47:25',11,'2016-04-20 09:47:25'),(649,639,20,1,10,'Fixed Asset','Operation',11,'2016-04-20 09:47:25',11,'2016-04-20 09:47:25'),(650,639,20,1,11,'Payroll','Operation',11,'2016-04-20 09:47:26',11,'2016-04-20 09:47:26'),(651,639,20,1,12,'Treasury & Cash Management','Operation',11,'2016-04-20 09:47:26',11,'2016-04-20 09:47:26'),(652,639,20,1,13,'Financial Reporting','Operation',11,'2016-04-20 09:47:26',11,'2016-04-20 09:47:26'),(653,NULL,20,0,3,'Trading','',11,'2016-04-20 09:47:26',11,'2016-04-20 09:47:26'),(654,653,20,1,1,'Sales & Research','Strategy',11,'2016-04-20 09:47:26',11,'2016-04-20 09:47:26'),(655,653,20,1,2,'Trading','Monitoring',11,'2016-04-20 09:47:26',11,'2016-04-20 09:47:26'),(656,653,20,1,3,'Pricing','Monitoring',11,'2016-04-20 09:47:26',11,'2016-04-20 09:47:26'),(657,653,20,1,4,'Client Servicing','Operation',11,'2016-04-20 09:47:26',11,'2016-04-20 09:47:26'),(658,653,20,1,5,'Order Management','Operation',11,'2016-04-20 09:47:26',11,'2016-04-20 09:47:26'),(659,653,20,1,6,'Risk Management','Strategy',11,'2016-04-20 09:47:26',11,'2016-04-20 09:47:26'),(660,NULL,20,0,4,'Trading Support','',11,'2016-04-20 09:47:26',11,'2016-04-20 09:47:26'),(661,660,20,1,1,'Collateral Management','Strategy',11,'2016-04-20 09:47:26',11,'2016-04-20 09:47:26'),(662,660,20,1,2,'Validation Management','Strategy',11,'2016-04-20 09:47:26',11,'2016-04-20 09:47:26'),(663,660,20,1,3,'Risk Management','Strategy',11,'2016-04-20 09:47:26',11,'2016-04-20 09:47:26'),(664,660,20,1,4,'Reconciliation Strategy','Strategy',11,'2016-04-20 09:47:26',11,'2016-04-20 09:47:26'),(665,660,20,1,5,'Conformation','Monitoring',11,'2016-04-20 09:47:26',11,'2016-04-20 09:47:26'),(666,660,20,1,6,'Netting','Monitoring',11,'2016-04-20 09:47:26',11,'2016-04-20 09:47:26'),(667,660,20,1,7,'Settlement','Monitoring',11,'2016-04-20 09:47:26',11,'2016-04-20 09:47:26'),(668,660,20,1,8,'Matching and Affirmation','Operation',11,'2016-04-20 09:47:26',11,'2016-04-20 09:47:26'),(669,660,20,1,9,'Allocation','Operation',11,'2016-04-20 09:47:26',11,'2016-04-20 09:47:26'),(670,660,20,1,10,'Enrichment','Operation',11,'2016-04-20 09:47:26',11,'2016-04-20 09:47:26'),(671,660,20,1,11,'P/L Calculation','Operation',11,'2016-04-20 09:47:26',11,'2016-04-20 09:47:26'),(672,660,20,1,12,'Financial Messaging','Operation',11,'2016-04-20 09:47:26',11,'2016-04-20 09:47:26'),(673,NULL,20,0,5,'Other Services','',11,'2016-04-20 09:47:26',11,'2016-04-20 09:47:26'),(674,673,20,1,1,'Market Data Management','Monitoring',11,'2016-04-20 09:47:26',11,'2016-04-20 09:47:26'),(675,673,20,1,2,'External Entity Interfaces','Monitoring',11,'2016-04-20 09:47:26',11,'2016-04-20 09:47:26'),(676,673,20,1,3,'Reference Data','Operation',11,'2016-04-20 09:47:26',11,'2016-04-20 09:47:26'),(677,673,20,1,4,'Financial Messaging','Operation',11,'2016-04-20 09:47:26',11,'2016-04-20 09:47:26'),(678,NULL,21,0,1,'sunil1','',11,'2016-04-20 09:48:08',11,'2016-04-20 09:48:08'),(679,NULL,22,0,1,'Customer Management','',11,'2016-04-20 09:51:58',11,'2016-04-20 09:51:58'),(680,679,22,1,1,'Market Strategy','Strategy',11,'2016-04-20 09:51:58',11,'2016-04-20 09:51:58'),(681,679,22,1,2,'Customer Service Strategy','Strategy',11,'2016-04-20 09:51:58',11,'2016-04-20 09:51:58'),(682,679,22,1,3,'Marketing Strategy','Strategy',11,'2016-04-20 09:51:58',11,'2016-04-20 09:51:58'),(683,679,22,1,4,'Customer Risk Assessment','Monitoring',11,'2016-04-20 09:51:58',11,'2016-04-20 09:51:58'),(684,679,22,1,5,'Advisory Services','Monitoring',11,'2016-04-20 09:51:58',11,'2016-04-20 09:51:58'),(685,679,22,1,6,'Campaign Management','Monitoring',11,'2016-04-20 09:51:58',11,'2016-04-20 09:51:58'),(686,679,22,1,7,'Service Management','Monitoring',11,'2016-04-20 09:51:58',11,'2016-04-20 09:51:58'),(687,679,22,1,8,'Customer KYC','Operation',11,'2016-04-20 09:51:58',11,'2016-04-20 09:51:58'),(688,679,22,1,9,'Customer Reporting','Operation',11,'2016-04-20 09:51:58',11,'2016-04-20 09:51:58'),(689,679,22,1,10,'Channel Management','Operation',11,'2016-04-20 09:51:58',11,'2016-04-20 09:51:58'),(690,679,22,1,11,'Advertising','Operation',11,'2016-04-20 09:51:58',11,'2016-04-20 09:51:58'),(691,679,22,1,12,'Public Relations','Operation',11,'2016-04-20 09:51:58',11,'2016-04-20 09:51:58'),(692,679,22,1,13,'Customer On-Boarding','Operation',11,'2016-04-20 09:51:58',11,'2016-04-20 09:51:58'),(693,679,22,1,14,'Compliance Training','Operation',11,'2016-04-20 09:51:58',11,'2016-04-20 09:51:58'),(694,679,22,1,15,'Corporate Secretarial','Operation',11,'2016-04-20 09:51:58',11,'2016-04-20 09:51:58'),(695,NULL,22,0,2,'Accounting','',11,'2016-04-20 09:51:58',11,'2016-04-20 09:51:58'),(696,695,22,1,1,'Financial Planning & Forecasting','Strategy',11,'2016-04-20 09:51:58',11,'2016-04-20 09:51:58'),(697,695,22,1,2,'Capital Appropriation Planning','Strategy',11,'2016-04-20 09:51:58',11,'2016-04-20 09:51:58'),(698,695,22,1,3,'Finance Controls','Strategy',11,'2016-04-20 09:51:58',11,'2016-04-20 09:51:58'),(699,695,22,1,4,'Financial Reporting','Monitoring',11,'2016-04-20 09:51:58',11,'2016-04-20 09:51:58'),(700,695,22,1,5,'Cost Management','Monitoring',11,'2016-04-20 09:51:58',11,'2016-04-20 09:51:58'),(701,695,22,1,6,'Accounting & GL','Operation',11,'2016-04-20 09:51:58',11,'2016-04-20 09:51:58'),(702,695,22,1,7,'Tax Management','Operation',11,'2016-04-20 09:51:58',11,'2016-04-20 09:51:58'),(703,695,22,1,8,'Account Payables + Rebates','Operation',11,'2016-04-20 09:51:58',11,'2016-04-20 09:51:58'),(704,695,22,1,9,'Account Receivables','Operation',11,'2016-04-20 09:51:58',11,'2016-04-20 09:51:58'),(705,695,22,1,10,'Fixed Asset','Operation',11,'2016-04-20 09:51:58',11,'2016-04-20 09:51:58'),(706,695,22,1,11,'Payroll','Operation',11,'2016-04-20 09:51:58',11,'2016-04-20 09:51:58'),(707,695,22,1,12,'Treasury & Cash Management','Operation',11,'2016-04-20 09:51:58',11,'2016-04-20 09:51:58'),(708,695,22,1,13,'Financial Reporting','Operation',11,'2016-04-20 09:51:58',11,'2016-04-20 09:51:58'),(709,NULL,22,0,3,'Trading','',11,'2016-04-20 09:51:58',11,'2016-04-20 09:51:58'),(710,709,22,1,1,'Sales & Research','Strategy',11,'2016-04-20 09:51:58',11,'2016-04-20 09:51:58'),(711,709,22,1,2,'Trading','Monitoring',11,'2016-04-20 09:51:58',11,'2016-04-20 09:51:58'),(712,709,22,1,3,'Pricing','Monitoring',11,'2016-04-20 09:51:58',11,'2016-04-20 09:51:58'),(713,709,22,1,4,'Client Servicing','Operation',11,'2016-04-20 09:51:58',11,'2016-04-20 09:51:58'),(714,709,22,1,5,'Order Management','Operation',11,'2016-04-20 09:51:58',11,'2016-04-20 09:51:58'),(715,709,22,1,6,'Risk Management','Strategy',11,'2016-04-20 09:51:58',11,'2016-04-20 09:51:58'),(716,NULL,22,0,4,'Trading Support','',11,'2016-04-20 09:51:58',11,'2016-04-20 09:51:58'),(717,716,22,1,1,'Collateral Management','Strategy',11,'2016-04-20 09:51:58',11,'2016-04-20 09:51:58'),(718,716,22,1,2,'Validation Management','Strategy',11,'2016-04-20 09:51:58',11,'2016-04-20 09:51:58'),(719,716,22,1,3,'Risk Management','Strategy',11,'2016-04-20 09:51:58',11,'2016-04-20 09:51:58'),(720,716,22,1,4,'Reconciliation Strategy','Strategy',11,'2016-04-20 09:51:58',11,'2016-04-20 09:51:58'),(721,716,22,1,5,'Conformation','Monitoring',11,'2016-04-20 09:51:58',11,'2016-04-20 09:51:58'),(722,716,22,1,6,'Netting','Monitoring',11,'2016-04-20 09:51:58',11,'2016-04-20 09:51:58'),(723,716,22,1,7,'Settlement','Monitoring',11,'2016-04-20 09:51:58',11,'2016-04-20 09:51:58'),(724,716,22,1,8,'Matching and Affirmation','Operation',11,'2016-04-20 09:51:58',11,'2016-04-20 09:51:58'),(725,716,22,1,9,'Allocation','Operation',11,'2016-04-20 09:51:58',11,'2016-04-20 09:51:58'),(726,716,22,1,10,'Enrichment','Operation',11,'2016-04-20 09:51:58',11,'2016-04-20 09:51:58'),(727,716,22,1,11,'P/L Calculation','Operation',11,'2016-04-20 09:51:58',11,'2016-04-20 09:51:58'),(728,716,22,1,12,'Financial Messaging','Operation',11,'2016-04-20 09:51:58',11,'2016-04-20 09:51:58'),(729,NULL,22,0,5,'Other Services','',11,'2016-04-20 09:51:58',11,'2016-04-20 09:51:58'),(730,729,22,1,1,'Market Data Management','Monitoring',11,'2016-04-20 09:51:58',11,'2016-04-20 09:51:58'),(731,729,22,1,2,'External Entity Interfaces','Monitoring',11,'2016-04-20 09:51:58',11,'2016-04-20 09:51:58'),(732,729,22,1,3,'Reference Data','Operation',11,'2016-04-20 09:51:58',11,'2016-04-20 09:51:58'),(733,729,22,1,4,'Financial Messaging','Operation',11,'2016-04-20 09:51:58',11,'2016-04-20 09:51:58'),(734,NULL,23,0,1,'level1','',11,'2016-04-20 09:53:57',11,'2016-04-20 09:53:57');
/*!40000 ALTER TABLE `bcm_level` ENABLE KEYS */;
UNLOCK TABLES;

--
-- Table structure for table `category`
--

DROP TABLE IF EXISTS `category`;
/*!40101 SET @saved_cs_client     = @@character_set_client */;
/*!40101 SET character_set_client = utf8 */;
CREATE TABLE `category` (
  `id` int(11) NOT NULL AUTO_INCREMENT,
  `name` varchar(45) NOT NULL,
  `description` text,
  `createdBy` int(11) NOT NULL,
  `createdDate` timestamp NOT NULL DEFAULT CURRENT_TIMESTAMP ON UPDATE CURRENT_TIMESTAMP,
  `updatedBy` int(11) NOT NULL,
  `updatedDate` timestamp NOT NULL DEFAULT CURRENT_TIMESTAMP ON UPDATE CURRENT_TIMESTAMP,
  PRIMARY KEY (`id`),
  UNIQUE KEY `name_UNIQUE` (`name`),
  KEY `category_createdBy_fk_idx` (`createdBy`),
  KEY `category_updatedBy_fk_idx` (`updatedBy`),
  CONSTRAINT `category_createdBy_fk` FOREIGN KEY (`createdBy`) REFERENCES `user` (`id`) ON DELETE NO ACTION ON UPDATE NO ACTION,
  CONSTRAINT `category_updatedBy_fk` FOREIGN KEY (`updatedBy`) REFERENCES `user` (`id`) ON DELETE NO ACTION ON UPDATE NO ACTION
) ENGINE=InnoDB AUTO_INCREMENT=19 DEFAULT CHARSET=latin1;
/*!40101 SET character_set_client = @saved_cs_client */;

--
-- Dumping data for table `category`
--

LOCK TABLES `category` WRITE;
/*!40000 ALTER TABLE `category` DISABLE KEYS */;
INSERT INTO `category` VALUES (5,'Functional Assessment',NULL,1,'2015-08-13 10:36:33',1,'2015-08-13 10:36:33'),(6,'Application Evolution',NULL,1,'2015-08-13 10:36:33',1,'2015-08-13 10:36:33'),(7,'Technology Assessment',NULL,1,'2015-08-13 10:36:33',1,'2015-08-13 10:36:33'),(8,'Application Management',NULL,1,'2015-08-13 10:36:33',1,'2015-08-13 10:36:33'),(9,'Interface Assessment',NULL,1,'2015-09-23 08:35:23',1,'2015-09-23 08:35:23'),(10,'Server Assessment',NULL,1,'2015-11-12 04:58:07',1,'2015-11-12 04:58:07'),(11,'Cloud Readiness',NULL,1,'2016-01-06 09:10:56',1,'2016-01-06 09:10:56'),(12,'Business Benefit',NULL,1,'2016-01-06 11:25:28',1,'2016-01-06 11:25:28'),(13,'Maintenance Quotient',NULL,1,'2016-01-07 06:14:12',1,'2016-01-07 06:14:12'),(14,'Criticality Quotient',NULL,1,'2016-01-07 06:14:12',1,'2016-01-07 06:14:12'),(15,'Sourcing Alignment Index',NULL,1,'2016-01-07 06:14:12',1,'2016-01-07 06:14:12'),(16,'Utilization Quotient for Servers',NULL,1,'2016-01-07 06:14:12',1,'2016-01-07 06:14:12'),(17,'Infra Health Quotient',NULL,1,'2016-01-07 06:14:13',1,'2016-01-07 06:14:13'),(18,'Governance Quality',NULL,1,'2016-01-07 06:19:19',1,'2016-01-07 06:19:19');
/*!40000 ALTER TABLE `category` ENABLE KEYS */;
UNLOCK TABLES;

--
-- Table structure for table `dashboard`
--

DROP TABLE IF EXISTS `dashboard`;
/*!40101 SET @saved_cs_client     = @@character_set_client */;
/*!40101 SET character_set_client = utf8 */;
CREATE TABLE `dashboard` (
  `id` int(11) NOT NULL AUTO_INCREMENT,
  `dashboardName` varchar(45) NOT NULL,
  `workspaceId` int(11) DEFAULT NULL,
  PRIMARY KEY (`id`),
  KEY `FK_DASHBOARD_WORKSPACE_idx` (`workspaceId`),
  CONSTRAINT `FK_DASHBOARD_WORKSPACE` FOREIGN KEY (`workspaceId`) REFERENCES `workspace` (`id`) ON DELETE NO ACTION ON UPDATE NO ACTION
) ENGINE=InnoDB AUTO_INCREMENT=11 DEFAULT CHARSET=latin1;
/*!40101 SET character_set_client = @saved_cs_client */;

--
-- Dumping data for table `dashboard`
--

LOCK TABLES `dashboard` WRITE;
/*!40000 ALTER TABLE `dashboard` DISABLE KEYS */;
INSERT INTO `dashboard` VALUES (1,'Trial Dashboards',1),(3,'another one',1),(4,'Demos',1),(5,'Demo for Aditya',1),(6,'Value Discovery GEOs',5),(7,'Value Discovery Business and Apps',5),(8,'Value Discovery TCO',5),(9,'Server Inventory View',5),(10,'Analysis Dashboard',7);
/*!40000 ALTER TABLE `dashboard` ENABLE KEYS */;
UNLOCK TABLES;

--
-- Table structure for table `export_log`
--

DROP TABLE IF EXISTS `export_log`;
/*!40101 SET @saved_cs_client     = @@character_set_client */;
/*!40101 SET character_set_client = utf8 */;
CREATE TABLE `export_log` (
  `id` int(11) NOT NULL AUTO_INCREMENT,
  `hash` varchar(45) NOT NULL,
  `workspaceId` int(11) NOT NULL,
  `userId` int(11) NOT NULL,
  `purpose` varchar(45) NOT NULL,
  `refId` int(11) NOT NULL,
  `timeDown` timestamp NOT NULL DEFAULT CURRENT_TIMESTAMP,
  `timeUp` timestamp NULL DEFAULT NULL,
  PRIMARY KEY (`id`),
  KEY `export_userId_fk_idx` (`userId`),
  KEY `export_workspaceId_fk_idx` (`workspaceId`),
  CONSTRAINT `export_userId_fk` FOREIGN KEY (`userId`) REFERENCES `user` (`id`) ON DELETE NO ACTION ON UPDATE NO ACTION,
  CONSTRAINT `export_workspaceId_fk` FOREIGN KEY (`workspaceId`) REFERENCES `workspace` (`id`) ON DELETE NO ACTION ON UPDATE NO ACTION
) ENGINE=InnoDB AUTO_INCREMENT=88 DEFAULT CHARSET=latin1;
/*!40101 SET character_set_client = @saved_cs_client */;

--
-- Dumping data for table `export_log`
--

LOCK TABLES `export_log` WRITE;
/*!40000 ALTER TABLE `export_log` DISABLE KEYS */;
INSERT INTO `export_log` VALUES (1,'811038f43a2a46a673ed017de2b94e5e',7,11,'FM',1,'2016-04-12 11:01:41',NULL),(2,'fa2b77b4f6f22fdda7d8e497ff319de8',7,11,'FM',1,'2016-04-12 12:31:48',NULL),(3,'e709b9b3ac6c1d504fe01dcb77aeceb4',7,11,'INV',25,'2016-04-12 12:32:42',NULL),(4,'81311c780575ae513d737adcad5b787d',7,11,'FM',1,'2016-04-13 14:28:22',NULL),(5,'2f88e515037a6863ea19d2b4c60c82a1',7,11,'FM',1,'2016-04-13 14:29:48',NULL),(6,'a0f2eaebfbb5ccce224f79d3a7aa9225',7,11,'FM',1,'2016-04-13 14:38:00',NULL),(7,'4d88fdc5a59c60da6f17f5439ad0a033',7,11,'FM',1,'2016-04-13 14:40:59',NULL),(8,'e41bc614f88605808e3324092076f046',7,11,'FM',1,'2016-04-13 14:42:44',NULL),(9,'efe8cc2c11b5e00727e82bf7aadf2231',7,11,'FM',1,'2016-04-13 14:44:33',NULL),(10,'94e716a59c119cbf98224a7173142e78',7,11,'FM',2,'2016-04-13 14:55:21',NULL),(11,'ee5cc7afb478f00d727a30a2a1ef07df',7,11,'FM',2,'2016-04-13 14:57:19',NULL),(12,'0e11ee137cf801fea871f77fff3aa4ac',7,11,'FM',2,'2016-04-13 15:13:59',NULL),(13,'83c55821ae9128a1e822742be6786724',7,11,'FM',2,'2016-04-13 15:15:37',NULL),(14,'ac59b2836af9c917f386b196c85c26a0',7,11,'FM',2,'2016-04-13 15:23:36',NULL),(15,'9824131022fe574fc8d055b9e1374563',7,11,'FM',2,'2016-04-13 15:26:52',NULL),(16,'3e2d596b3854eaa42a71c5f54612939d',7,11,'FM',2,'2016-04-13 15:29:01',NULL),(17,'8fcacb3eca62e3ba1ef31a94e6d8d783',7,11,'FM',2,'2016-04-13 15:30:43',NULL),(18,'fe494176999ed5f2d1f31ce3f894d559',7,11,'FM',2,'2016-04-13 15:32:32',NULL),(19,'ca1d0744ab67c70d82a62388c8b11a36',7,11,'FM',2,'2016-04-13 15:35:43',NULL),(20,'7b47edf31acfa7a79a0a86c0a03d1945',7,11,'FM',2,'2016-04-13 15:38:01',NULL),(21,'a26808212715a3b3ac882746def1cff8',7,11,'FM',1,'2016-04-13 15:38:40',NULL),(22,'1816606669215b9d0c5f1959b81d4860',7,11,'FM',1,'2016-04-14 04:47:29',NULL),(23,'de00236dcb7ddb2ea774deceb64c1b3e',7,11,'FM',1,'2016-04-14 06:09:23',NULL),(24,'8676d76de1e3a689228990c7f31526e3',7,11,'FM',1,'2016-04-14 06:12:06',NULL),(25,'36c4c522288c189900742b2e8249aa39',7,11,'FM',1,'2016-04-14 07:02:05',NULL),(26,'8f9ffda6389c92424592eefc72782056',7,11,'FM',1,'2016-04-14 07:09:55',NULL),(27,'12cbe5763405e3f723ffcf78d325dc81',7,11,'FM',1,'2016-04-14 07:18:48',NULL),(28,'90ae3931a758119c57ec1fbc3f7c326a',7,11,'FM',1,'2016-04-14 07:22:01',NULL),(29,'4cef2c5c32e22070a4ba787bb6ecb2b3',7,11,'FM',2,'2016-04-14 07:24:44',NULL),(30,'ace85abb394b560c3cf788ca1ccb406d',7,11,'FM',2,'2016-04-14 07:26:54',NULL),(31,'4b159e221eb97cd2bb0fd85830782cd6',7,11,'FM',2,'2016-04-14 07:31:30',NULL),(32,'aa8dea263b35dc28f56fb639e4e73f6a',7,11,'FM',1,'2016-04-14 07:36:16',NULL),(33,'cc8cbe27f2cb4547f797ca1fc9df2977',7,11,'FM',2,'2016-04-14 07:37:40',NULL),(34,'2a9c0e9d555465048fdcde2e7f2eb5ed',7,11,'FM',1,'2016-04-14 07:38:33',NULL),(35,'7a72c10e3f11af9a0e9b122d1e207b8d',7,11,'FM',1,'2016-04-14 07:39:17',NULL),(36,'c8fc9b3472f4a1e407f2cdadc940a9fc',7,11,'FM',1,'2016-04-14 07:40:00',NULL),(37,'371ea5c38722c93d5760cd9b370ddee9',7,11,'FM',1,'2016-04-14 07:40:15',NULL),(38,'16d3bf409f3eaf72461d378778bf8267',7,11,'FM',1,'2016-04-14 07:40:29',NULL),(39,'00296d52d3c9e499f2e84e01e39f35a0',7,11,'FM',1,'2016-04-14 07:41:07',NULL),(40,'ebb3c91edf73e5162d3cf382d0c8b7c6',7,11,'FM',1,'2016-04-14 07:41:26',NULL),(41,'4831d51f7613346050cb847c7b423a69',7,11,'FM',1,'2016-04-14 07:42:40',NULL),(42,'70f29c94299c90cb77558a6dd8c8829c',7,11,'FM',1,'2016-04-14 07:45:55',NULL),(43,'50021c72117deec4e815922163b0def7',7,11,'FM',1,'2016-04-14 07:46:20',NULL),(44,'5f4f0fea69873f6633b5c75f832cdbbc',7,11,'FM',1,'2016-04-14 07:46:54',NULL),(45,'2732d31e77ec20353fbad3a299767316',7,11,'FM',1,'2016-04-14 07:47:08',NULL),(46,'b29022c1fdf7ab73413ed98fc8d035e1',7,11,'FM',1,'2016-04-14 07:50:32',NULL),(47,'6c19b6ac4098ab6cd6ab510fbc43aa38',7,11,'FM',1,'2016-04-14 07:52:36',NULL),(48,'2ea8a439ab9dea4e6bfd61c1c1571f12',7,11,'FM',1,'2016-04-14 08:04:02',NULL),(49,'5de325fb4364130b756db6531331630c',7,11,'FM',1,'2016-04-14 08:33:42',NULL),(50,'490902af85cc118ef2ba35c7b7002ed2',7,11,'FM',1,'2016-04-14 08:35:50',NULL),(51,'e26d57073df6296438305af5c4586988',7,11,'FM',1,'2016-04-14 09:17:41',NULL),(52,'af350fd13d567162c03e05a67cc4574a',7,11,'FM',1,'2016-04-14 09:20:54',NULL),(53,'c869d3e0f86adc43603c07aea89c32ed',7,11,'FM',1,'2016-04-14 09:28:16',NULL),(54,'ec3872c46de02acfbbbae2b67d25c6a2',7,11,'FM',1,'2016-04-14 09:30:55',NULL),(55,'74527cd024abaeef65c226023058886e',7,11,'FM',1,'2016-04-14 09:31:07',NULL),(56,'e4d419303184f2410e9dd9bf815119aa',7,11,'FM',1,'2016-04-14 09:34:40',NULL),(57,'77edaf19d08b9364ce5d4faf12e5b68f',7,11,'FM',1,'2016-04-14 09:37:38',NULL),(58,'655cc7eb255842abec10ba8774395018',7,11,'FM',1,'2016-04-14 09:38:58',NULL),(59,'b789e218c7ed523e2187decc790dc21c',7,11,'FM',1,'2016-04-14 09:41:43',NULL),(60,'ba225377ede2cde664e0585b0dc92574',7,11,'FM',2,'2016-04-14 09:42:29',NULL),(61,'dec8eccc7814d2627269ee25b8c2a991',7,11,'FM',1,'2016-04-14 09:43:34',NULL),(62,'bd5e917013f9f90126844890564804a1',5,11,'FM',3,'2016-04-18 09:29:47',NULL),(63,'b536fe53d4b9674632cae6b45b42c481',5,11,'FM',3,'2016-04-18 10:30:22',NULL),(64,'fb95787dee5ebc180b81a3e1fa4526d7',5,11,'FM',3,'2016-04-19 06:48:10',NULL),(65,'8b6dad560c9c6af29c1361ecd43bd328',5,11,'FM',3,'2016-04-19 06:49:56',NULL),(66,'a8c20abbdd3460f50c50a75224062a09',5,11,'FM',3,'2016-04-19 06:55:35',NULL),(67,'a4b488ef4b61ac8c4a2bcf128f0256f1',5,11,'FM',3,'2016-04-19 07:08:32',NULL),(68,'165f38eb1a6d2fa1d7d41e112e0d2127',5,11,'FM',3,'2016-04-19 08:08:49',NULL),(69,'45471fa0f81f77bc11e3b0257a2697ee',5,11,'FM',3,'2016-04-19 08:11:09',NULL),(70,'3dd4d616b4e648a5fed8ec4df2b735da',5,11,'FM',4,'2016-04-19 08:12:24',NULL),(71,'7e38f2bbfe527de8fd7c73bef13f4a02',5,11,'FM',4,'2016-04-19 08:12:46',NULL),(72,'87f0cd8cdb0fd85a1a3c8e2bda533446',5,11,'FM',3,'2016-04-19 08:14:05',NULL),(73,'909059526479f0ad9ae7267367181a42',5,11,'FM',4,'2016-04-19 08:14:16',NULL),(74,'4ece064a97b53921a3123750d25e317b',5,11,'FM',4,'2016-04-19 08:15:15',NULL),(75,'fd5a54906ebdf494b5803d1bc6de5d07',5,11,'FM',3,'2016-04-19 09:37:28',NULL),(76,'a94713611186adb758240b4e701dfe9e',5,11,'FM',3,'2016-04-19 09:38:32',NULL),(77,'df165e0267bde58b8f8ab876d1d728a0',5,11,'FM',3,'2016-04-19 09:39:36',NULL),(78,'123889e2ef5b4a49e328f72f2b8d07f6',5,11,'FM',3,'2016-04-19 09:43:09',NULL),(79,'5279579bc9aaf7baae92e535910004db',5,11,'FM',3,'2016-04-19 09:55:24',NULL),(80,'769a3dc62bb5e6b2de35ccabc48fdce3',5,11,'FM',4,'2016-04-19 09:57:47',NULL),(81,'a07a3e68ac711f3e69aa27fe03b4a9fd',5,11,'FM',3,'2016-04-19 09:59:06',NULL),(82,'d01f9a37fc93b5786eac32995bae6f97',5,11,'FM',3,'2016-04-19 10:04:38',NULL),(83,'faa21d936d6f4c73c006e4cff8bb81bb',5,11,'FM',5,'2016-04-20 07:31:38',NULL),(84,'79d066583e534fee126b550db9b782a2',5,11,'FM',5,'2016-04-20 07:36:26',NULL),(85,'2f8ff7aeb1221dca10b8db8e3aae7f2c',5,11,'FM',5,'2016-04-21 07:29:02',NULL),(86,'b4dae945fd9e807122aa8fe5a00d4104',5,11,'FM',5,'2016-04-21 07:43:08','2016-04-21 10:59:07'),(87,'b21a7c19da1914abf209fbadb8b7254b',5,11,'INV',16,'2016-04-25 07:30:56',NULL);
/*!40000 ALTER TABLE `export_log` ENABLE KEYS */;
UNLOCK TABLES;

--
-- Table structure for table `functional_map`
--

DROP TABLE IF EXISTS `functional_map`;
/*!40101 SET @saved_cs_client     = @@character_set_client */;
/*!40101 SET character_set_client = utf8 */;
CREATE TABLE `functional_map` (
  `id` int(11) NOT NULL AUTO_INCREMENT,
  `name` varchar(255) NOT NULL,
  `bcmId` int(11) NOT NULL,
  `type` varchar(45) NOT NULL,
  `workspaceId` int(11) NOT NULL,
  `assetTemplateId` int(11) NOT NULL,
  `questionId` int(11) NOT NULL,
  `createdBy` int(11) NOT NULL,
  `createdDate` timestamp NOT NULL DEFAULT CURRENT_TIMESTAMP,
  `updatedBy` int(11) NOT NULL,
  `updatedDate` timestamp NOT NULL DEFAULT CURRENT_TIMESTAMP,
  PRIMARY KEY (`id`),
  KEY `fm_bcm_idx` (`bcmId`),
  KEY `fm_createdBy_idx` (`createdBy`),
  KEY `fm_updatedBy_idx` (`updatedBy`),
  KEY `fm_workspaceId_idx` (`workspaceId`),
  KEY `fm_assetTemplate_idx` (`assetTemplateId`),
  KEY `fm_question_idx` (`questionId`),
  CONSTRAINT `fm_assetTemplate` FOREIGN KEY (`assetTemplateId`) REFERENCES `asset_template` (`id`) ON DELETE NO ACTION ON UPDATE NO ACTION,
  CONSTRAINT `fm_bcm` FOREIGN KEY (`bcmId`) REFERENCES `bcm` (`id`) ON DELETE NO ACTION ON UPDATE NO ACTION,
  CONSTRAINT `fm_createdBy` FOREIGN KEY (`createdBy`) REFERENCES `user` (`id`) ON DELETE NO ACTION ON UPDATE NO ACTION,
  CONSTRAINT `fm_question` FOREIGN KEY (`questionId`) REFERENCES `question` (`id`) ON DELETE NO ACTION ON UPDATE NO ACTION,
  CONSTRAINT `fm_updatedBy` FOREIGN KEY (`updatedBy`) REFERENCES `user` (`id`) ON DELETE NO ACTION ON UPDATE NO ACTION,
  CONSTRAINT `fm_workspaceId` FOREIGN KEY (`workspaceId`) REFERENCES `workspace` (`id`) ON DELETE NO ACTION ON UPDATE NO ACTION
) ENGINE=InnoDB AUTO_INCREMENT=6 DEFAULT CHARSET=latin1;
/*!40101 SET character_set_client = @saved_cs_client */;

--
-- Dumping data for table `functional_map`
--

LOCK TABLES `functional_map` WRITE;
/*!40000 ALTER TABLE `functional_map` DISABLE KEYS */;
INSERT INTO `functional_map` VALUES (1,'FML3',5,'L2',7,25,111,11,'2016-04-12 08:50:26',11,'2016-04-14 09:43:27'),(2,'testL3',14,'L3',7,29,87,11,'2016-04-13 14:53:34',11,'2016-04-13 14:53:34'),(3,'Functional Map 1',3,'L4',5,16,134,11,'2016-04-18 09:29:41',11,'2016-04-19 08:14:34'),(4,'Functional Map 2',3,'L4',5,17,134,11,'2016-04-19 06:47:55',11,'2016-04-19 08:12:42'),(5,'Agri-Fert Mapping',19,'L3',5,16,202,11,'2016-04-20 07:30:54',11,'2016-04-20 07:31:00');
/*!40000 ALTER TABLE `functional_map` ENABLE KEYS */;
UNLOCK TABLES;

--
-- Table structure for table `functional_map_data`
--

DROP TABLE IF EXISTS `functional_map_data`;
/*!40101 SET @saved_cs_client     = @@character_set_client */;
/*!40101 SET character_set_client = utf8 */;
CREATE TABLE `functional_map_data` (
  `id` int(11) NOT NULL AUTO_INCREMENT,
  `functionalMapId` int(11) NOT NULL,
  `bcmLevelId` int(11) NOT NULL,
  `assetId` int(11) NOT NULL,
  `data` text,
  `updatedBy` int(11) NOT NULL,
  `updatedDate` timestamp NOT NULL DEFAULT CURRENT_TIMESTAMP,
  PRIMARY KEY (`id`),
  KEY `fmd_bmfId_idx` (`functionalMapId`),
  KEY `fmd_bcmLevel_idx` (`bcmLevelId`),
  KEY `fmd_asset_idx` (`assetId`),
  KEY `fmd_userId_fk_idx` (`updatedBy`),
  CONSTRAINT `fmd_asset_fk` FOREIGN KEY (`assetId`) REFERENCES `asset` (`id`) ON DELETE NO ACTION ON UPDATE NO ACTION,
  CONSTRAINT `fmd_bcmLevel_fk` FOREIGN KEY (`bcmLevelId`) REFERENCES `bcm_level` (`id`) ON DELETE NO ACTION ON UPDATE NO ACTION,
  CONSTRAINT `fmd_fmId_fk` FOREIGN KEY (`functionalMapId`) REFERENCES `functional_map` (`id`) ON DELETE NO ACTION ON UPDATE NO ACTION,
  CONSTRAINT `fmd_userId_fk` FOREIGN KEY (`updatedBy`) REFERENCES `user` (`id`) ON DELETE NO ACTION ON UPDATE NO ACTION
) ENGINE=InnoDB AUTO_INCREMENT=6 DEFAULT CHARSET=latin1;
/*!40101 SET character_set_client = @saved_cs_client */;

--
-- Dumping data for table `functional_map_data`
--

LOCK TABLES `functional_map_data` WRITE;
/*!40000 ALTER TABLE `functional_map_data` DISABLE KEYS */;
INSERT INTO `functional_map_data` VALUES (1,5,610,56,'{\"options\":[{\"sequenceNumber\":1,\"quantifier\":1.0,\"text\":\"Desired\"}],\"otherOptionResponseText\":null,\"score\":null}',11,'2016-04-21 10:59:07'),(2,5,610,53,'{\"options\":[{\"sequenceNumber\":6,\"quantifier\":-1.0,\"text\":\"N/A\"}],\"otherOptionResponseText\":null,\"score\":null}',11,'2016-04-21 10:59:07'),(3,5,610,75,'{\"options\":[{\"sequenceNumber\":6,\"quantifier\":-1.0,\"text\":\"N/A\"}],\"otherOptionResponseText\":null,\"score\":null}',11,'2016-04-21 10:59:07'),(4,5,613,53,'{\"options\":[{\"sequenceNumber\":6,\"quantifier\":-1.0,\"text\":\"N/A\"}],\"otherOptionResponseText\":null,\"score\":null}',11,'2016-04-21 10:59:07'),(5,5,614,56,'{\"options\":[{\"sequenceNumber\":2,\"quantifier\":10.0,\"text\":\"Fully Supported\"}],\"otherOptionResponseText\":null,\"score\":null}',11,'2016-04-21 10:59:07');
/*!40000 ALTER TABLE `functional_map_data` ENABLE KEYS */;
UNLOCK TABLES;

--
-- Table structure for table `graph`
--

DROP TABLE IF EXISTS `graph`;
/*!40101 SET @saved_cs_client     = @@character_set_client */;
/*!40101 SET character_set_client = utf8 */;
CREATE TABLE `graph` (
  `id` int(11) NOT NULL AUTO_INCREMENT,
  `graphName` varchar(45) NOT NULL,
  `description` text,
  `workspaceId` int(11) NOT NULL,
  `graphType` varchar(45) NOT NULL,
  `deleteStatus` tinyint(1) NOT NULL DEFAULT '0',
  `createdBy` int(11) NOT NULL,
  `createdDate` timestamp NOT NULL DEFAULT CURRENT_TIMESTAMP ON UPDATE CURRENT_TIMESTAMP,
  `updatedBy` int(11) NOT NULL,
  `updatedDate` timestamp NOT NULL DEFAULT CURRENT_TIMESTAMP ON UPDATE CURRENT_TIMESTAMP,
  PRIMARY KEY (`id`),
  UNIQUE KEY `UK_GRAPHNAME_WORKSPACE` (`graphName`,`workspaceId`,`graphType`),
  KEY `Graph_Workspace_FK_idx` (`workspaceId`),
  KEY `Graph_User_FK_idx` (`createdBy`),
  KEY `Graph_Updated_By_FK_idx` (`updatedBy`),
  CONSTRAINT `Graph_Created_By_FK` FOREIGN KEY (`createdBy`) REFERENCES `user` (`id`) ON DELETE CASCADE ON UPDATE NO ACTION,
  CONSTRAINT `Graph_Updated_By_FK` FOREIGN KEY (`updatedBy`) REFERENCES `user` (`id`) ON DELETE CASCADE ON UPDATE NO ACTION,
  CONSTRAINT `Graph_Workspace_FK` FOREIGN KEY (`workspaceId`) REFERENCES `workspace` (`id`) ON DELETE CASCADE ON UPDATE NO ACTION
) ENGINE=InnoDB AUTO_INCREMENT=41 DEFAULT CHARSET=latin1;
/*!40101 SET character_set_client = @saved_cs_client */;

--
-- Dumping data for table `graph`
--

LOCK TABLES `graph` WRITE;
/*!40000 ALTER TABLE `graph` DISABLE KEYS */;
INSERT INTO `graph` VALUES (29,'Application Network view','Relation of the applications in the portfolio',1,'NW',0,2,'2015-08-13 18:13:49',2,'2015-08-13 18:46:32'),(30,'Demo Graph of Assets 2','',1,'NW',0,2,'2015-09-21 06:51:59',2,'2015-09-21 06:52:10'),(31,'Application Dependency Diagram demo 1','',5,'NW',0,2,'2015-09-23 10:47:36',2,'2015-09-23 10:47:36'),(32,'Application Infra DD 01','',5,'NW',0,9,'2015-11-10 03:30:38',9,'2015-11-10 03:30:38'),(36,'Application to Server Mapping','',7,'NW',0,10,'2016-01-06 08:00:47',5,'2016-01-06 08:50:36'),(37,'Application to Application Mapping','Application to Application Mapping',7,'NW',0,5,'2016-01-06 08:49:39',5,'2016-01-06 08:49:39'),(38,'Server to Database Mapping','Server to Database Mapping',7,'NW',0,5,'2016-01-06 08:51:00',5,'2016-01-06 08:51:00'),(39,'Server to Server Mapping','Server to Server Mapping',7,'NW',0,5,'2016-01-06 10:15:04',5,'2016-01-06 10:15:04'),(40,'Overall Landscape','Overall Landscape',7,'NW',0,5,'2016-01-06 10:16:04',5,'2016-01-06 10:16:04');
/*!40000 ALTER TABLE `graph` ENABLE KEYS */;
UNLOCK TABLES;

--
-- Table structure for table `graph_asset_template`
--

DROP TABLE IF EXISTS `graph_asset_template`;
/*!40101 SET @saved_cs_client     = @@character_set_client */;
/*!40101 SET character_set_client = utf8 */;
CREATE TABLE `graph_asset_template` (
  `id` int(11) NOT NULL AUTO_INCREMENT,
  `graphId` int(11) NOT NULL,
  `assetTemplateId` int(11) NOT NULL,
  PRIMARY KEY (`id`),
  UNIQUE KEY `UK_GRAPHID_ASSETTEMPLATEID` (`graphId`,`assetTemplateId`),
  KEY `FK_GRAPHID_GRAPHID_idx` (`graphId`),
  KEY `FK_ASSETTEMPLATEID_ASSETTEMPLATEID_idx` (`assetTemplateId`),
  CONSTRAINT `FK_ASSETTEMPLATEID_ASSETTEMPLATEID` FOREIGN KEY (`assetTemplateId`) REFERENCES `asset_template` (`id`) ON DELETE NO ACTION ON UPDATE NO ACTION,
  CONSTRAINT `FK_GRAPHID_GRAPHID` FOREIGN KEY (`graphId`) REFERENCES `graph` (`id`) ON DELETE NO ACTION ON UPDATE NO ACTION
) ENGINE=InnoDB AUTO_INCREMENT=37 DEFAULT CHARSET=latin1;
/*!40101 SET character_set_client = @saved_cs_client */;

--
-- Dumping data for table `graph_asset_template`
--

LOCK TABLES `graph_asset_template` WRITE;
/*!40000 ALTER TABLE `graph_asset_template` DISABLE KEYS */;
INSERT INTO `graph_asset_template` VALUES (1,29,1),(2,29,2),(3,29,3),(4,29,15),(5,31,16),(8,32,16),(6,32,17),(7,32,19),(23,36,23),(24,36,25),(22,36,29),(21,37,25),(20,37,29),(26,38,23),(27,38,24),(25,38,27),(29,39,23),(28,39,31),(34,40,23),(35,40,24),(36,40,25),(30,40,27),(31,40,29),(32,40,30),(33,40,31);
/*!40000 ALTER TABLE `graph_asset_template` ENABLE KEYS */;
UNLOCK TABLES;

--
-- Table structure for table `interface`
--

DROP TABLE IF EXISTS `interface`;
/*!40101 SET @saved_cs_client     = @@character_set_client */;
/*!40101 SET character_set_client = utf8 */;
CREATE TABLE `interface` (
  `id` int(11) NOT NULL AUTO_INCREMENT,
  `interfaceAssetId` int(11) NOT NULL,
  `assetSourceId` int(11) NOT NULL,
  `assetDestId` int(11) NOT NULL,
  `interfaceDirection` varchar(45) NOT NULL,
  `dataType` varchar(20) DEFAULT NULL,
  `frequency` varchar(20) DEFAULT NULL,
  `communicationMethod` varchar(20) DEFAULT NULL,
  `createdBy` int(11) NOT NULL,
  `createdDate` timestamp NOT NULL DEFAULT CURRENT_TIMESTAMP ON UPDATE CURRENT_TIMESTAMP,
  `updatedBy` int(11) NOT NULL,
  `updatedDate` timestamp NOT NULL DEFAULT CURRENT_TIMESTAMP ON UPDATE CURRENT_TIMESTAMP,
  PRIMARY KEY (`id`),
  UNIQUE KEY `UK_INTERFACE_SRC_DEST` (`interfaceAssetId`,`assetSourceId`,`assetDestId`),
  KEY `Interface_Asset_FK_idx` (`assetSourceId`),
  KEY `Interface_Asset_Dest_FK_idx` (`assetDestId`),
  KEY `Interface_Created_By_FK_idx` (`createdBy`),
  KEY `Interface_Updated_By_FK_idx` (`updatedBy`),
  KEY `FK_INTERFACEASSETID_ASSETID_idx` (`interfaceAssetId`),
  CONSTRAINT `FK_INTERFACEASSETID_ASSETID` FOREIGN KEY (`interfaceAssetId`) REFERENCES `asset` (`id`) ON DELETE NO ACTION ON UPDATE NO ACTION,
  CONSTRAINT `Interface_Asset_Dest_FK` FOREIGN KEY (`assetDestId`) REFERENCES `asset` (`id`) ON DELETE CASCADE ON UPDATE NO ACTION,
  CONSTRAINT `Interface_Asset_Source_FK` FOREIGN KEY (`assetSourceId`) REFERENCES `asset` (`id`) ON DELETE CASCADE ON UPDATE NO ACTION,
  CONSTRAINT `Interface_Created_By_FK` FOREIGN KEY (`createdBy`) REFERENCES `user` (`id`) ON DELETE CASCADE ON UPDATE NO ACTION,
  CONSTRAINT `Interface_Updated_By_FK` FOREIGN KEY (`updatedBy`) REFERENCES `user` (`id`) ON DELETE CASCADE ON UPDATE NO ACTION
) ENGINE=InnoDB AUTO_INCREMENT=837 DEFAULT CHARSET=latin1;
/*!40101 SET character_set_client = @saved_cs_client */;

--
-- Dumping data for table `interface`
--

LOCK TABLES `interface` WRITE;
/*!40000 ALTER TABLE `interface` DISABLE KEYS */;
INSERT INTO `interface` VALUES (28,17,2,8,'UNI',NULL,NULL,NULL,2,'2015-09-22 07:53:00',2,'2015-09-22 07:53:00'),(29,18,1,10,'BIDI',NULL,NULL,NULL,2,'2015-09-22 09:26:55',2,'2015-09-22 09:26:55'),(30,19,8,10,'UNI',NULL,NULL,NULL,2,'2015-09-22 09:27:36',2,'2015-09-22 09:27:36'),(31,20,7,2,'UNI',NULL,NULL,NULL,2,'2015-09-22 09:30:09',2,'2015-09-22 09:30:09'),(32,21,5,1,'UNI',NULL,NULL,NULL,2,'2015-09-23 05:17:58',2,'2015-09-23 05:17:58'),(33,22,5,1,'UNI',NULL,NULL,NULL,2,'2015-09-23 05:18:31',2,'2015-09-23 05:18:31'),(34,78,24,26,'BIDI',NULL,NULL,NULL,2,'2015-09-23 11:30:14',2,'2015-09-23 11:30:14'),(35,79,28,29,'UNI',NULL,NULL,NULL,2,'2015-09-23 11:32:50',2,'2015-09-23 11:32:50'),(36,80,26,25,'UNI',NULL,NULL,NULL,2,'2015-09-23 11:33:24',2,'2015-09-23 11:33:24'),(37,81,40,30,'UNI',NULL,NULL,NULL,2,'2015-09-23 11:34:00',2,'2015-09-23 11:34:00'),(38,82,34,32,'UNI',NULL,NULL,NULL,2,'2015-09-23 11:36:03',2,'2015-09-23 11:36:03'),(39,83,30,68,'UNI',NULL,NULL,NULL,2,'2015-09-23 11:36:47',2,'2015-09-23 11:36:47'),(40,84,37,40,'UNI',NULL,NULL,NULL,2,'2015-09-23 11:38:21',2,'2015-09-23 11:38:21'),(41,85,38,40,'UNI',NULL,NULL,NULL,2,'2015-09-23 11:38:32',2,'2015-09-23 11:38:32'),(42,86,44,47,'BIDI',NULL,NULL,NULL,2,'2015-09-23 11:38:59',2,'2015-09-23 11:38:59'),(43,87,29,30,'UNI',NULL,NULL,NULL,2,'2015-09-23 11:44:54',2,'2015-09-23 11:44:54'),(44,88,33,36,'UNI',NULL,NULL,NULL,2,'2015-09-23 11:45:23',2,'2015-09-23 11:45:23'),(45,89,41,32,'BIDI',NULL,NULL,NULL,2,'2015-09-23 11:45:44',2,'2015-09-23 11:45:44'),(46,90,32,29,'UNI',NULL,NULL,NULL,2,'2015-09-23 11:46:18',2,'2015-09-23 11:46:18'),(47,91,29,32,'UNI',NULL,NULL,NULL,2,'2015-09-23 11:46:47',2,'2015-09-23 11:46:47'),(48,92,30,66,'UNI',NULL,NULL,NULL,2,'2015-09-23 11:47:47',2,'2015-09-23 11:47:47'),(49,93,52,40,'UNI',NULL,NULL,NULL,2,'2015-09-23 11:59:39',2,'2015-09-23 11:59:39'),(50,94,91,31,'UNI',NULL,NULL,NULL,2,'2015-09-23 11:59:56',2,'2015-09-23 11:59:56'),(51,95,65,66,'UNI',NULL,NULL,NULL,2,'2015-09-23 12:00:48',2,'2015-09-23 12:00:48'),(52,96,65,67,'UNI',NULL,NULL,NULL,2,'2015-09-23 12:01:07',2,'2015-09-23 12:01:07'),(53,97,65,67,'UNI',NULL,NULL,NULL,2,'2015-09-23 12:01:33',2,'2015-09-23 12:01:33'),(54,98,23,49,'UNI',NULL,NULL,NULL,2,'2015-09-23 12:06:53',2,'2015-09-23 12:06:53'),(55,99,57,26,'UNI',NULL,NULL,NULL,2,'2015-09-23 12:22:55',2,'2015-09-23 12:22:55'),(56,100,57,51,'BIDI',NULL,NULL,NULL,2,'2015-09-23 12:23:22',2,'2015-09-23 12:23:22'),(57,101,58,33,'UNI',NULL,NULL,NULL,2,'2015-09-23 12:23:52',2,'2015-09-23 12:23:52'),(58,102,26,27,'UNI',NULL,NULL,NULL,4,'2015-09-28 12:19:02',4,'2015-09-28 12:19:02'),(59,103,23,26,'UNI',NULL,NULL,NULL,4,'2015-09-28 12:19:32',4,'2015-09-28 12:19:32'),(60,104,29,26,'UNI',NULL,NULL,NULL,4,'2015-09-28 12:20:06',4,'2015-09-28 12:20:06'),(61,153,23,108,'BIDI',NULL,NULL,NULL,9,'2015-11-10 03:30:12',9,'2015-11-10 03:30:12'),(62,154,24,109,'BIDI',NULL,NULL,NULL,9,'2015-11-10 03:31:25',9,'2015-11-10 03:31:25'),(63,155,26,110,'BIDI',NULL,NULL,NULL,9,'2015-11-10 03:31:49',9,'2015-11-10 03:31:49'),(64,156,28,111,'BIDI',NULL,NULL,NULL,9,'2015-11-10 03:32:25',9,'2015-11-10 03:32:25'),(65,157,28,111,'BIDI',NULL,NULL,NULL,9,'2015-11-10 03:33:06',9,'2015-11-10 03:33:06'),(66,158,23,137,'BIDI',NULL,NULL,NULL,9,'2015-11-10 03:36:46',9,'2015-11-10 03:36:46'),(67,159,23,138,'BIDI',NULL,NULL,NULL,9,'2015-11-10 03:38:23',9,'2015-11-10 03:38:23'),(68,160,24,136,'BIDI',NULL,NULL,NULL,9,'2015-11-10 03:39:52',9,'2015-11-10 03:39:52'),(69,161,24,139,'BIDI',NULL,NULL,NULL,9,'2015-11-10 03:40:45',9,'2015-11-10 03:40:45'),(70,162,110,108,'BIDI',NULL,NULL,NULL,9,'2015-11-10 03:48:08',9,'2015-11-10 03:48:08'),(71,163,30,112,'BIDI',NULL,NULL,NULL,9,'2015-11-10 03:49:52',9,'2015-11-10 03:49:52'),(72,164,32,113,'BIDI',NULL,NULL,NULL,9,'2015-11-10 03:50:19',9,'2015-11-10 03:50:19'),(73,165,34,114,'BIDI',NULL,NULL,NULL,9,'2015-11-10 03:50:43',9,'2015-11-10 03:50:43'),(74,166,36,115,'BIDI',NULL,NULL,NULL,9,'2015-11-10 03:51:10',9,'2015-11-10 03:51:10'),(75,167,37,116,'BIDI',NULL,NULL,NULL,9,'2015-11-10 03:51:34',9,'2015-11-10 03:51:34'),(76,168,39,117,'BIDI',NULL,NULL,NULL,9,'2015-11-10 03:51:51',9,'2015-11-10 03:51:51'),(77,170,41,118,'BIDI',NULL,NULL,NULL,9,'2015-11-10 03:53:02',9,'2015-11-10 03:53:02'),(78,171,41,127,'BIDI',NULL,NULL,NULL,9,'2015-11-10 03:54:09',9,'2015-11-10 03:54:09'),(79,172,41,148,'BIDI',NULL,NULL,NULL,9,'2015-11-10 03:55:16',9,'2015-11-10 03:55:16'),(80,173,39,128,'BIDI',NULL,NULL,NULL,9,'2015-11-10 03:55:53',9,'2015-11-10 03:55:53'),(81,174,39,147,'BIDI',NULL,NULL,NULL,9,'2015-11-10 03:56:19',9,'2015-11-10 03:56:19'),(82,175,39,128,'BIDI',NULL,NULL,NULL,9,'2015-11-10 03:57:56',9,'2015-11-10 03:57:56'),(83,176,26,135,'BIDI',NULL,NULL,NULL,9,'2015-11-12 04:21:22',9,'2015-11-12 04:21:22'),(84,177,26,140,'BIDI',NULL,NULL,NULL,9,'2015-11-12 04:22:22',9,'2015-11-12 04:22:22'),(85,178,28,134,'BIDI',NULL,NULL,NULL,9,'2015-11-12 04:23:20',9,'2015-11-12 04:23:20'),(86,179,28,141,'BIDI',NULL,NULL,NULL,9,'2015-11-12 04:24:00',9,'2015-11-12 04:24:00'),(87,180,30,133,'BIDI',NULL,NULL,NULL,9,'2015-11-12 04:25:03',9,'2015-11-12 04:25:03'),(88,181,30,142,'BIDI',NULL,NULL,NULL,9,'2015-11-12 04:25:55',9,'2015-11-12 04:25:55'),(89,182,32,132,'BIDI',NULL,NULL,NULL,9,'2015-11-12 04:26:40',9,'2015-11-12 04:26:40'),(90,183,32,143,'BIDI',NULL,NULL,NULL,9,'2015-11-12 04:27:42',9,'2015-11-12 04:27:42'),(91,184,34,131,'BIDI',NULL,NULL,NULL,9,'2015-11-12 04:28:58',9,'2015-11-12 04:28:58'),(92,185,32,143,'BIDI',NULL,NULL,NULL,9,'2015-11-12 04:29:34',9,'2015-11-12 04:29:34'),(93,186,36,130,'BIDI',NULL,NULL,NULL,9,'2015-11-12 04:30:58',9,'2015-11-12 04:30:58'),(94,187,36,145,'BIDI',NULL,NULL,NULL,9,'2015-11-12 04:32:00',9,'2015-11-12 04:32:00'),(95,188,37,129,'BIDI',NULL,NULL,NULL,9,'2015-11-12 04:32:39',9,'2015-11-12 04:32:39'),(96,189,37,146,'BIDI',NULL,NULL,NULL,9,'2015-11-12 04:33:29',9,'2015-11-12 04:33:29'),(285,399,192,266,'UNI','XML','REAL','SYNCHRONOUS',10,'2016-01-06 07:41:32',10,'2016-01-06 07:41:32'),(286,400,193,267,'UNI','XML','REAL','SYNCHRONOUS',10,'2016-01-06 07:41:32',10,'2016-01-06 07:41:32'),(287,401,194,268,'BIDI','FLAT','REAL','SYNCHRONOUS',10,'2016-01-06 07:41:32',10,'2016-01-06 07:41:32'),(288,402,195,269,'BIDI','CSV','REAL','SYNCHRONOUS',10,'2016-01-06 07:41:32',10,'2016-01-06 07:41:32'),(289,403,196,266,'BIDI','CSV','REAL','SYNCHRONOUS',10,'2016-01-06 07:41:32',10,'2016-01-06 07:41:32'),(290,404,197,267,'BIDI','XML','REAL','SYNCHRONOUS',10,'2016-01-06 07:41:32',10,'2016-01-06 07:41:32'),(291,405,198,268,'BIDI','FLAT','HOURLY','BATCH',10,'2016-01-06 07:41:32',10,'2016-01-06 07:41:32'),(292,406,199,269,'BIDI','FLAT','DAILY','BATCH',10,'2016-01-06 07:41:32',10,'2016-01-06 07:41:32'),(293,407,200,271,'BIDI','ENUM_IS_NULL','MONTHLY','BATCH',10,'2016-01-06 07:41:32',10,'2016-01-06 07:41:32'),(294,408,201,272,'UNI','XML','REAL','SYNCHRONOUS',10,'2016-01-06 07:41:32',10,'2016-01-06 07:41:32'),(295,409,202,276,'UNI','CSV','REAL','SYNCHRONOUS',10,'2016-01-06 07:41:32',10,'2016-01-06 07:41:32'),(296,410,203,277,'UNI','CSV','REAL','SYNCHRONOUS',10,'2016-01-06 07:41:32',10,'2016-01-06 07:41:32'),(297,411,204,278,'BIDI','CSV','REAL','SYNCHRONOUS',10,'2016-01-06 07:41:32',10,'2016-01-06 07:41:32'),(298,412,205,279,'BIDI','EDI','REAL','SYNCHRONOUS',10,'2016-01-06 07:41:32',10,'2016-01-06 07:41:32'),(299,413,206,271,'BIDI','EDI','REAL','SYNCHRONOUS',10,'2016-01-06 07:41:32',10,'2016-01-06 07:41:32'),(300,414,207,279,'UNI','XML','HOURLY','ASYNCHRONOUS',10,'2016-01-06 07:41:32',10,'2016-01-06 07:41:32'),(301,415,208,278,'BIDI','CSV','DAILY','BATCH',10,'2016-01-06 07:41:32',10,'2016-01-06 07:41:32'),(302,416,209,276,'BIDI','ENUM_IS_NULL','DAILY','BATCH',10,'2016-01-06 07:41:32',10,'2016-01-06 07:41:32'),(303,417,210,279,'UNI','FLAT','WEEKLY','BATCH',10,'2016-01-06 07:41:32',10,'2016-01-06 07:41:32'),(304,418,211,271,'UNI','EDI','REAL','SYNCHRONOUS',10,'2016-01-06 07:41:32',10,'2016-01-06 07:41:32'),(305,419,212,272,'UNI','XML','REAL','SYNCHRONOUS',10,'2016-01-06 07:41:32',10,'2016-01-06 07:41:32'),(306,420,213,269,'UNI','EDI','REAL','SYNCHRONOUS',10,'2016-01-06 07:41:32',10,'2016-01-06 07:41:32'),(307,421,214,276,'BIDI','FLAT','REAL','SYNCHRONOUS',10,'2016-01-06 07:41:32',10,'2016-01-06 07:41:32'),(308,422,215,277,'BIDI','FLAT','REAL','SYNCHRONOUS',10,'2016-01-06 07:41:32',10,'2016-01-06 07:41:32'),(309,423,216,278,'UNI','ENUM_IS_NULL','DAILY','BATCH',10,'2016-01-06 07:41:32',10,'2016-01-06 07:41:32'),(310,424,217,279,'BIDI','XML','DAILY','BATCH',10,'2016-01-06 07:41:33',10,'2016-01-06 07:41:33'),(311,425,218,266,'BIDI','CSV','WEEKLY','BATCH',10,'2016-01-06 07:41:33',10,'2016-01-06 07:41:33'),(312,426,219,267,'UNI','CSV','HOURLY','ASYNCHRONOUS',10,'2016-01-06 07:41:33',10,'2016-01-06 07:41:33'),(313,427,220,268,'BIDI','EDI','REAL','SYNCHRONOUS',10,'2016-01-06 07:41:33',10,'2016-01-06 07:41:33'),(314,428,221,269,'BIDI','XML','REAL','SYNCHRONOUS',10,'2016-01-06 07:41:33',10,'2016-01-06 07:41:33'),(315,429,222,271,'BIDI','ENUM_IS_NULL','REAL','SYNCHRONOUS',10,'2016-01-06 07:41:33',10,'2016-01-06 07:41:33'),(316,430,223,271,'UNI','EDI','REAL','SYNCHRONOUS',10,'2016-01-06 07:41:33',10,'2016-01-06 07:41:33'),(317,431,224,276,'UNI','CSV','WEEKLY','BATCH',10,'2016-01-06 07:41:33',10,'2016-01-06 07:41:33'),(318,432,225,277,'UNI','XML','HOURLY','ASYNCHRONOUS',10,'2016-01-06 07:41:33',10,'2016-01-06 07:41:33'),(319,433,226,278,'UNI','EDI','DAILY','BATCH',10,'2016-01-06 07:41:33',10,'2016-01-06 07:41:33'),(320,434,227,279,'UNI','CSV','REAL','SYNCHRONOUS',10,'2016-01-06 07:41:33',10,'2016-01-06 07:41:33'),(321,435,228,266,'BIDI','EDI','REAL','SYNCHRONOUS',10,'2016-01-06 07:41:33',10,'2016-01-06 07:41:33'),(322,436,229,267,'BIDI','XML','REAL','SYNCHRONOUS',10,'2016-01-06 07:41:33',10,'2016-01-06 07:41:33'),(323,437,230,268,'BIDI','EDI','REAL','SYNCHRONOUS',10,'2016-01-06 07:41:33',10,'2016-01-06 07:41:33'),(324,438,231,269,'BIDI','CSV','HOURLY','ASYNCHRONOUS',10,'2016-01-06 07:41:33',10,'2016-01-06 07:41:33'),(325,439,232,271,'BIDI','ENUM_IS_NULL','WEEKLY','BATCH',10,'2016-01-06 07:41:33',10,'2016-01-06 07:41:33'),(326,440,233,271,'BIDI','FLAT','WEEKLY','BATCH',10,'2016-01-06 07:41:33',10,'2016-01-06 07:41:33'),(327,441,234,276,'BIDI','XML','REAL','SYNCHRONOUS',10,'2016-01-06 07:41:33',10,'2016-01-06 07:41:33'),(328,442,235,277,'BIDI','CSV','REAL','SYNCHRONOUS',10,'2016-01-06 07:41:33',10,'2016-01-06 07:41:33'),(329,443,236,278,'UNI','XML','REAL','SYNCHRONOUS',10,'2016-01-06 07:41:33',10,'2016-01-06 07:41:33'),(330,444,237,279,'BIDI','CSV','REAL','SYNCHRONOUS',10,'2016-01-06 07:41:33',10,'2016-01-06 07:41:33'),(331,445,238,278,'BIDI','EDI','DAILY','BATCH',10,'2016-01-06 07:41:33',10,'2016-01-06 07:41:33'),(332,446,239,264,'BIDI','FLAT','HOURLY','ASYNCHRONOUS',10,'2016-01-06 07:41:33',10,'2016-01-06 07:41:33'),(333,447,240,265,'BIDI','XML','REAL','SYNCHRONOUS',10,'2016-01-06 07:41:33',10,'2016-01-06 07:41:33'),(334,448,241,273,'UNI','FLAT','MONTHLY','ASYNCHRONOUS',10,'2016-01-06 07:41:33',10,'2016-01-06 07:41:33'),(335,449,242,274,'BIDI','CSV','REAL','SYNCHRONOUS',10,'2016-01-06 07:41:33',10,'2016-01-06 07:41:33'),(336,450,243,274,'BIDI','ENUM_IS_NULL','REAL','SYNCHRONOUS',10,'2016-01-06 07:41:33',10,'2016-01-06 07:41:33'),(337,451,244,280,'BIDI','EDI','REAL','SYNCHRONOUS',10,'2016-01-06 07:41:33',10,'2016-01-06 07:41:33'),(338,452,245,266,'UNI','XML','WEEKLY','ASYNCHRONOUS',10,'2016-01-06 07:41:33',10,'2016-01-06 07:41:33'),(339,453,246,267,'UNI','FLAT','REAL','SYNCHRONOUS',10,'2016-01-06 07:41:33',10,'2016-01-06 07:41:33'),(340,454,247,268,'BIDI','CSV','HOURLY','BATCH',10,'2016-01-07 11:57:24',10,'2016-01-07 11:57:24'),(341,455,248,269,'BIDI','XML','REAL','SYNCHRONOUS',10,'2016-01-06 07:41:34',10,'2016-01-06 07:41:34'),(342,456,249,271,'BIDI','FLAT','WEEKLY','BATCH',10,'2016-01-06 07:41:34',10,'2016-01-06 07:41:34'),(343,457,250,271,'UNI','FLAT','REAL','SYNCHRONOUS',10,'2016-01-06 07:41:34',10,'2016-01-06 07:41:34'),(344,458,251,276,'BIDI','CSV','DAILY','BATCH',10,'2016-01-06 07:41:34',10,'2016-01-06 07:41:34'),(345,459,252,277,'BIDI','XML','HOURLY','ASYNCHRONOUS',10,'2016-01-06 07:41:34',10,'2016-01-06 07:41:34'),(346,460,253,278,'UNI','EDI','WEEKLY','BATCH',10,'2016-01-06 07:41:34',10,'2016-01-06 07:41:34'),(347,461,254,279,'BIDI','CSV','WEEKLY','BATCH',10,'2016-01-06 07:41:34',10,'2016-01-06 07:41:34'),(348,462,255,263,'BIDI','EDI','MONTHLY','BATCH',10,'2016-01-06 07:41:34',10,'2016-01-06 07:41:34'),(349,463,256,267,'UNI','XML','MONTHLY','BATCH',10,'2016-01-06 07:41:34',10,'2016-01-06 07:41:34'),(350,464,257,268,'BIDI','EDI','WEEKLY','BATCH',10,'2016-01-06 07:41:34',10,'2016-01-06 07:41:34'),(351,465,258,279,'UNI','EDI','HOURLY','ASYNCHRONOUS',10,'2016-01-06 07:41:34',10,'2016-01-06 07:41:34'),(352,466,259,278,'BIDI','XML','WEEKLY','BATCH',10,'2016-01-06 07:41:34',10,'2016-01-06 07:41:34'),(353,467,260,266,'BIDI','ENUM_IS_NULL','MONTHLY','BATCH',10,'2016-01-06 07:41:34',10,'2016-01-06 07:41:34'),(354,468,261,267,'BIDI','CSV','DAILY','BATCH',10,'2016-01-06 07:41:34',10,'2016-01-06 07:41:34'),(355,469,262,268,'UNI','XML','HOURLY','ASYNCHRONOUS',10,'2016-01-06 07:41:34',10,'2016-01-06 07:41:34'),(356,628,281,192,'UNI','XML','REAL','SYNCHRONOUS',10,'2016-01-06 07:59:25',10,'2016-01-06 07:59:25'),(357,629,282,192,'UNI','XML','REAL','SYNCHRONOUS',10,'2016-01-06 07:59:25',10,'2016-01-06 07:59:25'),(358,630,283,192,'BIDI','FLAT','REAL','SYNCHRONOUS',10,'2016-01-06 07:59:25',10,'2016-01-06 07:59:25'),(359,631,284,192,'BIDI','CSV','REAL','SYNCHRONOUS',10,'2016-01-06 07:59:25',10,'2016-01-06 07:59:25'),(360,632,285,193,'BIDI','CSV','REAL','SYNCHRONOUS',10,'2016-01-06 07:59:25',10,'2016-01-06 07:59:25'),(361,633,286,193,'BIDI','XML','REAL','SYNCHRONOUS',10,'2016-01-06 07:59:25',10,'2016-01-06 07:59:25'),(362,634,287,194,'BIDI','FLAT','HOURLY','BATCH',10,'2016-01-06 07:59:25',10,'2016-01-06 07:59:25'),(363,635,288,194,'BIDI','FLAT','DAILY','BATCH',10,'2016-01-06 07:59:25',10,'2016-01-06 07:59:25'),(364,636,289,194,'BIDI','ENUM_IS_NULL','MONTHLY','BATCH',10,'2016-01-06 07:59:25',10,'2016-01-06 07:59:25'),(365,637,290,194,'UNI','XML','REAL','SYNCHRONOUS',10,'2016-01-06 07:59:25',10,'2016-01-06 07:59:25'),(366,638,291,194,'UNI','CSV','REAL','SYNCHRONOUS',10,'2016-01-06 07:59:25',10,'2016-01-06 07:59:25'),(367,639,292,194,'UNI','CSV','REAL','SYNCHRONOUS',10,'2016-01-06 07:59:25',10,'2016-01-06 07:59:25'),(368,640,293,195,'BIDI','CSV','REAL','SYNCHRONOUS',10,'2016-01-06 07:59:25',10,'2016-01-06 07:59:25'),(369,641,294,196,'BIDI','EDI','REAL','SYNCHRONOUS',10,'2016-01-06 07:59:25',10,'2016-01-06 07:59:25'),(370,642,295,196,'BIDI','EDI','REAL','SYNCHRONOUS',10,'2016-01-06 07:59:25',10,'2016-01-06 07:59:25'),(371,643,296,197,'UNI','XML','HOURLY','ASYNCHRONOUS',10,'2016-01-06 07:59:25',10,'2016-01-06 07:59:25'),(372,644,297,198,'BIDI','CSV','DAILY','BATCH',10,'2016-01-06 07:59:25',10,'2016-01-06 07:59:25'),(373,645,298,199,'BIDI','ENUM_IS_NULL','DAILY','BATCH',10,'2016-01-06 07:59:25',10,'2016-01-06 07:59:25'),(374,646,299,200,'UNI','FLAT','WEEKLY','BATCH',10,'2016-01-06 07:59:25',10,'2016-01-06 07:59:25'),(375,647,300,201,'UNI','EDI','REAL','SYNCHRONOUS',10,'2016-01-06 07:59:25',10,'2016-01-06 07:59:25'),(376,648,301,201,'UNI','XML','REAL','SYNCHRONOUS',10,'2016-01-06 07:59:26',10,'2016-01-06 07:59:26'),(377,649,302,201,'UNI','EDI','REAL','SYNCHRONOUS',10,'2016-01-06 07:59:26',10,'2016-01-06 07:59:26'),(378,650,303,201,'BIDI','FLAT','REAL','SYNCHRONOUS',10,'2016-01-06 07:59:26',10,'2016-01-06 07:59:26'),(379,651,304,201,'BIDI','FLAT','REAL','SYNCHRONOUS',10,'2016-01-06 07:59:26',10,'2016-01-06 07:59:26'),(380,652,305,201,'UNI','ENUM_IS_NULL','DAILY','BATCH',10,'2016-01-06 07:59:26',10,'2016-01-06 07:59:26'),(381,653,306,202,'BIDI','XML','DAILY','BATCH',10,'2016-01-06 07:59:26',10,'2016-01-06 07:59:26'),(382,654,307,202,'BIDI','CSV','WEEKLY','BATCH',10,'2016-01-06 07:59:26',10,'2016-01-06 07:59:26'),(383,655,308,203,'UNI','CSV','HOURLY','ASYNCHRONOUS',10,'2016-01-06 07:59:26',10,'2016-01-06 07:59:26'),(384,656,309,204,'BIDI','EDI','REAL','SYNCHRONOUS',10,'2016-01-06 07:59:26',10,'2016-01-06 07:59:26'),(385,657,310,204,'BIDI','XML','REAL','SYNCHRONOUS',10,'2016-01-06 07:59:26',10,'2016-01-06 07:59:26'),(386,658,311,204,'BIDI','ENUM_IS_NULL','REAL','SYNCHRONOUS',10,'2016-01-06 07:59:26',10,'2016-01-06 07:59:26'),(387,659,312,204,'UNI','EDI','REAL','SYNCHRONOUS',10,'2016-01-06 07:59:26',10,'2016-01-06 07:59:26'),(388,660,313,205,'UNI','CSV','WEEKLY','BATCH',10,'2016-01-06 07:59:26',10,'2016-01-06 07:59:26'),(389,661,314,206,'UNI','XML','HOURLY','ASYNCHRONOUS',10,'2016-01-06 07:59:26',10,'2016-01-06 07:59:26'),(390,662,315,206,'UNI','EDI','DAILY','BATCH',10,'2016-01-06 07:59:26',10,'2016-01-06 07:59:26'),(391,663,316,207,'UNI','CSV','REAL','SYNCHRONOUS',10,'2016-01-06 07:59:26',10,'2016-01-06 07:59:26'),(392,664,317,208,'BIDI','EDI','REAL','SYNCHRONOUS',10,'2016-01-06 07:59:26',10,'2016-01-06 07:59:26'),(393,665,318,209,'BIDI','XML','REAL','SYNCHRONOUS',10,'2016-01-06 07:59:26',10,'2016-01-06 07:59:26'),(394,666,319,210,'BIDI','EDI','REAL','SYNCHRONOUS',10,'2016-01-06 07:59:26',10,'2016-01-06 07:59:26'),(395,667,320,210,'BIDI','CSV','HOURLY','ASYNCHRONOUS',10,'2016-01-06 07:59:26',10,'2016-01-06 07:59:26'),(396,668,321,210,'BIDI','ENUM_IS_NULL','WEEKLY','BATCH',10,'2016-01-06 07:59:26',10,'2016-01-06 07:59:26'),(397,669,322,211,'BIDI','FLAT','WEEKLY','BATCH',10,'2016-01-06 07:59:26',10,'2016-01-06 07:59:26'),(398,670,323,212,'BIDI','XML','REAL','SYNCHRONOUS',10,'2016-01-06 07:59:26',10,'2016-01-06 07:59:26'),(399,671,324,212,'BIDI','CSV','REAL','SYNCHRONOUS',10,'2016-01-06 07:59:26',10,'2016-01-06 07:59:26'),(400,672,325,213,'UNI','XML','REAL','SYNCHRONOUS',10,'2016-01-06 07:59:26',10,'2016-01-06 07:59:26'),(401,673,326,213,'BIDI','CSV','REAL','SYNCHRONOUS',10,'2016-01-06 07:59:26',10,'2016-01-06 07:59:26'),(402,674,327,213,'BIDI','EDI','DAILY','BATCH',10,'2016-01-06 07:59:27',10,'2016-01-06 07:59:27'),(403,675,470,213,'BIDI','FLAT','HOURLY','ASYNCHRONOUS',10,'2016-01-06 07:59:27',10,'2016-01-06 07:59:27'),(404,676,471,214,'BIDI','XML','REAL','SYNCHRONOUS',10,'2016-01-06 07:59:27',10,'2016-01-06 07:59:27'),(405,677,472,214,'UNI','FLAT','MONTHLY','ASYNCHRONOUS',10,'2016-01-06 07:59:27',10,'2016-01-06 07:59:27'),(406,678,473,214,'BIDI','CSV','REAL','SYNCHRONOUS',10,'2016-01-06 07:59:27',10,'2016-01-06 07:59:27'),(407,679,474,214,'BIDI','ENUM_IS_NULL','REAL','SYNCHRONOUS',10,'2016-01-06 07:59:27',10,'2016-01-06 07:59:27'),(408,680,475,214,'BIDI','EDI','REAL','SYNCHRONOUS',10,'2016-01-06 07:59:27',10,'2016-01-06 07:59:27'),(409,681,476,215,'UNI','XML','WEEKLY','ASYNCHRONOUS',10,'2016-01-06 07:59:27',10,'2016-01-06 07:59:27'),(410,682,477,216,'UNI','FLAT','REAL','SYNCHRONOUS',10,'2016-01-06 07:59:27',10,'2016-01-06 07:59:27'),(411,683,478,216,'BIDI','CSV','HOURLY','BATCH',10,'2016-01-07 11:57:24',10,'2016-01-07 11:57:24'),(412,684,479,217,'BIDI','XML','REAL','SYNCHRONOUS',10,'2016-01-06 07:59:27',10,'2016-01-06 07:59:27'),(413,685,480,217,'BIDI','FLAT','WEEKLY','BATCH',10,'2016-01-06 07:59:27',10,'2016-01-06 07:59:27'),(414,686,481,217,'UNI','FLAT','REAL','SYNCHRONOUS',10,'2016-01-06 07:59:28',10,'2016-01-06 07:59:28'),(415,687,482,218,'BIDI','CSV','DAILY','BATCH',10,'2016-01-06 07:59:28',10,'2016-01-06 07:59:28'),(416,688,483,218,'BIDI','XML','HOURLY','ASYNCHRONOUS',10,'2016-01-06 07:59:28',10,'2016-01-06 07:59:28'),(417,689,484,218,'UNI','EDI','WEEKLY','BATCH',10,'2016-01-06 07:59:28',10,'2016-01-06 07:59:28'),(418,690,485,218,'BIDI','CSV','WEEKLY','BATCH',10,'2016-01-06 07:59:28',10,'2016-01-06 07:59:28'),(419,691,486,219,'BIDI','EDI','MONTHLY','BATCH',10,'2016-01-06 07:59:28',10,'2016-01-06 07:59:28'),(420,692,487,219,'UNI','XML','MONTHLY','BATCH',10,'2016-01-06 07:59:28',10,'2016-01-06 07:59:28'),(421,693,488,219,'BIDI','EDI','WEEKLY','BATCH',10,'2016-01-06 07:59:28',10,'2016-01-06 07:59:28'),(422,694,489,219,'UNI','EDI','HOURLY','ASYNCHRONOUS',10,'2016-01-06 07:59:28',10,'2016-01-06 07:59:28'),(423,695,490,219,'BIDI','XML','WEEKLY','BATCH',10,'2016-01-06 07:59:28',10,'2016-01-06 07:59:28'),(424,696,491,220,'BIDI','ENUM_IS_NULL','MONTHLY','BATCH',10,'2016-01-06 07:59:28',10,'2016-01-06 07:59:28'),(425,697,492,221,'BIDI','CSV','DAILY','BATCH',10,'2016-01-06 07:59:29',10,'2016-01-06 07:59:29'),(426,698,493,221,'UNI','XML','HOURLY','ASYNCHRONOUS',10,'2016-01-06 07:59:29',10,'2016-01-06 07:59:29'),(427,699,494,222,'BIDI','XML','REAL','SYNCHRONOUS',10,'2016-01-06 07:59:29',10,'2016-01-06 07:59:29'),(428,700,495,222,'BIDI','FLAT','WEEKLY','BATCH',10,'2016-01-06 07:59:29',10,'2016-01-06 07:59:29'),(429,701,496,223,'UNI','FLAT','REAL','SYNCHRONOUS',10,'2016-01-06 07:59:29',10,'2016-01-06 07:59:29'),(430,702,497,223,'BIDI','CSV','DAILY','BATCH',10,'2016-01-06 07:59:29',10,'2016-01-06 07:59:29'),(431,703,498,223,'BIDI','XML','HOURLY','ASYNCHRONOUS',10,'2016-01-06 07:59:29',10,'2016-01-06 07:59:29'),(432,704,499,224,'UNI','EDI','WEEKLY','BATCH',10,'2016-01-06 07:59:29',10,'2016-01-06 07:59:29'),(433,705,500,224,'BIDI','CSV','WEEKLY','BATCH',10,'2016-01-06 07:59:29',10,'2016-01-06 07:59:29'),(434,706,501,224,'BIDI','EDI','MONTHLY','BATCH',10,'2016-01-06 07:59:29',10,'2016-01-06 07:59:29'),(435,707,502,225,'UNI','XML','MONTHLY','BATCH',10,'2016-01-06 07:59:29',10,'2016-01-06 07:59:29'),(436,708,503,225,'BIDI','EDI','WEEKLY','BATCH',10,'2016-01-06 07:59:29',10,'2016-01-06 07:59:29'),(437,709,504,225,'UNI','EDI','HOURLY','ASYNCHRONOUS',10,'2016-01-06 07:59:29',10,'2016-01-06 07:59:29'),(438,710,505,225,'BIDI','XML','WEEKLY','BATCH',10,'2016-01-06 07:59:29',10,'2016-01-06 07:59:29'),(439,711,506,226,'BIDI','ENUM_IS_NULL','MONTHLY','BATCH',10,'2016-01-06 07:59:29',10,'2016-01-06 07:59:29'),(440,712,507,226,'BIDI','CSV','DAILY','BATCH',10,'2016-01-06 07:59:29',10,'2016-01-06 07:59:29'),(441,713,508,226,'UNI','XML','HOURLY','ASYNCHRONOUS',10,'2016-01-06 07:59:29',10,'2016-01-06 07:59:29'),(442,714,509,227,'BIDI','XML','REAL','SYNCHRONOUS',10,'2016-01-06 07:59:29',10,'2016-01-06 07:59:29'),(443,715,510,228,'BIDI','FLAT','WEEKLY','BATCH',10,'2016-01-06 07:59:29',10,'2016-01-06 07:59:29'),(444,716,511,229,'UNI','FLAT','REAL','SYNCHRONOUS',10,'2016-01-06 07:59:29',10,'2016-01-06 07:59:29'),(445,717,512,229,'BIDI','CSV','DAILY','BATCH',10,'2016-01-06 07:59:29',10,'2016-01-06 07:59:29'),(446,718,513,221,'BIDI','XML','HOURLY','ASYNCHRONOUS',10,'2016-01-06 07:59:29',10,'2016-01-06 07:59:29'),(447,719,514,230,'UNI','EDI','WEEKLY','BATCH',10,'2016-01-06 07:59:29',10,'2016-01-06 07:59:29'),(448,720,515,230,'BIDI','CSV','WEEKLY','BATCH',10,'2016-01-06 07:59:30',10,'2016-01-06 07:59:30'),(449,721,516,230,'BIDI','EDI','MONTHLY','BATCH',10,'2016-01-06 07:59:30',10,'2016-01-06 07:59:30'),(450,722,517,230,'UNI','XML','MONTHLY','BATCH',10,'2016-01-06 07:59:30',10,'2016-01-06 07:59:30'),(451,723,518,231,'BIDI','EDI','WEEKLY','BATCH',10,'2016-01-06 07:59:30',10,'2016-01-06 07:59:30'),(452,724,519,231,'UNI','EDI','HOURLY','ASYNCHRONOUS',10,'2016-01-06 07:59:30',10,'2016-01-06 07:59:30'),(453,725,520,231,'BIDI','XML','WEEKLY','BATCH',10,'2016-01-06 07:59:30',10,'2016-01-06 07:59:30'),(454,726,521,232,'BIDI','ENUM_IS_NULL','MONTHLY','BATCH',10,'2016-01-06 07:59:30',10,'2016-01-06 07:59:30'),(455,727,522,232,'BIDI','CSV','DAILY','BATCH',10,'2016-01-06 07:59:30',10,'2016-01-06 07:59:30'),(456,728,523,232,'UNI','XML','HOURLY','ASYNCHRONOUS',10,'2016-01-06 07:59:30',10,'2016-01-06 07:59:30'),(457,729,524,232,'BIDI','XML','REAL','SYNCHRONOUS',10,'2016-01-06 07:59:30',10,'2016-01-06 07:59:30'),(458,730,525,232,'BIDI','FLAT','WEEKLY','BATCH',10,'2016-01-06 07:59:30',10,'2016-01-06 07:59:30'),(459,731,526,232,'UNI','FLAT','REAL','SYNCHRONOUS',10,'2016-01-06 07:59:30',10,'2016-01-06 07:59:30'),(460,732,527,233,'BIDI','CSV','DAILY','BATCH',10,'2016-01-06 07:59:30',10,'2016-01-06 07:59:30'),(461,733,528,234,'BIDI','XML','HOURLY','ASYNCHRONOUS',10,'2016-01-06 07:59:30',10,'2016-01-06 07:59:30'),(462,734,529,234,'UNI','EDI','WEEKLY','BATCH',10,'2016-01-06 07:59:30',10,'2016-01-06 07:59:30'),(463,735,530,235,'BIDI','CSV','WEEKLY','BATCH',10,'2016-01-06 07:59:30',10,'2016-01-06 07:59:30'),(464,736,531,236,'BIDI','EDI','MONTHLY','BATCH',10,'2016-01-06 07:59:30',10,'2016-01-06 07:59:30'),(465,737,532,237,'UNI','XML','MONTHLY','BATCH',10,'2016-01-06 07:59:30',10,'2016-01-06 07:59:30'),(466,738,533,237,'BIDI','EDI','WEEKLY','BATCH',10,'2016-01-06 07:59:31',10,'2016-01-06 07:59:31'),(467,739,534,238,'UNI','EDI','HOURLY','ASYNCHRONOUS',10,'2016-01-06 07:59:31',10,'2016-01-06 07:59:31'),(468,740,535,238,'BIDI','XML','WEEKLY','BATCH',10,'2016-01-06 07:59:31',10,'2016-01-06 07:59:31'),(469,741,536,239,'BIDI','ENUM_IS_NULL','MONTHLY','BATCH',10,'2016-01-06 07:59:31',10,'2016-01-06 07:59:31'),(470,742,537,239,'BIDI','CSV','DAILY','BATCH',10,'2016-01-06 07:59:31',10,'2016-01-06 07:59:31'),(471,743,538,239,'UNI','XML','HOURLY','ASYNCHRONOUS',10,'2016-01-06 07:59:31',10,'2016-01-06 07:59:31'),(472,744,539,239,'BIDI','XML','REAL','SYNCHRONOUS',10,'2016-01-06 07:59:31',10,'2016-01-06 07:59:31'),(473,745,540,240,'BIDI','FLAT','WEEKLY','BATCH',10,'2016-01-06 07:59:31',10,'2016-01-06 07:59:31'),(474,746,541,240,'UNI','FLAT','REAL','SYNCHRONOUS',10,'2016-01-06 07:59:31',10,'2016-01-06 07:59:31'),(475,747,542,241,'BIDI','CSV','DAILY','BATCH',10,'2016-01-06 07:59:31',10,'2016-01-06 07:59:31'),(476,748,543,241,'BIDI','XML','HOURLY','ASYNCHRONOUS',10,'2016-01-06 07:59:31',10,'2016-01-06 07:59:31'),(477,749,544,242,'UNI','EDI','WEEKLY','BATCH',10,'2016-01-06 07:59:31',10,'2016-01-06 07:59:31'),(478,750,545,243,'BIDI','CSV','WEEKLY','BATCH',10,'2016-01-06 07:59:31',10,'2016-01-06 07:59:31'),(479,751,546,243,'BIDI','EDI','MONTHLY','BATCH',10,'2016-01-06 07:59:31',10,'2016-01-06 07:59:31'),(480,752,547,243,'UNI','XML','MONTHLY','BATCH',10,'2016-01-06 07:59:32',10,'2016-01-06 07:59:32'),(481,753,548,244,'BIDI','EDI','WEEKLY','BATCH',10,'2016-01-06 07:59:32',10,'2016-01-06 07:59:32'),(482,754,549,244,'UNI','EDI','HOURLY','ASYNCHRONOUS',10,'2016-01-06 07:59:32',10,'2016-01-06 07:59:32'),(483,755,550,245,'BIDI','XML','WEEKLY','BATCH',10,'2016-01-06 07:59:32',10,'2016-01-06 07:59:32'),(484,756,551,245,'BIDI','ENUM_IS_NULL','MONTHLY','BATCH',10,'2016-01-06 07:59:32',10,'2016-01-06 07:59:32'),(485,757,552,246,'BIDI','CSV','DAILY','BATCH',10,'2016-01-06 07:59:32',10,'2016-01-06 07:59:32'),(486,758,553,246,'UNI','XML','HOURLY','ASYNCHRONOUS',10,'2016-01-06 07:59:32',10,'2016-01-06 07:59:32'),(487,759,554,246,'BIDI','XML','REAL','SYNCHRONOUS',10,'2016-01-06 07:59:32',10,'2016-01-06 07:59:32'),(488,760,555,246,'BIDI','FLAT','WEEKLY','BATCH',10,'2016-01-06 07:59:32',10,'2016-01-06 07:59:32'),(489,761,556,246,'UNI','FLAT','REAL','SYNCHRONOUS',10,'2016-01-06 07:59:32',10,'2016-01-06 07:59:32'),(490,762,557,247,'BIDI','CSV','DAILY','BATCH',10,'2016-01-06 07:59:32',10,'2016-01-06 07:59:32'),(491,763,558,248,'BIDI','XML','HOURLY','ASYNCHRONOUS',10,'2016-01-06 07:59:32',10,'2016-01-06 07:59:32'),(492,764,559,249,'UNI','EDI','WEEKLY','BATCH',10,'2016-01-06 07:59:32',10,'2016-01-06 07:59:32'),(493,765,560,249,'BIDI','CSV','WEEKLY','BATCH',10,'2016-01-06 07:59:33',10,'2016-01-06 07:59:33'),(494,766,561,250,'BIDI','EDI','MONTHLY','BATCH',10,'2016-01-06 07:59:33',10,'2016-01-06 07:59:33'),(495,767,562,250,'UNI','XML','MONTHLY','BATCH',10,'2016-01-06 07:59:33',10,'2016-01-06 07:59:33'),(496,768,563,250,'BIDI','EDI','WEEKLY','BATCH',10,'2016-01-06 07:59:33',10,'2016-01-06 07:59:33'),(497,769,564,250,'UNI','EDI','HOURLY','ASYNCHRONOUS',10,'2016-01-06 07:59:33',10,'2016-01-06 07:59:33'),(498,770,565,250,'BIDI','XML','WEEKLY','BATCH',10,'2016-01-06 07:59:33',10,'2016-01-06 07:59:33'),(499,771,566,251,'BIDI','ENUM_IS_NULL','MONTHLY','BATCH',10,'2016-01-06 07:59:33',10,'2016-01-06 07:59:33'),(500,772,567,251,'BIDI','CSV','DAILY','BATCH',10,'2016-01-06 07:59:33',10,'2016-01-06 07:59:33'),(501,773,568,251,'UNI','XML','HOURLY','ASYNCHRONOUS',10,'2016-01-06 07:59:33',10,'2016-01-06 07:59:33'),(502,774,569,252,'BIDI','XML','REAL','SYNCHRONOUS',10,'2016-01-06 07:59:33',10,'2016-01-06 07:59:33'),(503,775,570,252,'BIDI','FLAT','WEEKLY','BATCH',10,'2016-01-06 07:59:33',10,'2016-01-06 07:59:33'),(504,776,571,252,'UNI','FLAT','REAL','SYNCHRONOUS',10,'2016-01-06 07:59:33',10,'2016-01-06 07:59:33'),(505,777,572,253,'BIDI','CSV','DAILY','BATCH',10,'2016-01-06 07:59:33',10,'2016-01-06 07:59:33'),(506,778,573,253,'BIDI','XML','HOURLY','ASYNCHRONOUS',10,'2016-01-06 07:59:34',10,'2016-01-06 07:59:34'),(507,779,574,253,'UNI','EDI','WEEKLY','BATCH',10,'2016-01-06 07:59:34',10,'2016-01-06 07:59:34'),(508,780,575,253,'BIDI','CSV','WEEKLY','BATCH',10,'2016-01-06 07:59:34',10,'2016-01-06 07:59:34'),(509,781,576,254,'BIDI','EDI','MONTHLY','BATCH',10,'2016-01-06 07:59:34',10,'2016-01-06 07:59:34'),(510,782,577,255,'UNI','XML','MONTHLY','BATCH',10,'2016-01-06 07:59:34',10,'2016-01-06 07:59:34'),(511,783,578,255,'BIDI','EDI','WEEKLY','BATCH',10,'2016-01-06 07:59:34',10,'2016-01-06 07:59:34'),(512,784,579,255,'UNI','EDI','HOURLY','ASYNCHRONOUS',10,'2016-01-06 07:59:34',10,'2016-01-06 07:59:34'),(513,785,580,255,'BIDI','XML','WEEKLY','BATCH',10,'2016-01-06 07:59:34',10,'2016-01-06 07:59:34'),(514,786,581,255,'BIDI','ENUM_IS_NULL','MONTHLY','BATCH',10,'2016-01-06 07:59:34',10,'2016-01-06 07:59:34'),(515,787,582,256,'BIDI','CSV','DAILY','BATCH',10,'2016-01-06 07:59:34',10,'2016-01-06 07:59:34'),(516,788,583,256,'UNI','XML','HOURLY','ASYNCHRONOUS',10,'2016-01-06 07:59:35',10,'2016-01-06 07:59:35'),(517,789,584,256,'BIDI','XML','REAL','SYNCHRONOUS',10,'2016-01-06 07:59:35',10,'2016-01-06 07:59:35'),(518,790,585,256,'BIDI','FLAT','WEEKLY','BATCH',10,'2016-01-06 07:59:35',10,'2016-01-06 07:59:35'),(519,791,586,256,'UNI','FLAT','REAL','SYNCHRONOUS',10,'2016-01-06 07:59:35',10,'2016-01-06 07:59:35'),(520,792,587,256,'BIDI','CSV','DAILY','BATCH',10,'2016-01-06 07:59:35',10,'2016-01-06 07:59:35'),(521,793,588,256,'BIDI','XML','HOURLY','ASYNCHRONOUS',10,'2016-01-06 07:59:35',10,'2016-01-06 07:59:35'),(522,794,589,256,'UNI','EDI','WEEKLY','BATCH',10,'2016-01-06 07:59:35',10,'2016-01-06 07:59:35'),(523,795,590,256,'BIDI','CSV','WEEKLY','BATCH',10,'2016-01-06 07:59:35',10,'2016-01-06 07:59:35'),(524,796,591,256,'BIDI','EDI','MONTHLY','BATCH',10,'2016-01-06 07:59:35',10,'2016-01-06 07:59:35'),(525,797,592,257,'UNI','XML','MONTHLY','BATCH',10,'2016-01-06 07:59:35',10,'2016-01-06 07:59:35'),(526,798,593,257,'BIDI','EDI','WEEKLY','BATCH',10,'2016-01-06 07:59:36',10,'2016-01-06 07:59:36'),(527,799,594,257,'UNI','EDI','HOURLY','ASYNCHRONOUS',10,'2016-01-06 07:59:36',10,'2016-01-06 07:59:36'),(528,800,595,257,'BIDI','XML','WEEKLY','BATCH',10,'2016-01-06 07:59:36',10,'2016-01-06 07:59:36'),(529,801,596,257,'BIDI','ENUM_IS_NULL','MONTHLY','BATCH',10,'2016-01-06 07:59:36',10,'2016-01-06 07:59:36'),(530,802,597,258,'BIDI','CSV','DAILY','BATCH',10,'2016-01-06 07:59:36',10,'2016-01-06 07:59:36'),(531,803,598,258,'UNI','XML','HOURLY','ASYNCHRONOUS',10,'2016-01-06 07:59:36',10,'2016-01-06 07:59:36'),(532,804,599,258,'BIDI','XML','REAL','SYNCHRONOUS',10,'2016-01-06 07:59:36',10,'2016-01-06 07:59:36'),(533,805,600,258,'BIDI','FLAT','WEEKLY','BATCH',10,'2016-01-06 07:59:36',10,'2016-01-06 07:59:36'),(534,806,601,258,'UNI','FLAT','REAL','SYNCHRONOUS',10,'2016-01-06 07:59:36',10,'2016-01-06 07:59:36'),(535,807,602,258,'BIDI','CSV','DAILY','BATCH',10,'2016-01-06 07:59:36',10,'2016-01-06 07:59:36'),(536,808,603,258,'BIDI','XML','HOURLY','ASYNCHRONOUS',10,'2016-01-06 07:59:37',10,'2016-01-06 07:59:37'),(537,809,604,258,'UNI','EDI','WEEKLY','BATCH',10,'2016-01-06 07:59:37',10,'2016-01-06 07:59:37'),(538,810,605,258,'BIDI','CSV','WEEKLY','BATCH',10,'2016-01-06 07:59:37',10,'2016-01-06 07:59:37'),(539,811,606,258,'BIDI','EDI','MONTHLY','BATCH',10,'2016-01-06 07:59:37',10,'2016-01-06 07:59:37'),(540,812,607,258,'UNI','XML','MONTHLY','BATCH',10,'2016-01-06 07:59:37',10,'2016-01-06 07:59:37'),(541,813,608,259,'BIDI','EDI','WEEKLY','BATCH',10,'2016-01-06 07:59:37',10,'2016-01-06 07:59:37'),(542,814,609,259,'UNI','EDI','HOURLY','ASYNCHRONOUS',10,'2016-01-06 07:59:37',10,'2016-01-06 07:59:37'),(543,815,610,259,'BIDI','XML','WEEKLY','BATCH',10,'2016-01-06 07:59:37',10,'2016-01-06 07:59:37'),(544,816,611,259,'BIDI','ENUM_IS_NULL','MONTHLY','BATCH',10,'2016-01-06 07:59:37',10,'2016-01-06 07:59:37'),(545,817,612,259,'BIDI','CSV','DAILY','BATCH',10,'2016-01-06 07:59:37',10,'2016-01-06 07:59:37'),(546,818,613,259,'UNI','XML','HOURLY','ASYNCHRONOUS',10,'2016-01-06 07:59:37',10,'2016-01-06 07:59:37'),(547,819,614,259,'BIDI','XML','REAL','SYNCHRONOUS',10,'2016-01-06 07:59:37',10,'2016-01-06 07:59:37'),(548,820,615,260,'BIDI','FLAT','WEEKLY','BATCH',10,'2016-01-06 07:59:37',10,'2016-01-06 07:59:37'),(549,821,616,260,'UNI','FLAT','REAL','SYNCHRONOUS',10,'2016-01-06 07:59:37',10,'2016-01-06 07:59:37'),(550,822,617,260,'BIDI','CSV','DAILY','BATCH',10,'2016-01-06 07:59:37',10,'2016-01-06 07:59:37'),(551,823,618,260,'BIDI','XML','HOURLY','ASYNCHRONOUS',10,'2016-01-06 07:59:37',10,'2016-01-06 07:59:37'),(552,824,619,261,'UNI','EDI','WEEKLY','BATCH',10,'2016-01-06 07:59:37',10,'2016-01-06 07:59:37'),(553,825,620,261,'BIDI','CSV','WEEKLY','BATCH',10,'2016-01-06 07:59:37',10,'2016-01-06 07:59:37'),(554,826,621,261,'BIDI','EDI','MONTHLY','BATCH',10,'2016-01-06 07:59:37',10,'2016-01-06 07:59:37'),(555,827,622,261,'UNI','XML','MONTHLY','BATCH',10,'2016-01-06 07:59:37',10,'2016-01-06 07:59:37'),(556,828,623,261,'BIDI','EDI','WEEKLY','BATCH',10,'2016-01-06 07:59:37',10,'2016-01-06 07:59:37'),(557,829,624,261,'UNI','EDI','HOURLY','ASYNCHRONOUS',10,'2016-01-06 07:59:37',10,'2016-01-06 07:59:37'),(558,830,625,262,'BIDI','XML','WEEKLY','BATCH',10,'2016-01-06 07:59:37',10,'2016-01-06 07:59:37'),(559,831,626,262,'BIDI','ENUM_IS_NULL','MONTHLY','BATCH',10,'2016-01-06 07:59:37',10,'2016-01-06 07:59:37'),(560,832,627,262,'BIDI','CSV','DAILY','BATCH',10,'2016-01-06 07:59:37',10,'2016-01-06 07:59:37'),(561,833,281,285,'UNI','XML','REAL','SYNCHRONOUS',10,'2016-01-06 08:13:13',10,'2016-01-06 08:13:13'),(562,834,282,293,'UNI','XML','REAL','SYNCHRONOUS',10,'2016-01-06 08:13:13',10,'2016-01-06 08:13:13'),(563,835,283,311,'BIDI','FLAT','REAL','SYNCHRONOUS',10,'2016-01-06 08:13:13',10,'2016-01-06 08:13:13'),(564,836,284,314,'BIDI','CSV','REAL','SYNCHRONOUS',10,'2016-01-06 08:13:13',10,'2016-01-06 08:13:13'),(565,837,285,294,'BIDI','CSV','REAL','SYNCHRONOUS',10,'2016-01-06 08:13:13',10,'2016-01-06 08:13:13'),(566,838,286,281,'BIDI','XML','REAL','SYNCHRONOUS',10,'2016-01-06 08:13:13',10,'2016-01-06 08:13:13'),(567,839,287,284,'BIDI','FLAT','HOURLY','BATCH',10,'2016-01-06 08:13:13',10,'2016-01-06 08:13:13'),(568,840,288,321,'BIDI','FLAT','DAILY','BATCH',10,'2016-01-06 08:13:13',10,'2016-01-06 08:13:13'),(569,841,289,324,'BIDI','ENUM_IS_NULL','MONTHLY','BATCH',10,'2016-01-06 08:13:13',10,'2016-01-06 08:13:13'),(570,842,290,299,'UNI','XML','REAL','SYNCHRONOUS',10,'2016-01-06 08:13:13',10,'2016-01-06 08:13:13'),(571,843,291,327,'UNI','CSV','REAL','SYNCHRONOUS',10,'2016-01-06 08:13:13',10,'2016-01-06 08:13:13'),(572,844,292,283,'UNI','CSV','REAL','SYNCHRONOUS',10,'2016-01-06 08:13:13',10,'2016-01-06 08:13:13'),(573,845,293,307,'BIDI','CSV','REAL','SYNCHRONOUS',10,'2016-01-06 08:13:13',10,'2016-01-06 08:13:13'),(574,846,294,326,'BIDI','EDI','REAL','SYNCHRONOUS',10,'2016-01-06 08:13:13',10,'2016-01-06 08:13:13'),(575,847,295,308,'BIDI','EDI','REAL','SYNCHRONOUS',10,'2016-01-06 08:13:13',10,'2016-01-06 08:13:13'),(576,848,296,294,'UNI','XML','HOURLY','ASYNCHRONOUS',10,'2016-01-06 08:13:13',10,'2016-01-06 08:13:13'),(577,849,297,291,'BIDI','CSV','DAILY','BATCH',10,'2016-01-06 08:13:13',10,'2016-01-06 08:13:13'),(578,850,298,314,'BIDI','ENUM_IS_NULL','DAILY','BATCH',10,'2016-01-06 08:13:13',10,'2016-01-06 08:13:13'),(579,851,299,322,'UNI','FLAT','WEEKLY','BATCH',10,'2016-01-06 08:13:14',10,'2016-01-06 08:13:14'),(580,852,300,324,'UNI','EDI','REAL','SYNCHRONOUS',10,'2016-01-06 08:13:14',10,'2016-01-06 08:13:14'),(581,853,301,324,'UNI','XML','REAL','SYNCHRONOUS',10,'2016-01-06 08:13:14',10,'2016-01-06 08:13:14'),(582,854,302,320,'UNI','EDI','REAL','SYNCHRONOUS',10,'2016-01-06 08:13:14',10,'2016-01-06 08:13:14'),(583,855,303,325,'BIDI','FLAT','REAL','SYNCHRONOUS',10,'2016-01-06 08:13:14',10,'2016-01-06 08:13:14'),(584,856,304,288,'BIDI','FLAT','REAL','SYNCHRONOUS',10,'2016-01-06 08:13:14',10,'2016-01-06 08:13:14'),(585,857,305,325,'UNI','ENUM_IS_NULL','DAILY','BATCH',10,'2016-01-06 08:13:14',10,'2016-01-06 08:13:14'),(586,858,306,289,'BIDI','XML','DAILY','BATCH',10,'2016-01-06 08:13:14',10,'2016-01-06 08:13:14'),(587,859,307,324,'UNI','CSV','HOURLY','ASYNCHRONOUS',10,'2016-01-06 08:13:14',10,'2016-01-06 08:13:14'),(588,860,308,318,'BIDI','EDI','REAL','SYNCHRONOUS',10,'2016-01-06 08:13:14',10,'2016-01-06 08:13:14'),(589,861,309,302,'BIDI','XML','REAL','SYNCHRONOUS',10,'2016-01-06 08:13:14',10,'2016-01-06 08:13:14'),(590,862,310,313,'BIDI','ENUM_IS_NULL','REAL','SYNCHRONOUS',10,'2016-01-06 08:13:14',10,'2016-01-06 08:13:14'),(591,863,311,289,'UNI','EDI','REAL','SYNCHRONOUS',10,'2016-01-06 08:13:14',10,'2016-01-06 08:13:14'),(592,864,312,312,'UNI','CSV','WEEKLY','BATCH',10,'2016-01-06 08:13:15',10,'2016-01-06 08:13:15'),(593,865,313,288,'UNI','XML','HOURLY','ASYNCHRONOUS',10,'2016-01-06 08:13:15',10,'2016-01-06 08:13:15'),(594,866,314,325,'UNI','EDI','DAILY','BATCH',10,'2016-01-06 08:13:15',10,'2016-01-06 08:13:15'),(595,867,315,326,'UNI','CSV','REAL','SYNCHRONOUS',10,'2016-01-06 08:13:15',10,'2016-01-06 08:13:15'),(596,868,316,297,'BIDI','EDI','REAL','SYNCHRONOUS',10,'2016-01-06 08:13:15',10,'2016-01-06 08:13:15'),(597,869,317,314,'BIDI','XML','REAL','SYNCHRONOUS',10,'2016-01-06 08:13:15',10,'2016-01-06 08:13:15'),(598,870,318,320,'BIDI','EDI','REAL','SYNCHRONOUS',10,'2016-01-06 08:13:15',10,'2016-01-06 08:13:15'),(599,871,319,298,'BIDI','CSV','HOURLY','ASYNCHRONOUS',10,'2016-01-06 08:13:15',10,'2016-01-06 08:13:15'),(600,872,320,295,'BIDI','ENUM_IS_NULL','WEEKLY','BATCH',10,'2016-01-06 08:13:15',10,'2016-01-06 08:13:15'),(601,873,321,303,'BIDI','FLAT','WEEKLY','BATCH',10,'2016-01-06 08:13:15',10,'2016-01-06 08:13:15'),(602,874,322,327,'BIDI','XML','REAL','SYNCHRONOUS',10,'2016-01-06 08:13:16',10,'2016-01-06 08:13:16'),(603,875,323,325,'BIDI','CSV','REAL','SYNCHRONOUS',10,'2016-01-06 08:13:16',10,'2016-01-06 08:13:16'),(604,876,324,296,'UNI','XML','REAL','SYNCHRONOUS',10,'2016-01-06 08:13:16',10,'2016-01-06 08:13:16'),(605,877,325,293,'BIDI','CSV','REAL','SYNCHRONOUS',10,'2016-01-06 08:13:16',10,'2016-01-06 08:13:16'),(606,878,326,294,'BIDI','EDI','DAILY','BATCH',10,'2016-01-06 08:13:16',10,'2016-01-06 08:13:16'),(607,879,327,315,'UNI','XML','REAL','SYNCHRONOUS',10,'2016-01-06 08:13:16',10,'2016-01-06 08:13:16'),(608,880,470,320,'UNI','XML','REAL','SYNCHRONOUS',10,'2016-01-06 08:13:16',10,'2016-01-06 08:13:16'),(609,881,471,298,'BIDI','FLAT','REAL','SYNCHRONOUS',10,'2016-01-06 08:13:16',10,'2016-01-06 08:13:16'),(610,882,472,299,'BIDI','CSV','REAL','SYNCHRONOUS',10,'2016-01-06 08:13:16',10,'2016-01-06 08:13:16'),(611,883,473,314,'BIDI','CSV','REAL','SYNCHRONOUS',10,'2016-01-06 08:13:16',10,'2016-01-06 08:13:16'),(612,884,474,301,'BIDI','XML','REAL','SYNCHRONOUS',10,'2016-01-06 08:13:17',10,'2016-01-06 08:13:17'),(613,885,475,291,'BIDI','FLAT','HOURLY','BATCH',10,'2016-01-06 08:13:17',10,'2016-01-06 08:13:17'),(614,886,476,324,'BIDI','FLAT','DAILY','BATCH',10,'2016-01-06 08:13:17',10,'2016-01-06 08:13:17'),(615,887,477,314,'BIDI','ENUM_IS_NULL','MONTHLY','BATCH',10,'2016-01-06 08:13:17',10,'2016-01-06 08:13:17'),(616,888,478,283,'UNI','XML','REAL','SYNCHRONOUS',10,'2016-01-06 08:13:17',10,'2016-01-06 08:13:17'),(617,889,479,288,'UNI','CSV','REAL','SYNCHRONOUS',10,'2016-01-06 08:13:17',10,'2016-01-06 08:13:17'),(618,890,480,310,'UNI','CSV','REAL','SYNCHRONOUS',10,'2016-01-06 08:13:17',10,'2016-01-06 08:13:17'),(619,891,481,283,'BIDI','CSV','REAL','SYNCHRONOUS',10,'2016-01-06 08:13:17',10,'2016-01-06 08:13:17'),(620,892,482,302,'BIDI','EDI','REAL','SYNCHRONOUS',10,'2016-01-06 08:13:17',10,'2016-01-06 08:13:17'),(621,893,483,319,'BIDI','EDI','REAL','SYNCHRONOUS',10,'2016-01-06 08:13:17',10,'2016-01-06 08:13:17'),(622,894,484,288,'UNI','XML','HOURLY','ASYNCHRONOUS',10,'2016-01-06 08:13:18',10,'2016-01-06 08:13:18'),(623,895,485,321,'BIDI','CSV','DAILY','BATCH',10,'2016-01-06 08:13:18',10,'2016-01-06 08:13:18'),(624,896,486,288,'BIDI','ENUM_IS_NULL','DAILY','BATCH',10,'2016-01-06 08:13:18',10,'2016-01-06 08:13:18'),(625,897,487,302,'UNI','FLAT','WEEKLY','BATCH',10,'2016-01-06 08:13:18',10,'2016-01-06 08:13:18'),(626,898,488,292,'UNI','EDI','REAL','SYNCHRONOUS',10,'2016-01-06 08:13:18',10,'2016-01-06 08:13:18'),(627,899,489,282,'UNI','XML','REAL','SYNCHRONOUS',10,'2016-01-06 08:13:18',10,'2016-01-06 08:13:18'),(628,900,490,303,'UNI','EDI','REAL','SYNCHRONOUS',10,'2016-01-06 08:13:18',10,'2016-01-06 08:13:18'),(629,901,491,286,'BIDI','FLAT','REAL','SYNCHRONOUS',10,'2016-01-06 08:13:18',10,'2016-01-06 08:13:18'),(630,902,492,316,'BIDI','FLAT','REAL','SYNCHRONOUS',10,'2016-01-06 08:13:18',10,'2016-01-06 08:13:18'),(631,903,493,295,'UNI','ENUM_IS_NULL','DAILY','BATCH',10,'2016-01-06 08:13:18',10,'2016-01-06 08:13:18'),(632,904,494,320,'BIDI','XML','DAILY','BATCH',10,'2016-01-06 08:13:19',10,'2016-01-06 08:13:19'),(633,905,495,292,'UNI','CSV','HOURLY','ASYNCHRONOUS',10,'2016-01-06 08:13:19',10,'2016-01-06 08:13:19'),(634,906,496,322,'BIDI','EDI','REAL','SYNCHRONOUS',10,'2016-01-06 08:13:19',10,'2016-01-06 08:13:19'),(635,907,497,305,'BIDI','XML','REAL','SYNCHRONOUS',10,'2016-01-06 08:13:19',10,'2016-01-06 08:13:19'),(636,908,498,306,'BIDI','ENUM_IS_NULL','REAL','SYNCHRONOUS',10,'2016-01-06 08:13:19',10,'2016-01-06 08:13:19'),(637,909,499,305,'UNI','EDI','REAL','SYNCHRONOUS',10,'2016-01-06 08:13:19',10,'2016-01-06 08:13:19'),(638,910,500,294,'UNI','CSV','WEEKLY','BATCH',10,'2016-01-06 08:13:19',10,'2016-01-06 08:13:19'),(639,911,501,324,'UNI','XML','HOURLY','ASYNCHRONOUS',10,'2016-01-06 08:13:19',10,'2016-01-06 08:13:19'),(640,912,502,281,'UNI','EDI','DAILY','BATCH',10,'2016-01-06 08:13:19',10,'2016-01-06 08:13:19'),(641,913,503,283,'UNI','CSV','REAL','SYNCHRONOUS',10,'2016-01-06 08:13:19',10,'2016-01-06 08:13:19'),(642,914,504,317,'BIDI','EDI','REAL','SYNCHRONOUS',10,'2016-01-06 08:13:20',10,'2016-01-06 08:13:20'),(643,915,505,317,'BIDI','XML','REAL','SYNCHRONOUS',10,'2016-01-06 08:13:20',10,'2016-01-06 08:13:20'),(644,916,506,286,'BIDI','EDI','REAL','SYNCHRONOUS',10,'2016-01-06 08:13:20',10,'2016-01-06 08:13:20'),(645,917,507,296,'BIDI','CSV','HOURLY','ASYNCHRONOUS',10,'2016-01-06 08:13:20',10,'2016-01-06 08:13:20'),(646,918,508,290,'BIDI','ENUM_IS_NULL','WEEKLY','BATCH',10,'2016-01-06 08:13:20',10,'2016-01-06 08:13:20'),(647,919,509,291,'BIDI','FLAT','WEEKLY','BATCH',10,'2016-01-06 08:13:20',10,'2016-01-06 08:13:20'),(648,920,510,316,'BIDI','XML','REAL','SYNCHRONOUS',10,'2016-01-06 08:13:20',10,'2016-01-06 08:13:20'),(649,921,511,301,'BIDI','CSV','REAL','SYNCHRONOUS',10,'2016-01-06 08:13:20',10,'2016-01-06 08:13:20'),(650,922,512,313,'UNI','XML','REAL','SYNCHRONOUS',10,'2016-01-06 08:13:20',10,'2016-01-06 08:13:20'),(651,923,513,317,'BIDI','CSV','REAL','SYNCHRONOUS',10,'2016-01-06 08:13:21',10,'2016-01-06 08:13:21'),(652,924,514,324,'BIDI','EDI','DAILY','BATCH',10,'2016-01-06 08:13:21',10,'2016-01-06 08:13:21'),(653,925,515,286,'UNI','XML','REAL','SYNCHRONOUS',10,'2016-01-06 08:13:21',10,'2016-01-06 08:13:21'),(654,926,516,285,'UNI','XML','REAL','SYNCHRONOUS',10,'2016-01-06 08:13:21',10,'2016-01-06 08:13:21'),(655,927,517,289,'BIDI','FLAT','REAL','SYNCHRONOUS',10,'2016-01-06 08:13:21',10,'2016-01-06 08:13:21'),(656,928,518,322,'BIDI','CSV','REAL','SYNCHRONOUS',10,'2016-01-06 08:13:21',10,'2016-01-06 08:13:21'),(657,929,519,318,'BIDI','CSV','REAL','SYNCHRONOUS',10,'2016-01-06 08:13:21',10,'2016-01-06 08:13:21'),(658,930,520,281,'BIDI','XML','REAL','SYNCHRONOUS',10,'2016-01-06 08:13:21',10,'2016-01-06 08:13:21'),(659,931,521,304,'BIDI','FLAT','HOURLY','BATCH',10,'2016-01-06 08:13:21',10,'2016-01-06 08:13:21'),(660,932,522,293,'BIDI','FLAT','DAILY','BATCH',10,'2016-01-06 08:13:21',10,'2016-01-06 08:13:21'),(661,933,523,303,'BIDI','ENUM_IS_NULL','MONTHLY','BATCH',10,'2016-01-06 08:13:22',10,'2016-01-06 08:13:22'),(662,934,524,317,'UNI','XML','REAL','SYNCHRONOUS',10,'2016-01-06 08:13:22',10,'2016-01-06 08:13:22'),(663,935,525,306,'UNI','CSV','REAL','SYNCHRONOUS',10,'2016-01-06 08:13:22',10,'2016-01-06 08:13:22'),(664,936,526,295,'UNI','CSV','REAL','SYNCHRONOUS',10,'2016-01-06 08:13:22',10,'2016-01-06 08:13:22'),(665,937,527,312,'BIDI','CSV','REAL','SYNCHRONOUS',10,'2016-01-06 08:13:22',10,'2016-01-06 08:13:22'),(666,938,528,302,'BIDI','EDI','REAL','SYNCHRONOUS',10,'2016-01-06 08:13:22',10,'2016-01-06 08:13:22'),(667,939,529,296,'BIDI','EDI','REAL','SYNCHRONOUS',10,'2016-01-06 08:13:22',10,'2016-01-06 08:13:22'),(668,940,530,308,'UNI','XML','HOURLY','ASYNCHRONOUS',10,'2016-01-06 08:13:22',10,'2016-01-06 08:13:22'),(669,941,531,298,'BIDI','CSV','DAILY','BATCH',10,'2016-01-06 08:13:23',10,'2016-01-06 08:13:23'),(670,942,532,296,'BIDI','ENUM_IS_NULL','DAILY','BATCH',10,'2016-01-06 08:13:23',10,'2016-01-06 08:13:23'),(671,943,533,315,'UNI','FLAT','WEEKLY','BATCH',10,'2016-01-06 08:13:23',10,'2016-01-06 08:13:23'),(672,944,534,313,'UNI','EDI','REAL','SYNCHRONOUS',10,'2016-01-06 08:13:23',10,'2016-01-06 08:13:23'),(673,945,535,314,'UNI','XML','REAL','SYNCHRONOUS',10,'2016-01-06 08:13:23',10,'2016-01-06 08:13:23'),(674,946,536,322,'UNI','EDI','REAL','SYNCHRONOUS',10,'2016-01-06 08:13:23',10,'2016-01-06 08:13:23'),(675,947,537,289,'BIDI','FLAT','REAL','SYNCHRONOUS',10,'2016-01-06 08:13:23',10,'2016-01-06 08:13:23'),(676,948,538,284,'BIDI','FLAT','REAL','SYNCHRONOUS',10,'2016-01-06 08:13:23',10,'2016-01-06 08:13:23'),(677,949,539,318,'UNI','ENUM_IS_NULL','DAILY','BATCH',10,'2016-01-06 08:13:23',10,'2016-01-06 08:13:23'),(678,950,540,288,'BIDI','XML','DAILY','BATCH',10,'2016-01-06 08:13:24',10,'2016-01-06 08:13:24'),(679,951,541,324,'UNI','CSV','HOURLY','ASYNCHRONOUS',10,'2016-01-06 08:13:24',10,'2016-01-06 08:13:24'),(680,952,542,314,'BIDI','EDI','REAL','SYNCHRONOUS',10,'2016-01-06 08:13:24',10,'2016-01-06 08:13:24'),(681,953,543,306,'BIDI','XML','REAL','SYNCHRONOUS',10,'2016-01-06 08:13:24',10,'2016-01-06 08:13:24'),(682,954,544,312,'BIDI','ENUM_IS_NULL','REAL','SYNCHRONOUS',10,'2016-01-06 08:13:24',10,'2016-01-06 08:13:24'),(683,955,545,294,'UNI','EDI','REAL','SYNCHRONOUS',10,'2016-01-06 08:13:24',10,'2016-01-06 08:13:24'),(684,956,546,296,'UNI','CSV','WEEKLY','BATCH',10,'2016-01-06 08:13:24',10,'2016-01-06 08:13:24'),(685,957,547,299,'UNI','XML','HOURLY','ASYNCHRONOUS',10,'2016-01-06 08:13:24',10,'2016-01-06 08:13:24'),(686,958,548,325,'UNI','EDI','DAILY','BATCH',10,'2016-01-06 08:13:24',10,'2016-01-06 08:13:24'),(687,959,549,289,'UNI','CSV','REAL','SYNCHRONOUS',10,'2016-01-06 08:13:24',10,'2016-01-06 08:13:24'),(688,960,550,297,'BIDI','EDI','REAL','SYNCHRONOUS',10,'2016-01-06 08:13:24',10,'2016-01-06 08:13:24'),(689,961,551,315,'BIDI','XML','REAL','SYNCHRONOUS',10,'2016-01-06 08:13:24',10,'2016-01-06 08:13:24'),(690,962,552,296,'BIDI','EDI','REAL','SYNCHRONOUS',10,'2016-01-06 08:13:24',10,'2016-01-06 08:13:24'),(691,963,553,289,'BIDI','CSV','HOURLY','ASYNCHRONOUS',10,'2016-01-06 08:13:25',10,'2016-01-06 08:13:25'),(692,964,554,543,'BIDI','ENUM_IS_NULL','WEEKLY','BATCH',10,'2016-01-06 08:13:25',10,'2016-01-06 08:13:25'),(693,965,555,524,'BIDI','FLAT','WEEKLY','BATCH',10,'2016-01-06 08:13:25',10,'2016-01-06 08:13:25'),(694,966,556,497,'BIDI','XML','REAL','SYNCHRONOUS',10,'2016-01-06 08:13:25',10,'2016-01-06 08:13:25'),(695,967,557,529,'BIDI','CSV','REAL','SYNCHRONOUS',10,'2016-01-06 08:13:25',10,'2016-01-06 08:13:25'),(696,968,558,523,'UNI','XML','REAL','SYNCHRONOUS',10,'2016-01-06 08:13:25',10,'2016-01-06 08:13:25'),(697,969,559,566,'BIDI','CSV','REAL','SYNCHRONOUS',10,'2016-01-06 08:13:25',10,'2016-01-06 08:13:25'),(698,970,560,508,'BIDI','EDI','DAILY','BATCH',10,'2016-01-06 08:13:25',10,'2016-01-06 08:13:25'),(699,971,561,539,'UNI','XML','REAL','SYNCHRONOUS',10,'2016-01-06 08:13:25',10,'2016-01-06 08:13:25'),(700,972,562,581,'UNI','XML','REAL','SYNCHRONOUS',10,'2016-01-06 08:13:25',10,'2016-01-06 08:13:25'),(701,973,563,519,'BIDI','FLAT','REAL','SYNCHRONOUS',10,'2016-01-06 08:13:25',10,'2016-01-06 08:13:25'),(702,974,564,551,'BIDI','CSV','REAL','SYNCHRONOUS',10,'2016-01-06 08:13:25',10,'2016-01-06 08:13:25'),(703,975,565,578,'BIDI','CSV','REAL','SYNCHRONOUS',10,'2016-01-06 08:13:25',10,'2016-01-06 08:13:25'),(704,976,566,511,'BIDI','XML','REAL','SYNCHRONOUS',10,'2016-01-06 08:13:25',10,'2016-01-06 08:13:25'),(705,977,567,558,'BIDI','FLAT','HOURLY','BATCH',10,'2016-01-06 08:13:25',10,'2016-01-06 08:13:25'),(706,978,568,516,'BIDI','FLAT','DAILY','BATCH',10,'2016-01-06 08:13:25',10,'2016-01-06 08:13:25'),(707,979,569,471,'BIDI','ENUM_IS_NULL','MONTHLY','BATCH',10,'2016-01-06 08:13:25',10,'2016-01-06 08:13:25'),(708,980,570,567,'UNI','XML','REAL','SYNCHRONOUS',10,'2016-01-06 08:13:25',10,'2016-01-06 08:13:25'),(709,981,571,609,'UNI','CSV','REAL','SYNCHRONOUS',10,'2016-01-06 08:13:25',10,'2016-01-06 08:13:25'),(710,982,572,548,'UNI','CSV','REAL','SYNCHRONOUS',10,'2016-01-06 08:13:25',10,'2016-01-06 08:13:25'),(711,983,573,621,'BIDI','CSV','REAL','SYNCHRONOUS',10,'2016-01-06 08:13:25',10,'2016-01-06 08:13:25'),(712,984,574,520,'BIDI','EDI','REAL','SYNCHRONOUS',10,'2016-01-06 08:13:25',10,'2016-01-06 08:13:25'),(713,985,575,624,'BIDI','EDI','REAL','SYNCHRONOUS',10,'2016-01-06 08:13:25',10,'2016-01-06 08:13:25'),(714,986,576,614,'UNI','XML','HOURLY','ASYNCHRONOUS',10,'2016-01-06 08:13:25',10,'2016-01-06 08:13:25'),(715,987,577,624,'BIDI','CSV','DAILY','BATCH',10,'2016-01-06 08:13:25',10,'2016-01-06 08:13:25'),(716,988,578,602,'BIDI','ENUM_IS_NULL','DAILY','BATCH',10,'2016-01-06 08:13:25',10,'2016-01-06 08:13:25'),(717,989,579,496,'UNI','FLAT','WEEKLY','BATCH',10,'2016-01-06 08:13:25',10,'2016-01-06 08:13:25'),(718,990,580,506,'UNI','EDI','REAL','SYNCHRONOUS',10,'2016-01-06 08:13:26',10,'2016-01-06 08:13:26'),(719,991,581,526,'UNI','XML','REAL','SYNCHRONOUS',10,'2016-01-06 08:13:26',10,'2016-01-06 08:13:26'),(720,992,582,488,'UNI','EDI','REAL','SYNCHRONOUS',10,'2016-01-06 08:13:26',10,'2016-01-06 08:13:26'),(721,993,583,625,'BIDI','FLAT','REAL','SYNCHRONOUS',10,'2016-01-06 08:13:26',10,'2016-01-06 08:13:26'),(722,994,584,551,'BIDI','FLAT','REAL','SYNCHRONOUS',10,'2016-01-06 08:13:26',10,'2016-01-06 08:13:26'),(723,995,585,620,'UNI','ENUM_IS_NULL','DAILY','BATCH',10,'2016-01-06 08:13:26',10,'2016-01-06 08:13:26'),(724,996,586,485,'BIDI','XML','DAILY','BATCH',10,'2016-01-06 08:13:26',10,'2016-01-06 08:13:26'),(725,997,587,573,'UNI','CSV','HOURLY','ASYNCHRONOUS',10,'2016-01-06 08:13:26',10,'2016-01-06 08:13:26'),(726,998,588,534,'BIDI','EDI','REAL','SYNCHRONOUS',10,'2016-01-06 08:13:26',10,'2016-01-06 08:13:26'),(727,999,589,559,'BIDI','XML','REAL','SYNCHRONOUS',10,'2016-01-06 08:13:26',10,'2016-01-06 08:13:26'),(728,1000,590,596,'BIDI','ENUM_IS_NULL','REAL','SYNCHRONOUS',10,'2016-01-06 08:13:26',10,'2016-01-06 08:13:26'),(729,1001,591,519,'UNI','EDI','REAL','SYNCHRONOUS',10,'2016-01-06 08:13:26',10,'2016-01-06 08:13:26'),(730,1002,592,541,'UNI','CSV','WEEKLY','BATCH',10,'2016-01-06 08:13:26',10,'2016-01-06 08:13:26'),(731,1003,593,585,'UNI','XML','HOURLY','ASYNCHRONOUS',10,'2016-01-06 08:13:26',10,'2016-01-06 08:13:26'),(732,1004,594,480,'UNI','EDI','DAILY','BATCH',10,'2016-01-06 08:13:26',10,'2016-01-06 08:13:26'),(733,1005,595,584,'UNI','CSV','REAL','SYNCHRONOUS',10,'2016-01-06 08:13:26',10,'2016-01-06 08:13:26'),(734,1006,596,621,'BIDI','EDI','REAL','SYNCHRONOUS',10,'2016-01-06 08:13:26',10,'2016-01-06 08:13:26'),(735,1007,597,537,'BIDI','XML','REAL','SYNCHRONOUS',10,'2016-01-06 08:13:26',10,'2016-01-06 08:13:26'),(736,1008,598,490,'BIDI','EDI','REAL','SYNCHRONOUS',10,'2016-01-06 08:13:26',10,'2016-01-06 08:13:26'),(737,1009,599,527,'BIDI','CSV','HOURLY','ASYNCHRONOUS',10,'2016-01-06 08:13:26',10,'2016-01-06 08:13:26'),(738,1010,600,625,'BIDI','ENUM_IS_NULL','WEEKLY','BATCH',10,'2016-01-06 08:13:26',10,'2016-01-06 08:13:26'),(739,1011,601,479,'BIDI','FLAT','WEEKLY','BATCH',10,'2016-01-06 08:13:26',10,'2016-01-06 08:13:26'),(740,1012,602,567,'BIDI','XML','REAL','SYNCHRONOUS',10,'2016-01-06 08:13:26',10,'2016-01-06 08:13:26'),(741,1013,603,564,'BIDI','CSV','REAL','SYNCHRONOUS',10,'2016-01-06 08:13:26',10,'2016-01-06 08:13:26'),(742,1014,604,576,'UNI','XML','REAL','SYNCHRONOUS',10,'2016-01-06 08:13:26',10,'2016-01-06 08:13:26'),(743,1015,605,479,'BIDI','CSV','REAL','SYNCHRONOUS',10,'2016-01-06 08:13:26',10,'2016-01-06 08:13:26'),(744,1016,606,581,'BIDI','EDI','DAILY','BATCH',10,'2016-01-06 08:13:26',10,'2016-01-06 08:13:26'),(745,1017,607,519,'UNI','XML','REAL','SYNCHRONOUS',10,'2016-01-06 08:13:26',10,'2016-01-06 08:13:26'),(746,1018,608,602,'UNI','XML','REAL','SYNCHRONOUS',10,'2016-01-06 08:13:26',10,'2016-01-06 08:13:26'),(747,1019,609,597,'BIDI','FLAT','REAL','SYNCHRONOUS',10,'2016-01-06 08:13:26',10,'2016-01-06 08:13:26'),(748,1020,610,580,'BIDI','CSV','REAL','SYNCHRONOUS',10,'2016-01-06 08:13:27',10,'2016-01-06 08:13:27'),(749,1021,611,515,'BIDI','CSV','REAL','SYNCHRONOUS',10,'2016-01-06 08:13:27',10,'2016-01-06 08:13:27'),(750,1022,612,514,'BIDI','XML','REAL','SYNCHRONOUS',10,'2016-01-06 08:13:27',10,'2016-01-06 08:13:27'),(751,1023,613,603,'BIDI','FLAT','HOURLY','BATCH',10,'2016-01-06 08:13:27',10,'2016-01-06 08:13:27'),(752,1024,614,564,'BIDI','FLAT','DAILY','BATCH',10,'2016-01-06 08:13:27',10,'2016-01-06 08:13:27'),(753,1025,615,546,'BIDI','ENUM_IS_NULL','MONTHLY','BATCH',10,'2016-01-06 08:13:27',10,'2016-01-06 08:13:27'),(754,1026,616,610,'UNI','XML','REAL','SYNCHRONOUS',10,'2016-01-06 08:13:27',10,'2016-01-06 08:13:27'),(755,1027,617,626,'UNI','CSV','REAL','SYNCHRONOUS',10,'2016-01-06 08:13:27',10,'2016-01-06 08:13:27'),(756,1028,618,550,'UNI','CSV','REAL','SYNCHRONOUS',10,'2016-01-06 08:13:27',10,'2016-01-06 08:13:27'),(757,1029,619,623,'BIDI','CSV','REAL','SYNCHRONOUS',10,'2016-01-06 08:13:27',10,'2016-01-06 08:13:27'),(758,1030,620,578,'BIDI','EDI','REAL','SYNCHRONOUS',10,'2016-01-06 08:13:27',10,'2016-01-06 08:13:27'),(759,1031,621,496,'BIDI','EDI','REAL','SYNCHRONOUS',10,'2016-01-06 08:13:27',10,'2016-01-06 08:13:27'),(760,1032,622,508,'UNI','XML','HOURLY','ASYNCHRONOUS',10,'2016-01-06 08:13:27',10,'2016-01-06 08:13:27'),(761,1033,623,534,'BIDI','CSV','DAILY','BATCH',10,'2016-01-06 08:13:27',10,'2016-01-06 08:13:27'),(762,1034,624,484,'BIDI','ENUM_IS_NULL','DAILY','BATCH',10,'2016-01-06 08:13:27',10,'2016-01-06 08:13:27'),(763,1035,625,521,'UNI','FLAT','WEEKLY','BATCH',10,'2016-01-06 08:13:27',10,'2016-01-06 08:13:27'),(764,1036,626,590,'UNI','EDI','REAL','SYNCHRONOUS',10,'2016-01-06 08:13:27',10,'2016-01-06 08:13:27'),(765,1037,627,494,'UNI','XML','REAL','SYNCHRONOUS',10,'2016-01-06 08:13:27',10,'2016-01-06 08:13:27'),(766,1038,192,230,'UNI','XML','REAL','SYNCHRONOUS',10,'2016-01-06 10:09:37',10,'2016-01-06 10:09:37'),(767,1039,193,227,'UNI','XML','REAL','SYNCHRONOUS',10,'2016-01-06 10:09:37',10,'2016-01-06 10:09:37'),(768,1040,194,211,'BIDI','FLAT','REAL','SYNCHRONOUS',10,'2016-01-06 10:09:37',10,'2016-01-06 10:09:37'),(769,1041,195,246,'BIDI','CSV','REAL','SYNCHRONOUS',10,'2016-01-06 10:09:37',10,'2016-01-06 10:09:37'),(770,1042,196,247,'BIDI','CSV','REAL','SYNCHRONOUS',10,'2016-01-06 10:09:37',10,'2016-01-06 10:09:37'),(771,1043,197,220,'BIDI','XML','REAL','SYNCHRONOUS',10,'2016-01-06 10:09:37',10,'2016-01-06 10:09:37'),(772,1044,198,197,'BIDI','FLAT','HOURLY','BATCH',10,'2016-01-06 10:09:38',10,'2016-01-06 10:09:38'),(773,1045,199,258,'BIDI','FLAT','DAILY','BATCH',10,'2016-01-06 10:09:38',10,'2016-01-06 10:09:38'),(774,1046,200,254,'BIDI','ENUM_IS_NULL','MONTHLY','BATCH',10,'2016-01-06 10:09:38',10,'2016-01-06 10:09:38'),(775,1047,201,234,'UNI','XML','REAL','SYNCHRONOUS',10,'2016-01-06 10:09:38',10,'2016-01-06 10:09:38'),(776,1048,202,258,'UNI','CSV','REAL','SYNCHRONOUS',10,'2016-01-06 10:09:38',10,'2016-01-06 10:09:38'),(777,1049,203,237,'UNI','CSV','REAL','SYNCHRONOUS',10,'2016-01-06 10:09:38',10,'2016-01-06 10:09:38'),(778,1050,204,228,'BIDI','CSV','REAL','SYNCHRONOUS',10,'2016-01-06 10:09:38',10,'2016-01-06 10:09:38'),(779,1051,205,231,'BIDI','EDI','REAL','SYNCHRONOUS',10,'2016-01-06 10:09:38',10,'2016-01-06 10:09:38'),(780,1052,206,192,'BIDI','EDI','REAL','SYNCHRONOUS',10,'2016-01-06 10:09:38',10,'2016-01-06 10:09:38'),(781,1053,207,251,'UNI','XML','HOURLY','ASYNCHRONOUS',10,'2016-01-06 10:09:38',10,'2016-01-06 10:09:38'),(782,1054,208,209,'BIDI','CSV','DAILY','BATCH',10,'2016-01-06 10:09:39',10,'2016-01-06 10:09:39'),(783,1055,209,209,'BIDI','ENUM_IS_NULL','DAILY','BATCH',10,'2016-01-06 10:09:39',10,'2016-01-06 10:09:39'),(784,1056,210,233,'UNI','FLAT','WEEKLY','BATCH',10,'2016-01-06 10:09:39',10,'2016-01-06 10:09:39'),(785,1057,211,241,'UNI','EDI','REAL','SYNCHRONOUS',10,'2016-01-06 10:09:39',10,'2016-01-06 10:09:39'),(786,1058,212,199,'UNI','XML','REAL','SYNCHRONOUS',10,'2016-01-06 10:09:39',10,'2016-01-06 10:09:39'),(787,1059,213,195,'UNI','EDI','REAL','SYNCHRONOUS',10,'2016-01-06 10:09:39',10,'2016-01-06 10:09:39'),(788,1060,214,236,'BIDI','FLAT','REAL','SYNCHRONOUS',10,'2016-01-06 10:09:39',10,'2016-01-06 10:09:39'),(789,1061,215,252,'BIDI','FLAT','REAL','SYNCHRONOUS',10,'2016-01-06 10:09:39',10,'2016-01-06 10:09:39'),(790,1062,216,198,'UNI','ENUM_IS_NULL','DAILY','BATCH',10,'2016-01-06 10:09:39',10,'2016-01-06 10:09:39'),(791,1063,217,235,'BIDI','XML','DAILY','BATCH',10,'2016-01-06 10:09:39',10,'2016-01-06 10:09:39'),(792,1064,218,222,'BIDI','CSV','WEEKLY','BATCH',10,'2016-01-06 10:09:39',10,'2016-01-06 10:09:39'),(793,1065,219,203,'UNI','CSV','HOURLY','ASYNCHRONOUS',10,'2016-01-06 10:09:40',10,'2016-01-06 10:09:40'),(794,1066,220,209,'BIDI','EDI','REAL','SYNCHRONOUS',10,'2016-01-06 10:09:40',10,'2016-01-06 10:09:40'),(795,1067,221,219,'BIDI','XML','REAL','SYNCHRONOUS',10,'2016-01-06 10:09:40',10,'2016-01-06 10:09:40'),(796,1068,222,220,'BIDI','ENUM_IS_NULL','REAL','SYNCHRONOUS',10,'2016-01-06 10:09:40',10,'2016-01-06 10:09:40'),(797,1069,223,258,'UNI','EDI','REAL','SYNCHRONOUS',10,'2016-01-06 10:09:40',10,'2016-01-06 10:09:40'),(798,1070,224,244,'UNI','CSV','WEEKLY','BATCH',10,'2016-01-06 10:09:40',10,'2016-01-06 10:09:40'),(799,1071,225,252,'UNI','XML','HOURLY','ASYNCHRONOUS',10,'2016-01-06 10:09:40',10,'2016-01-06 10:09:40'),(800,1072,226,240,'UNI','EDI','DAILY','BATCH',10,'2016-01-06 10:09:40',10,'2016-01-06 10:09:40'),(801,1073,227,208,'UNI','CSV','REAL','SYNCHRONOUS',10,'2016-01-06 10:09:40',10,'2016-01-06 10:09:40'),(802,1074,228,209,'BIDI','EDI','REAL','SYNCHRONOUS',10,'2016-01-06 10:09:40',10,'2016-01-06 10:09:40'),(803,1075,229,224,'BIDI','XML','REAL','SYNCHRONOUS',10,'2016-01-06 10:09:41',10,'2016-01-06 10:09:41'),(804,1076,230,219,'BIDI','EDI','REAL','SYNCHRONOUS',10,'2016-01-06 10:09:41',10,'2016-01-06 10:09:41'),(805,1077,231,220,'BIDI','CSV','HOURLY','ASYNCHRONOUS',10,'2016-01-06 10:09:41',10,'2016-01-06 10:09:41'),(806,1078,232,199,'BIDI','ENUM_IS_NULL','WEEKLY','BATCH',10,'2016-01-06 10:09:41',10,'2016-01-06 10:09:41'),(807,1079,233,202,'BIDI','FLAT','WEEKLY','BATCH',10,'2016-01-06 10:09:41',10,'2016-01-06 10:09:41'),(808,1080,234,252,'BIDI','XML','REAL','SYNCHRONOUS',10,'2016-01-06 10:09:41',10,'2016-01-06 10:09:41'),(809,1081,235,239,'BIDI','CSV','REAL','SYNCHRONOUS',10,'2016-01-06 10:09:41',10,'2016-01-06 10:09:41'),(810,1082,236,262,'UNI','XML','REAL','SYNCHRONOUS',10,'2016-01-06 10:09:41',10,'2016-01-06 10:09:41'),(811,1083,237,193,'BIDI','CSV','REAL','SYNCHRONOUS',10,'2016-01-06 10:09:41',10,'2016-01-06 10:09:41'),(812,1084,238,196,'BIDI','EDI','DAILY','BATCH',10,'2016-01-06 10:09:41',10,'2016-01-06 10:09:41'),(813,1085,239,203,'BIDI','FLAT','HOURLY','ASYNCHRONOUS',10,'2016-01-06 10:09:42',10,'2016-01-06 10:09:42'),(814,1086,240,196,'BIDI','XML','REAL','SYNCHRONOUS',10,'2016-01-06 10:09:42',10,'2016-01-06 10:09:42'),(815,1087,241,196,'UNI','FLAT','MONTHLY','ASYNCHRONOUS',10,'2016-01-06 10:09:42',10,'2016-01-06 10:09:42'),(816,1088,242,193,'BIDI','CSV','REAL','SYNCHRONOUS',10,'2016-01-06 10:09:42',10,'2016-01-06 10:09:42'),(817,1089,243,252,'BIDI','ENUM_IS_NULL','REAL','SYNCHRONOUS',10,'2016-01-06 10:09:42',10,'2016-01-06 10:09:42'),(818,1090,244,255,'BIDI','EDI','REAL','SYNCHRONOUS',10,'2016-01-06 10:09:42',10,'2016-01-06 10:09:42'),(819,1091,245,218,'UNI','XML','WEEKLY','ASYNCHRONOUS',10,'2016-01-06 10:09:42',10,'2016-01-06 10:09:42'),(820,1092,246,193,'UNI','FLAT','REAL','SYNCHRONOUS',10,'2016-01-06 10:09:42',10,'2016-01-06 10:09:42'),(821,1093,247,233,'BIDI','CSV','HOURLY','BATCH',10,'2016-01-07 11:57:24',10,'2016-01-07 11:57:24'),(822,1094,248,206,'BIDI','XML','REAL','SYNCHRONOUS',10,'2016-01-06 10:09:43',10,'2016-01-06 10:09:43'),(823,1095,249,207,'BIDI','FLAT','WEEKLY','BATCH',10,'2016-01-06 10:09:43',10,'2016-01-06 10:09:43'),(824,1096,250,253,'UNI','FLAT','REAL','SYNCHRONOUS',10,'2016-01-06 10:09:43',10,'2016-01-06 10:09:43'),(825,1097,251,236,'BIDI','CSV','DAILY','BATCH',10,'2016-01-06 10:09:43',10,'2016-01-06 10:09:43'),(826,1098,252,210,'BIDI','XML','HOURLY','ASYNCHRONOUS',10,'2016-01-06 10:09:43',10,'2016-01-06 10:09:43'),(827,1099,253,230,'UNI','EDI','WEEKLY','BATCH',10,'2016-01-06 10:09:43',10,'2016-01-06 10:09:43'),(828,1100,254,236,'BIDI','CSV','WEEKLY','BATCH',10,'2016-01-06 10:09:43',10,'2016-01-06 10:09:43'),(829,1101,255,215,'BIDI','EDI','MONTHLY','BATCH',10,'2016-01-06 10:09:44',10,'2016-01-06 10:09:44'),(830,1102,256,197,'UNI','XML','MONTHLY','BATCH',10,'2016-01-06 10:09:44',10,'2016-01-06 10:09:44'),(831,1103,257,212,'BIDI','EDI','WEEKLY','BATCH',10,'2016-01-06 10:09:44',10,'2016-01-06 10:09:44'),(832,1104,258,261,'UNI','EDI','HOURLY','ASYNCHRONOUS',10,'2016-01-06 10:09:44',10,'2016-01-06 10:09:44'),(833,1105,259,204,'BIDI','XML','WEEKLY','BATCH',10,'2016-01-06 10:09:44',10,'2016-01-06 10:09:44'),(834,1106,260,210,'BIDI','ENUM_IS_NULL','MONTHLY','BATCH',10,'2016-01-06 10:09:44',10,'2016-01-06 10:09:44'),(835,1107,261,261,'BIDI','CSV','DAILY','BATCH',10,'2016-01-06 10:09:44',10,'2016-01-06 10:09:44'),(836,1108,262,220,'UNI','XML','HOURLY','ASYNCHRONOUS',10,'2016-01-06 10:09:44',10,'2016-01-06 10:09:44');
/*!40000 ALTER TABLE `interface` ENABLE KEYS */;
UNLOCK TABLES;

--
-- Table structure for table `parameter`
--

DROP TABLE IF EXISTS `parameter`;
/*!40101 SET @saved_cs_client     = @@character_set_client */;
/*!40101 SET character_set_client = utf8 */;
CREATE TABLE `parameter` (
  `id` int(11) NOT NULL AUTO_INCREMENT,
  `uniqueName` varchar(45) NOT NULL,
  `displayName` varchar(250) NOT NULL,
  `description` text,
  `type` varchar(4) NOT NULL,
  `workspaceId` int(11) DEFAULT NULL,
  `parentParameterId` int(11) DEFAULT NULL,
  `createdBy` int(11) NOT NULL,
  `createdDate` timestamp NOT NULL DEFAULT CURRENT_TIMESTAMP ON UPDATE CURRENT_TIMESTAMP,
  `updatedBy` int(11) NOT NULL,
  `updatedDate` timestamp NOT NULL DEFAULT CURRENT_TIMESTAMP ON UPDATE CURRENT_TIMESTAMP,
  PRIMARY KEY (`id`),
  UNIQUE KEY `parameter_uniqueName_workspaceId_uq` (`uniqueName`,`workspaceId`),
  KEY `parameter_workspaceId_fk_idx` (`workspaceId`),
  KEY `parameter_createdBy_fk_idx` (`createdBy`),
  KEY `parameter_updatedBy_fk_idx` (`updatedBy`),
  KEY `parameter_parentParameterId_idx` (`parentParameterId`),
  CONSTRAINT `parameter_createdBy_fk` FOREIGN KEY (`createdBy`) REFERENCES `user` (`id`) ON DELETE NO ACTION ON UPDATE NO ACTION,
  CONSTRAINT `parameter_parentParameterId` FOREIGN KEY (`parentParameterId`) REFERENCES `parameter` (`id`) ON DELETE NO ACTION ON UPDATE NO ACTION,
  CONSTRAINT `parameter_updatedBy_fk` FOREIGN KEY (`updatedBy`) REFERENCES `user` (`id`) ON DELETE NO ACTION ON UPDATE NO ACTION,
  CONSTRAINT `parameter_workspaceId_fk` FOREIGN KEY (`workspaceId`) REFERENCES `workspace` (`id`) ON DELETE NO ACTION ON UPDATE NO ACTION
) ENGINE=InnoDB AUTO_INCREMENT=195 DEFAULT CHARSET=latin1;
/*!40101 SET character_set_client = @saved_cs_client */;

--
-- Dumping data for table `parameter`
--

LOCK TABLES `parameter` WRITE;
/*!40000 ALTER TABLE `parameter` DISABLE KEYS */;
INSERT INTO `parameter` VALUES (80,'Functional Quotient-2015-08-14 09:09:19','Functional Quotient','','LP',1,NULL,2,'2016-03-17 10:17:17',2,'2016-03-17 10:17:17'),(81,'Technical Quotient-2015-08-14 09:09:32','Technical Quotient','','LP',1,NULL,2,'2016-03-17 10:17:17',2,'2016-03-17 10:17:17'),(82,'Management Quotient-2015-08-14 09:09:54','Management Quotient','','LP',1,NULL,2,'2016-03-17 10:17:17',2,'2016-03-17 10:17:17'),(83,'FQ 1-2015-08-14 09:50:22','FQ 1','','AP',1,NULL,2,'2016-03-17 10:17:17',2,'2016-03-17 10:17:17'),(84,'TQ1-2015-08-14 09:50:29','TQ1','','AP',1,NULL,2,'2016-03-17 10:17:17',2,'2016-03-17 10:17:17'),(85,'FQ1.1-2015-08-14 09:51:03','FQ1.1','','LP',1,NULL,2,'2016-03-17 10:17:17',2,'2016-03-17 10:17:17'),(86,'P1-2015-08-20 17:00:09','P1','','LP',1,NULL,2,'2016-03-17 10:17:17',2,'2016-03-17 10:17:17'),(87,'Fq 1-2015-08-31 16:54:19','Fq 1','','LP',1,NULL,2,'2016-03-17 10:17:17',2,'2016-03-17 10:17:17'),(88,'FQ2-2015-08-31 16:54:24','FQ2','','LP',1,NULL,2,'2016-03-17 10:17:17',2,'2016-03-17 10:17:17'),(89,'cp 1-2015-09-01 11:10:50','cp 1','','LP',1,NULL,2,'2016-03-17 10:17:17',2,'2016-03-17 10:17:17'),(90,'cp2-2015-09-01 11:10:55','cp2','','LP',1,NULL,2,'2016-03-17 10:17:17',2,'2016-03-17 10:17:17'),(91,'Demo for ajit-2015-09-16 09:27:59','Demo for ajit','','LP',1,NULL,2,'2016-03-17 10:17:17',2,'2016-03-17 10:17:17'),(92,'TCO-2015-09-23 16:22:47','TCO','Capture the total cost of ownership covering the support and infra costs','LP',5,NULL,2,'2016-03-17 10:17:17',2,'2016-03-17 10:17:17'),(93,'FQ-2015-09-23 16:25:27','FQ','Functional Quotient','LP',5,NULL,2,'2016-03-17 10:17:17',2,'2016-03-17 10:17:17'),(94,'TQ-2015-09-23 16:28:57','TQ','Capture the health of technology','LP',5,NULL,2,'2016-03-17 10:17:17',2,'2016-03-17 10:17:17'),(95,'MQ-2015-09-23 16:30:18','MQ','Management Quotient','LP',5,NULL,2,'2016-03-17 10:17:17',2,'2016-03-17 10:17:17'),(96,'Misc - Not for calc-2015-09-23 16:31:50','Misc - Not for calc','','LP',5,NULL,2,'2016-03-17 10:17:17',2,'2016-03-17 10:17:17'),(97,'Function quotient-2015-09-24 10:31:22','Function quotient','','LP',1,NULL,2,'2016-03-17 10:17:17',2,'2016-03-17 10:17:17'),(98,'TCO-2015-10-13 15:39:49','TCO','','LP',1,NULL,2,'2016-03-17 10:17:17',2,'2016-03-17 10:17:17'),(99,'TQ-2015-10-13 15:40:56','TQ','','AP',1,NULL,2,'2016-03-17 10:17:17',2,'2016-03-17 10:17:17'),(100,'Tech stack-2015-10-13 15:41:11','Tech stack','','LP',1,NULL,2,'2016-03-17 10:17:17',2,'2016-03-17 10:17:17'),(101,'Sample Parameter-2015-10-15 16:57:29','Sample Parameter','Sample Parameter','LP',6,NULL,5,'2016-03-17 10:17:17',5,'2016-03-17 10:17:17'),(102,'FQ-2015-11-12 10:52:01','FQ','Business criticality of infra based on applications supported','LP',5,NULL,9,'2016-03-17 10:17:17',9,'2016-03-17 10:17:17'),(103,'TQ-2015-11-12 10:52:53','TQ','Based on the OS, Cores Memory, HDD and Virtualized','LP',5,NULL,9,'2016-03-17 10:17:17',9,'2016-03-17 10:17:17'),(104,'Misc (not for Calc)-2015-11-12 10:53:03','Misc (not for Calc)','','LP',5,NULL,9,'2016-03-17 10:17:17',9,'2016-03-17 10:17:17'),(105,'FQ-2015-11-20 15:51:04','FQ','','LP',1,NULL,2,'2016-03-17 10:17:17',2,'2016-03-17 10:17:17'),(106,'FQ for demo-2015-12-21 16:23:50','FQ for demo','','LP',1,NULL,2,'2016-03-17 10:17:17',2,'2016-03-17 10:17:17'),(110,'Functional Quotient-2016-01-05 16:03:48','Functional Quotient','Functional Quotient','LP',7,NULL,5,'2016-03-17 10:17:17',5,'2016-03-17 10:17:17'),(111,'Technical Quotient-2016-01-05 16:03:57','Technical Quotient','Technical Quotient','LP',7,NULL,5,'2016-03-17 10:17:17',5,'2016-03-17 10:17:17'),(114,'Technical Quotient-2016-01-06 12:04:46','Technical Quotient','Technical Quotient','LP',7,NULL,5,'2016-03-17 10:17:17',5,'2016-03-17 10:17:17'),(115,'Cloud Readiness Inde-2016-01-06 14:55:08','Cloud Readiness Index','Cloud Readiness Index','LP',7,NULL,5,'2016-03-17 10:17:17',5,'2016-03-17 10:17:17'),(116,'Business Benefits-2016-01-06 17:48:06','Business Benefits','Business Benefits','LP',7,NULL,5,'2016-03-17 10:17:17',3,'2016-03-17 10:59:43'),(121,'Functional Quotient-2016-01-07 11:22:52','Functional Quotient','This parameter Defines the functional quotient for the applications','LP',7,NULL,5,'2016-03-17 10:17:17',5,'2016-03-17 10:17:17'),(122,'Technical Quotient-2016-01-07 11:27:52','Technical Quotient','This parameter defines the technical quotient for the applications','LP',7,NULL,5,'2016-03-17 10:17:17',5,'2016-03-17 10:17:17'),(123,'Governance Quotient-2016-01-07 11:30:58','Governance Quotient','Governance Quotient','LP',7,NULL,5,'2016-03-17 10:17:17',5,'2016-03-17 10:17:17'),(124,'Total Cost Of Owners-2016-01-07 11:31:23','Total Cost Of Ownership','Total Cost Of Ownership','LP',7,NULL,5,'2016-03-17 10:17:17',5,'2016-03-17 10:17:17'),(125,'Criticality Quotient-2016-01-07 11:31:40','Criticality Quotient','Criticality Quotient','LP',7,NULL,5,'2016-03-17 10:17:17',5,'2016-03-17 10:17:17'),(126,'Maintenance Quotient-2016-01-07 11:32:05','Maintenance Quotient','Maintenance Quotient','LP',7,NULL,5,'2016-03-17 10:17:17',5,'2016-03-17 10:17:17'),(127,'Sourcing Alignment I-2016-01-07 11:32:20','Sourcing Alignment Index','Sourcing Alignment Index','LP',7,NULL,5,'2016-03-17 10:17:17',5,'2016-03-17 10:17:17'),(130,'Cloud Readiness Inde-2016-01-07 11:33:03','Cloud Readiness Index','Cloud Readiness Index','LP',7,NULL,5,'2016-03-17 10:17:17',5,'2016-03-17 10:17:17'),(131,'Business Benefits-2016-01-07 11:33:29','Business Benefits','Business Benefits','LP',7,NULL,5,'2016-03-17 10:17:17',5,'2016-03-17 10:17:17'),(132,'Governance Quotient-2016-01-07 11:39:53','Governance Quotient','Governance Quotient','LP',7,NULL,5,'2016-03-17 10:17:17',5,'2016-03-17 10:17:17'),(133,'Total Cost Of Owners-2016-01-07 11:40:11','Total Cost Of Ownership','Total Cost Of Ownership','LP',7,NULL,5,'2016-03-17 10:17:17',5,'2016-03-17 10:17:17'),(134,'Criticality Quotient-2016-01-07 11:40:29','Criticality Quotient','Criticality Quotient','LP',7,NULL,5,'2016-03-17 10:17:17',5,'2016-03-17 10:17:17'),(135,'Maintenance Quotient-2016-01-07 11:40:47','Maintenance Quotient','Maintenance Quotient','LP',7,NULL,5,'2016-03-17 10:17:17',5,'2016-03-17 10:17:17'),(136,'Utilization Quotient-2016-01-07 11:41:38','Utilization Quotient for Servers','Utilization Quotient for Servers','LP',7,NULL,5,'2016-03-17 10:17:17',5,'2016-03-17 10:17:17'),(137,'Infra Health Quotien-2016-01-07 11:41:58','Infra Health Quotient','Infra Health Quotient','LP',7,NULL,5,'2016-03-17 10:17:17',5,'2016-03-17 10:17:17'),(138,'Cloud Readiness Inde-2016-01-07 11:42:08','Cloud Readiness Index','Cloud Readiness Index','LP',7,NULL,5,'2016-03-17 10:17:17',5,'2016-03-17 10:17:17'),(139,'Sourcing Alignment I-2016-01-07 12:45:54','Sourcing Alignment Index','Sourcing Alignment Index','LP',7,NULL,5,'2016-03-17 10:17:17',5,'2016-03-17 10:17:17'),(140,'Functional Quotient-2016-01-07 18:07:45','Functional Quotient','Functional Quotient','LP',7,NULL,5,'2016-03-17 10:17:17',5,'2016-03-17 10:17:17'),(141,'Technical Quotient-2016-01-07 18:08:10','Technical Quotient','Technical Quotient','LP',7,NULL,5,'2016-03-17 10:17:17',5,'2016-03-17 10:17:17'),(142,'Cloud Readiness Inde-2016-01-07 18:09:20','Cloud Readiness Index','Cloud Readiness Index','LP',7,NULL,5,'2016-03-17 10:17:17',5,'2016-03-17 10:17:17'),(143,'Business Benefits-2016-01-07 18:09:34','Business Benefits','Business Benefits','LP',7,NULL,5,'2016-03-17 10:17:17',5,'2016-03-17 10:17:17'),(144,'Governance Quotient-2016-01-07 18:09:50','Governance Quotient','Governance Quotient','LP',7,NULL,5,'2016-03-17 10:17:17',5,'2016-03-17 10:17:17'),(145,'Total Cost of Owners-2016-01-07 18:10:13','Total Cost of Ownership','Total Cost of Ownership','LP',7,NULL,5,'2016-03-17 10:17:17',5,'2016-03-17 10:17:17'),(146,'Criticality Quotient-2016-01-07 18:10:33','Criticality Quotient','Criticality Quotient','LP',7,NULL,5,'2016-03-17 10:17:17',5,'2016-03-17 10:17:17'),(147,'Maintenance Quotient-2016-01-07 18:11:19','Maintenance Quotient','Maintenance Quotient','LP',7,NULL,5,'2016-03-17 10:17:17',5,'2016-03-17 10:17:17'),(148,'Sourcing Alignment I-2016-01-07 18:12:05','Sourcing Alignment Index','Sourcing Alignment Index','LP',7,NULL,5,'2016-03-17 10:17:17',5,'2016-03-17 10:17:17'),(149,'Utilization Quotient-2016-01-07 18:12:37','Utilization Quotient for Servers','Utilization Quotient for Servers','LP',7,NULL,5,'2016-03-17 10:17:17',3,'2016-03-17 11:00:29'),(150,'Infra Health Quotien-2016-01-07 18:12:53','Infra Health Quotient','Infra Health Quotient','LP',7,NULL,5,'2016-03-17 10:17:17',5,'2016-03-17 10:17:17'),(151,'Sample Parameter-2016-01-07 19:19:38','Sample Parameter','Sample Parameter','LP',7,NULL,5,'2016-03-17 10:17:17',5,'2016-03-17 10:17:17'),(153,'Quality Parameters-2016-01-08 11:46:51','Quality Parameters','Quality Parameters','LP',7,NULL,5,'2016-03-17 10:17:17',5,'2016-03-17 10:17:17'),(154,'Quality Parameters-2016-01-08 12:52:44','Quality Parameters','Quality Parameters','LP',7,NULL,5,'2016-03-17 10:17:17',5,'2016-03-17 10:17:17'),(155,'IT Portfolio Survey - 1','dispaly test','','LP',NULL,NULL,3,'2016-03-18 09:15:49',3,'2016-03-18 09:17:08'),(156,'Maintenance Quotient-2016-01-07 11:32:05 - 20','Maintenance Quotient','Maintenance Quotient','LP',7,126,3,'2016-03-18 09:25:44',3,'2016-03-18 09:25:44'),(157,'IT Portfolio Survey - 13','dispaly test','','LP',7,NULL,3,'2016-03-18 09:31:49',3,'2016-03-18 09:31:49'),(158,'Business Benefits-2016-01-06 17:48:06 - 2016-','Business Benefits','Business Benefits','LP',7,116,3,'2016-03-18 09:31:56',3,'2016-03-18 09:31:56'),(159,'FQ 1-2015-08-14 09:50:22 - 2016-03-18gfghgdfg','FQ 1','','AP',1,83,3,'2016-03-18 09:49:40',3,'2016-03-18 09:49:40'),(160,'Test1 Param','Display of Test1','','AP',NULL,NULL,3,'2016-03-18 09:53:37',3,'2016-03-18 09:53:37'),(161,'Test1 Param1','Display of Test1','','AP',NULL,NULL,3,'2016-03-18 09:53:37',3,'2016-03-18 10:57:25'),(162,'TS Test 01','Business Criticality','Assess the business criticality of an application','LP',NULL,NULL,3,'2016-03-18 10:11:59',3,'2016-03-18 10:12:55'),(163,'TS Test 01 for The V01','Business Criticality','Assess the business criticality of an application','LP',NULL,162,3,'2016-03-18 10:14:55',3,'2016-03-18 10:14:55'),(166,'Business Benefits-2016-01-06 17:48:','Business Benefits','Business Benefits','LP',7,158,3,'2016-03-18 11:11:41',3,'2016-03-18 11:11:41'),(168,'Business Benefits-2016-01-06 1','Business Benefits','Business Benefits','LP',7,158,3,'2016-03-18 11:11:48',3,'2016-03-30 12:09:46'),(169,'Cloud Readiness Inde-2016-01-07 11:33:03 - 20','Cloud Readiness Index','Cloud Readiness Index','LP',7,130,3,'2016-03-18 11:12:03',3,'2016-03-18 11:13:58'),(173,'Business Benefits-2016-01-06 17:48: - 2016-03','Business Benefits','Business Benefits','LP',7,166,3,'2016-03-18 11:45:24',3,'2016-03-18 11:45:24'),(176,'Business Benefits-2016-01-06 17:48: - 2043434','Business Benefits','Business Benefits','LP',7,173,3,'2016-03-18 11:50:28',3,'2016-03-18 11:50:28'),(177,'IT Portfolio Survey - 1','dispaly test','','LP',7,NULL,3,'2016-03-30 12:10:08',3,'2016-03-30 12:10:08'),(178,'IT Portfolio Survey - 54','dispaly test','','LP',7,NULL,3,'2016-03-30 12:10:12',3,'2016-03-30 12:10:12'),(179,'IT Portfolio Survey - 568','dispaly test','','LP',7,NULL,3,'2016-03-30 12:10:17',3,'2016-03-30 12:10:17'),(180,'Rootparameter1','Rootparameter1','Rootparameter1','AP',5,NULL,10,'2016-04-01 13:58:53',10,'2016-04-01 13:58:53'),(181,'P5','P5','P5','LP',5,NULL,10,'2016-04-06 07:55:51',10,'2016-04-06 07:55:51'),(182,'P6','P6','P6','AP',5,NULL,10,'2016-04-06 07:57:10',10,'2016-04-06 07:57:10'),(183,'P3','P3','P3','AP',5,NULL,10,'2016-04-06 07:57:44',10,'2016-04-06 07:57:44'),(184,'P4','P4','P4','AP',5,NULL,10,'2016-04-06 07:58:15',10,'2016-04-06 07:58:15'),(185,'P1','P1','P1','AP',5,NULL,10,'2016-04-06 07:58:47',10,'2016-04-06 07:58:47'),(186,'P2','P2','P2','LP',5,NULL,10,'2016-04-06 07:59:25',10,'2016-04-06 07:59:25'),(187,'Test at Sunil machine','test by samar','this is the test','LP',7,NULL,3,'2016-04-26 05:04:09',3,'2016-04-26 05:04:09'),(188,'RP1','RP1','','AP',5,NULL,11,'2016-04-29 14:26:42',11,'2016-04-29 14:26:42'),(189,'SunilLP','SunilLP','SunilLP','LP',5,NULL,11,'2016-05-02 08:45:20',11,'2016-05-02 08:45:20'),(190,'SR','SR','SR','AP',5,NULL,11,'2016-05-03 10:52:33',11,'2016-05-03 10:52:33'),(191,'lp12','lp12','lp12','LP',5,NULL,11,'2016-05-03 11:34:09',11,'2016-05-03 11:34:09'),(192,'rp12','rp12','rp12','AP',5,NULL,11,'2016-05-03 11:35:06',11,'2016-05-03 11:37:20'),(193,'NEWAP','NEWAP','NEWAP','AP',5,NULL,11,'2016-05-03 11:38:49',11,'2016-05-03 11:39:48'),(194,'sunil1','sunil1','sunil1','AP',5,NULL,11,'2016-05-03 11:40:44',11,'2016-05-03 11:43:38');
/*!40000 ALTER TABLE `parameter` ENABLE KEYS */;
UNLOCK TABLES;

--
-- Table structure for table `parameter_config`
--

DROP TABLE IF EXISTS `parameter_config`;
/*!40101 SET @saved_cs_client     = @@character_set_client */;
/*!40101 SET character_set_client = utf8 */;
CREATE TABLE `parameter_config` (
  `id` int(11) NOT NULL AUTO_INCREMENT,
  `parameterId` int(11) NOT NULL,
  `parameterConfig` varchar(500) NOT NULL,
  PRIMARY KEY (`id`),
  KEY `pc_parameterId_idx` (`parameterId`),
  CONSTRAINT `pc_parameterId` FOREIGN KEY (`parameterId`) REFERENCES `parameter` (`id`) ON DELETE NO ACTION ON UPDATE NO ACTION
) ENGINE=InnoDB DEFAULT CHARSET=latin1;
/*!40101 SET character_set_client = @saved_cs_client */;

--
-- Dumping data for table `parameter_config`
--

LOCK TABLES `parameter_config` WRITE;
/*!40000 ALTER TABLE `parameter_config` DISABLE KEYS */;
/*!40000 ALTER TABLE `parameter_config` ENABLE KEYS */;
UNLOCK TABLES;

--
-- Table structure for table `parameter_function`
--

DROP TABLE IF EXISTS `parameter_function`;
/*!40101 SET @saved_cs_client     = @@character_set_client */;
/*!40101 SET character_set_client = utf8 */;
CREATE TABLE `parameter_function` (
  `id` int(11) NOT NULL AUTO_INCREMENT,
  `parentParameterId` int(11) NOT NULL,
  `weight` decimal(10,3) NOT NULL,
  `constant` int(11) NOT NULL DEFAULT '1',
  `questionId` int(11) DEFAULT NULL,
  `mandatoryQuestion` tinyint(1) NOT NULL DEFAULT '0',
  `childparameterId` int(11) DEFAULT NULL,
  PRIMARY KEY (`id`),
  UNIQUE KEY `pf_parentParam_que_childParam_uq` (`parentParameterId`,`questionId`,`childparameterId`),
  KEY `parameter_function_parentParameterId_fk_idx` (`parentParameterId`),
  KEY `parameter_function_childParameterId_fk_idx` (`childparameterId`),
  KEY `parameter_function_questionId_fk_idx` (`questionId`),
  CONSTRAINT `parameter_function_childParameterId_fk` FOREIGN KEY (`childparameterId`) REFERENCES `parameter` (`id`) ON DELETE NO ACTION ON UPDATE NO ACTION,
  CONSTRAINT `parameter_function_parentParameterId_fk` FOREIGN KEY (`parentParameterId`) REFERENCES `parameter` (`id`) ON DELETE NO ACTION ON UPDATE NO ACTION,
  CONSTRAINT `parameter_function_questionId_fk` FOREIGN KEY (`questionId`) REFERENCES `question` (`id`) ON DELETE NO ACTION ON UPDATE NO ACTION
) ENGINE=InnoDB AUTO_INCREMENT=350 DEFAULT CHARSET=latin1;
/*!40101 SET character_set_client = @saved_cs_client */;

--
-- Dumping data for table `parameter_function`
--

LOCK TABLES `parameter_function` WRITE;
/*!40000 ALTER TABLE `parameter_function` DISABLE KEYS */;
INSERT INTO `parameter_function` VALUES (77,80,1.500,1,86,0,NULL),(78,80,1.000,1,88,0,NULL),(79,80,1.000,1,90,0,NULL),(80,81,1.000,1,94,0,NULL),(81,81,1.300,1,95,0,NULL),(82,81,0.900,1,96,0,NULL),(83,82,1.000,1,106,0,NULL),(84,82,1.000,1,109,0,NULL),(85,82,1.000,1,110,0,NULL),(86,84,1.000,1,NULL,0,85),(87,85,1.000,1,87,0,NULL),(88,85,1.000,1,88,0,NULL),(89,85,1.000,1,89,0,NULL),(90,80,1.000,1,102,0,NULL),(91,80,1.000,1,104,0,NULL),(92,80,1.000,1,93,0,NULL),(93,87,3.000,1,86,0,NULL),(94,87,1.000,1,87,0,NULL),(95,87,1.000,1,88,0,NULL),(96,83,1.000,1,NULL,0,89),(97,83,1.000,1,NULL,0,90),(98,89,2.000,1,86,0,NULL),(99,89,1.000,1,87,0,NULL),(100,91,1.000,1,86,0,NULL),(101,91,1.000,1,87,0,NULL),(102,91,1.000,1,88,0,NULL),(103,92,1.000,1,123,1,NULL),(104,92,1.000,1,128,1,NULL),(105,93,2.000,1,112,0,NULL),(106,93,3.000,1,115,0,NULL),(107,93,0.500,1,116,0,NULL),(108,94,1.000,1,117,0,NULL),(109,94,1.500,1,118,0,NULL),(110,94,0.500,1,120,0,NULL),(111,95,2.000,1,107,0,NULL),(112,95,1.000,1,110,0,NULL),(113,96,1.000,1,113,1,NULL),(114,96,1.000,1,118,0,NULL),(115,96,1.000,1,121,1,NULL),(116,96,1.000,1,122,1,NULL),(117,96,1.000,1,124,1,NULL),(118,96,1.000,1,114,0,NULL),(119,97,1.000,1,86,0,NULL),(120,97,1.000,1,87,0,NULL),(121,97,1.000,1,88,0,NULL),(122,97,1.000,1,89,0,NULL),(123,98,1.000,1,86,0,NULL),(124,98,1.000,1,87,0,NULL),(125,98,1.000,1,88,0,NULL),(126,99,1.000,1,NULL,0,100),(127,100,1.000,1,94,0,NULL),(128,100,1.000,1,95,0,NULL),(129,100,1.000,1,96,0,NULL),(130,101,1.000,1,129,1,NULL),(131,102,1.000,1,135,0,NULL),(132,103,1.000,1,131,0,NULL),(133,103,1.000,1,132,0,NULL),(134,103,1.000,1,133,0,NULL),(135,103,1.000,1,134,0,NULL),(136,103,1.000,1,136,0,NULL),(138,104,1.000,1,130,0,NULL),(139,105,1.000,1,89,1,NULL),(140,105,1.000,1,90,1,NULL),(141,105,1.000,1,91,0,NULL),(142,105,1.000,1,92,0,NULL),(143,106,1.000,1,86,1,NULL),(144,106,1.000,1,87,1,NULL),(145,106,1.000,1,88,0,NULL),(146,102,1.000,1,87,0,NULL),(164,114,1.000,1,171,1,NULL),(165,114,1.000,1,173,1,NULL),(166,114,1.000,1,174,1,NULL),(167,114,1.000,1,172,1,NULL),(186,111,1.000,1,148,0,NULL),(192,111,1.000,1,175,0,NULL),(194,115,1.000,1,184,1,NULL),(195,115,1.000,1,185,1,NULL),(196,115,1.000,1,176,1,NULL),(197,115,1.000,1,177,1,NULL),(198,115,1.000,1,178,1,NULL),(199,115,1.000,1,179,1,NULL),(200,115,1.000,1,180,1,NULL),(201,115,1.000,1,181,1,NULL),(203,115,1.000,1,182,1,NULL),(204,116,1.000,1,187,1,NULL),(205,116,1.000,1,188,1,NULL),(206,111,1.000,1,189,1,NULL),(207,111,1.000,1,147,1,NULL),(209,121,5.000,1,138,1,NULL),(210,121,5.000,1,157,1,NULL),(211,121,5.000,1,158,1,NULL),(212,122,5.000,1,168,1,NULL),(213,122,5.000,1,170,1,NULL),(214,122,4.000,1,162,1,NULL),(215,123,5.000,1,170,1,NULL),(216,123,1.000,1,190,1,NULL),(217,130,7.000,1,178,1,NULL),(218,130,4.000,1,176,1,NULL),(219,131,6.000,1,187,1,NULL),(220,131,3.000,1,188,1,NULL),(221,125,7.000,1,168,1,NULL),(222,125,4.000,1,158,1,NULL),(223,126,9.000,1,191,1,NULL),(224,126,4.000,1,159,1,NULL),(225,127,9.000,1,158,1,NULL),(226,127,5.000,1,169,1,NULL),(227,124,1.000,1,145,1,NULL),(228,124,1.000,1,192,1,NULL),(229,138,7.000,1,179,1,NULL),(230,138,6.000,1,181,1,NULL),(231,138,5.000,1,182,1,NULL),(232,132,7.000,1,144,1,NULL),(234,134,9.000,1,138,1,NULL),(235,134,7.000,1,140,1,NULL),(237,139,6.000,1,174,1,NULL),(238,139,6.000,1,175,1,NULL),(239,136,7.000,1,153,1,NULL),(240,136,6.000,1,154,1,NULL),(241,133,8.000,1,145,1,NULL),(242,133,6.000,1,194,1,NULL),(243,135,7.000,1,174,1,NULL),(245,135,6.000,1,104,1,NULL),(247,137,1.000,1,193,1,NULL),(248,137,1.000,1,152,1,NULL),(249,110,7.000,1,138,1,NULL),(250,110,5.000,1,139,1,NULL),(251,132,6.000,1,195,1,NULL),(252,140,5.000,1,86,1,NULL),(253,140,6.000,1,88,1,NULL),(254,141,5.000,1,93,1,NULL),(255,141,3.000,1,94,1,NULL),(256,141,2.000,1,95,1,NULL),(258,153,6.000,1,197,1,NULL),(259,153,5.000,1,198,1,NULL),(260,154,6.000,1,199,1,NULL),(261,154,6.000,1,200,1,NULL),(262,140,7.000,1,138,1,NULL),(263,116,0.000,0,187,1,NULL),(264,116,1.000,0,188,1,NULL),(265,116,0.000,0,187,1,NULL),(266,116,1.000,0,188,1,NULL),(267,116,0.000,0,187,1,NULL),(268,116,1.000,0,188,1,NULL),(269,149,0.600,0,86,1,NULL),(270,149,0.300,0,87,0,NULL),(271,149,0.600,0,86,1,NULL),(272,149,0.400,0,87,0,NULL),(273,155,1.000,0,86,1,NULL),(274,155,0.000,0,87,0,NULL),(275,156,0.000,0,159,1,NULL),(276,156,1.000,0,191,1,NULL),(277,157,1.000,0,86,0,NULL),(278,157,0.000,0,87,1,NULL),(279,158,0.000,0,187,1,NULL),(280,158,1.000,0,188,1,NULL),(281,159,1.000,0,NULL,0,89),(282,159,0.000,0,NULL,0,90),(283,160,1.000,0,NULL,0,155),(284,161,1.000,0,NULL,0,155),(285,162,0.300,0,138,0,NULL),(286,162,0.200,0,156,0,NULL),(287,162,0.500,0,159,0,NULL),(288,163,0.300,0,138,0,NULL),(289,163,0.300,0,156,0,NULL),(290,163,0.400,0,159,0,NULL),(291,166,0.000,0,187,1,NULL),(292,166,1.000,0,188,1,NULL),(293,168,0.000,0,187,1,NULL),(294,168,1.000,0,188,1,NULL),(295,169,0.000,0,176,1,NULL),(296,169,1.000,0,178,1,NULL),(297,173,0.000,0,187,1,NULL),(298,173,1.000,0,188,1,NULL),(299,176,0.000,0,187,1,NULL),(300,176,1.000,0,188,1,NULL),(301,177,1.000,0,86,1,NULL),(302,177,0.000,0,87,0,NULL),(303,178,1.000,0,86,1,NULL),(304,178,0.000,0,87,0,NULL),(305,179,1.000,0,86,1,NULL),(306,179,0.000,0,87,0,NULL),(307,180,0.500,0,NULL,0,155),(308,180,0.200,0,NULL,0,160),(309,181,0.500,0,86,0,NULL),(310,181,0.500,0,87,0,NULL),(311,182,1.000,0,NULL,0,181),(312,183,1.000,0,NULL,0,181),(313,184,1.000,0,NULL,0,182),(314,185,0.500,0,NULL,0,183),(315,185,0.500,0,NULL,0,184),(316,186,0.500,0,86,0,NULL),(317,186,0.500,0,87,0,NULL),(318,187,0.200,0,87,1,NULL),(319,187,0.100,0,88,0,NULL),(320,188,0.100,0,NULL,0,183),(321,188,0.200,0,NULL,0,184),(322,188,0.300,0,NULL,0,185),(323,188,0.400,0,NULL,0,186),(324,189,0.100,0,86,0,NULL),(325,189,0.200,0,87,0,NULL),(326,189,0.300,0,88,0,NULL),(327,189,0.400,0,89,0,NULL),(328,190,0.500,0,NULL,0,183),(329,190,0.200,0,NULL,0,184),(330,190,0.300,0,NULL,0,185),(331,191,0.500,0,86,0,NULL),(332,191,0.500,0,87,0,NULL),(336,192,0.300,0,NULL,0,184),(337,192,0.300,0,NULL,0,185),(338,192,0.400,0,NULL,0,191),(340,193,0.100,0,NULL,0,184),(341,193,0.200,0,NULL,0,189),(342,193,0.300,0,NULL,0,191),(343,193,0.400,0,NULL,0,192),(347,194,0.300,0,NULL,0,163),(348,194,0.300,0,NULL,0,180),(349,194,0.400,0,NULL,0,189);
/*!40000 ALTER TABLE `parameter_function` ENABLE KEYS */;
UNLOCK TABLES;

--
-- Table structure for table `quality_gate`
--

DROP TABLE IF EXISTS `quality_gate`;
/*!40101 SET @saved_cs_client     = @@character_set_client */;
/*!40101 SET character_set_client = utf8 */;
CREATE TABLE `quality_gate` (
  `id` int(11) NOT NULL AUTO_INCREMENT,
  `name` varchar(45) NOT NULL,
  `assetTypeId` int(11) NOT NULL,
  `workspaceId` int(11) DEFAULT NULL,
  `createdBy` int(11) NOT NULL,
  `createdDate` timestamp NOT NULL DEFAULT CURRENT_TIMESTAMP ON UPDATE CURRENT_TIMESTAMP,
  `updatedBy` int(11) NOT NULL,
  `updatedDate` timestamp NOT NULL DEFAULT CURRENT_TIMESTAMP ON UPDATE CURRENT_TIMESTAMP,
  PRIMARY KEY (`id`),
  UNIQUE KEY `qg_assetType_parameter_workspace_uq` (`assetTypeId`,`workspaceId`,`name`),
  KEY `qg_assetType_fk_idx` (`assetTypeId`),
  KEY `qg_workspace_fk_idx` (`workspaceId`),
  KEY `qg_createdBy_fk_idx` (`createdBy`),
  KEY `qg_updatedBy_fk_idx` (`updatedBy`),
  CONSTRAINT `qg_assetType_fk` FOREIGN KEY (`assetTypeId`) REFERENCES `asset_type` (`id`) ON DELETE NO ACTION ON UPDATE NO ACTION,
  CONSTRAINT `qg_createdBy_fk` FOREIGN KEY (`createdBy`) REFERENCES `user` (`id`) ON DELETE NO ACTION ON UPDATE NO ACTION,
  CONSTRAINT `qg_updatedBy_fk` FOREIGN KEY (`updatedBy`) REFERENCES `user` (`id`) ON DELETE NO ACTION ON UPDATE NO ACTION,
  CONSTRAINT `qg_workspace_fk` FOREIGN KEY (`workspaceId`) REFERENCES `workspace` (`id`) ON DELETE NO ACTION ON UPDATE NO ACTION
) ENGINE=InnoDB AUTO_INCREMENT=10 DEFAULT CHARSET=latin1;
/*!40101 SET character_set_client = @saved_cs_client */;

--
-- Dumping data for table `quality_gate`
--

LOCK TABLES `quality_gate` WRITE;
/*!40000 ALTER TABLE `quality_gate` DISABLE KEYS */;
/*!40000 ALTER TABLE `quality_gate` ENABLE KEYS */;
UNLOCK TABLES;

--
-- Table structure for table `quality_gate_condition`
--

DROP TABLE IF EXISTS `quality_gate_condition`;
/*!40101 SET @saved_cs_client     = @@character_set_client */;
/*!40101 SET character_set_client = utf8 */;
CREATE TABLE `quality_gate_condition` (
  `id` int(11) NOT NULL AUTO_INCREMENT,
  `qualityGateId` int(11) NOT NULL,
  `parameterId` int(11) NOT NULL,
  `weight` decimal(10,3) NOT NULL,
  `gateCondition` varchar(45) NOT NULL,
  `conditionValues` text,
  `createdBy` int(11) NOT NULL,
  `createdDate` timestamp NOT NULL DEFAULT CURRENT_TIMESTAMP,
  `updatedBy` int(11) NOT NULL,
  `updatedDate` timestamp NOT NULL DEFAULT CURRENT_TIMESTAMP,
  PRIMARY KEY (`id`),
  KEY `qgc_parameter_fk_idx` (`parameterId`),
  KEY `qgc_qg_fk_idx` (`qualityGateId`),
  KEY `qgc_createdBy_fk_idx` (`createdBy`),
  KEY `qgc_updatedBy_fk_idx` (`updatedBy`),
  CONSTRAINT `qgc_createdBy_fk` FOREIGN KEY (`createdBy`) REFERENCES `user` (`id`) ON DELETE NO ACTION ON UPDATE NO ACTION,
  CONSTRAINT `qgc_parameter_fk` FOREIGN KEY (`parameterId`) REFERENCES `parameter` (`id`) ON DELETE NO ACTION ON UPDATE NO ACTION,
  CONSTRAINT `qgc_qg_fk` FOREIGN KEY (`qualityGateId`) REFERENCES `quality_gate` (`id`) ON DELETE NO ACTION ON UPDATE NO ACTION,
  CONSTRAINT `qgc_updatedBy_fk` FOREIGN KEY (`updatedBy`) REFERENCES `user` (`id`) ON DELETE NO ACTION ON UPDATE NO ACTION
) ENGINE=InnoDB AUTO_INCREMENT=5 DEFAULT CHARSET=latin1;
/*!40101 SET character_set_client = @saved_cs_client */;

--
-- Dumping data for table `quality_gate_condition`
--

LOCK TABLES `quality_gate_condition` WRITE;
/*!40000 ALTER TABLE `quality_gate_condition` DISABLE KEYS */;
/*!40000 ALTER TABLE `quality_gate_condition` ENABLE KEYS */;
UNLOCK TABLES;

--
-- Table structure for table `question`
--

DROP TABLE IF EXISTS `question`;
/*!40101 SET @saved_cs_client     = @@character_set_client */;
/*!40101 SET character_set_client = utf8 */;
CREATE TABLE `question` (
  `id` int(11) NOT NULL AUTO_INCREMENT,
  `parentQuesId` int(11) DEFAULT NULL,
  `questionMode` varchar(20) NOT NULL,
  `title` text NOT NULL,
  `displayName` varchar(256) NOT NULL,
  `helpText` text,
  `workspaceId` int(11) DEFAULT NULL,
  `questionType` varchar(10) NOT NULL,
  `queTypeText` text,
  `level` smallint(6) NOT NULL,
  `questionCategoryId` int(11) DEFAULT NULL,
  `createdBy` int(11) NOT NULL,
  `createdDate` timestamp NOT NULL DEFAULT CURRENT_TIMESTAMP ON UPDATE CURRENT_TIMESTAMP,
  `updatedBy` int(11) NOT NULL,
  `updatedDate` timestamp NOT NULL DEFAULT CURRENT_TIMESTAMP ON UPDATE CURRENT_TIMESTAMP,
  PRIMARY KEY (`id`),
  UNIQUE KEY `ques_workspace_displayName_uq` (`workspaceId`,`displayName`),
  KEY `QUESTIONNAIRE_WORKSPACE_ID_FK_idx` (`workspaceId`),
  KEY `QUESTIONNAIRE_CREATED_BY_FK_idx` (`createdBy`),
  KEY `QUESTIONNAIRE_UPDATED_BY_FK_idx` (`updatedBy`),
  KEY `question_questioncategoryid_categoryid_idx` (`questionCategoryId`),
  KEY `ques_quesId_fk_idx` (`parentQuesId`),
  CONSTRAINT `QUESTIONNAIRE_CREATED_BY_FK` FOREIGN KEY (`createdBy`) REFERENCES `user` (`id`) ON DELETE NO ACTION ON UPDATE NO ACTION,
  CONSTRAINT `QUESTIONNAIRE_UPDATED_BY_FK` FOREIGN KEY (`updatedBy`) REFERENCES `user` (`id`) ON DELETE NO ACTION ON UPDATE NO ACTION,
  CONSTRAINT `QUESTIONNAIRE_WORKSPACE_ID_FK` FOREIGN KEY (`workspaceId`) REFERENCES `workspace` (`id`) ON DELETE NO ACTION ON UPDATE NO ACTION,
  CONSTRAINT `ques_quesId_fk` FOREIGN KEY (`parentQuesId`) REFERENCES `question` (`id`) ON DELETE NO ACTION ON UPDATE NO ACTION,
  CONSTRAINT `question_questioncategoryid_categoryid` FOREIGN KEY (`questionCategoryId`) REFERENCES `category` (`id`) ON DELETE NO ACTION ON UPDATE NO ACTION
) ENGINE=InnoDB AUTO_INCREMENT=203 DEFAULT CHARSET=latin1;
/*!40101 SET character_set_client = @saved_cs_client */;

--
-- Dumping data for table `question`
--

LOCK TABLES `question` WRITE;
/*!40000 ALTER TABLE `question` DISABLE KEYS */;
INSERT INTO `question` VALUES (86,NULL,'FIXED','Please list the number of functions or business processes supported by the application? ','Please list the number of functions or business pr-2015-08-13 18:56:43','',NULL,'MULTCHOICE','{\"options\":[{\"sequenceNumber\":1,\"quantifier\":1.0,\"text\":\"0 - Only Supports peripherals\"},{\"sequenceNumber\":2,\"quantifier\":3.0,\"text\":\"1-2\"},{\"sequenceNumber\":3,\"quantifier\":5.0,\"text\":\"3-5\"},{\"sequenceNumber\":4,\"quantifier\":10.0,\"text\":\"6-10\"}],\"otherOption\":false}',1,5,2,'2016-03-17 10:19:58',5,'2016-03-17 10:19:58'),(87,NULL,'FIXED','What is the type of application?','What is the type of application?-2015-08-13 18:59:16','',NULL,'MULTCHOICE','{\"options\":[{\"sequenceNumber\":1,\"quantifier\":3.0,\"text\":\"In house developed application\"},{\"sequenceNumber\":2,\"quantifier\":2.0,\"text\":\"Packaged application\"},{\"sequenceNumber\":3,\"quantifier\":1.0,\"text\":\"Third party developed application\"},{\"sequenceNumber\":4,\"quantifier\":1.5,\"text\":\"Others\"}],\"otherOption\":false}',1,7,2,'2016-03-17 10:19:58',4,'2016-03-17 10:19:58'),(88,NULL,'FIXED','What is the actual functional coverage vis-ÃƒÆ’Ã‚Â -vis the planned coverage? ','What is the actual functional coverage vis-ÃƒÆ’Ã‚Â -vi-2015-08-13 19:09:16','Please state whether any more business functions/ processes were intended to be covered by this application as part of its implementation scope?',NULL,'MULTCHOICE','{\"options\":[{\"sequenceNumber\":1,\"quantifier\":5.0,\"text\":\"All envisaged functionality covered\"},{\"sequenceNumber\":2,\"quantifier\":3.0,\"text\":\"Core functionality implemented\"},{\"sequenceNumber\":3,\"quantifier\":1.0,\"text\":\"Peripheral functionality implemented\"}]}',1,5,2,'2016-03-17 10:19:58',2,'2016-03-17 10:19:58'),(89,NULL,'FIXED','Are the business functions/ processes supported by this application also supported any other application implemented in this company?  ','Are the business functions/ processes supported by-2015-08-13 19:10:17','',NULL,'MULTCHOICE','{\"options\":[{\"sequenceNumber\":1,\"quantifier\":1.0,\"text\":\"Yes\"},{\"sequenceNumber\":2,\"quantifier\":3.0,\"text\":\"No\"}]}',1,5,2,'2016-03-17 10:19:58',2,'2016-03-17 10:19:58'),(90,NULL,'FIXED','Are there any functionality redundancies / overlap of functionality with other applications? ','Are there any functionality redundancies / overlap-2015-08-13 19:12:15','',NULL,'MULTCHOICE','{\"options\":[{\"sequenceNumber\":1,\"quantifier\":1.0,\"text\":\"Significant overlap in functionality\"},{\"sequenceNumber\":2,\"quantifier\":3.0,\"text\":\"Minor functionality overlap\"},{\"sequenceNumber\":3,\"quantifier\":5.0,\"text\":\"No functionality overlap\"}]}',1,5,2,'2016-03-17 10:19:58',2,'2016-03-17 10:19:58'),(91,NULL,'FIXED','How would you rate the ability of the application to support ad-hoc reporting requirements?','How would you rate the ability of the application -2015-08-13 19:14:57','',NULL,'MULTCHOICE','{\"options\":[{\"sequenceNumber\":1,\"quantifier\":5.0,\"text\":\"The application is flexible and is easy to obtain ad-hoc reports\"},{\"sequenceNumber\":2,\"quantifier\":3.0,\"text\":\"The application is not very flexible and support from IT is required for ad-hoc reporting\"},{\"sequenceNumber\":3,\"quantifier\":1.0,\"text\":\"Code level changes are required to support ad-hoc reporting requirements\"}]}',1,5,2,'2016-03-17 10:19:58',2,'2016-03-17 10:19:58'),(92,NULL,'FIXED','How would you rate the ability of the application to meet the overall current needs of users?','How would you rate the ability of the application -2015-08-13 19:18:16','',NULL,'MULTCHOICE','{\"options\":[{\"sequenceNumber\":1,\"quantifier\":1.0,\"text\":\"New application required\"},{\"sequenceNumber\":2,\"quantifier\":4.0,\"text\":\"Major enhancement required\"},{\"sequenceNumber\":3,\"quantifier\":6.0,\"text\":\"Significant modifications required\"},{\"sequenceNumber\":4,\"quantifier\":8.0,\"text\":\"Minor Modifications required\"},{\"sequenceNumber\":5,\"quantifier\":10.0,\"text\":\"Acceptable as it is\"}],\"otherOption\":false}',1,5,2,'2016-03-17 10:19:58',5,'2016-03-17 10:19:58'),(93,NULL,'FIXED','What are the names of the modules / sub systems within the application?','What are the names of the modules / sub systems wi-2015-08-13 19:49:41','',NULL,'PARATEXT',NULL,1,7,2,'2016-03-17 10:19:58',2,'2016-03-17 10:19:58'),(94,NULL,'FIXED','What is the level of integration with other applications? ','What is the level of integration with other applic-2015-08-13 19:50:47','',NULL,'MULTCHOICE','{\"options\":[{\"sequenceNumber\":1,\"quantifier\":3.0,\"text\":\"Yes\"},{\"sequenceNumber\":2,\"quantifier\":1.0,\"text\":\"No\"}]}',1,7,2,'2016-03-17 10:19:58',2,'2016-03-17 10:19:58'),(95,NULL,'FIXED','Does the application import or export data to other applications? ','Does the application import or export data to othe-2015-08-13 19:51:50','',NULL,'MULTCHOICE','{\"options\":[{\"sequenceNumber\":1,\"quantifier\":3.0,\"text\":\"Yes\"},{\"sequenceNumber\":2,\"quantifier\":1.0,\"text\":\"No\"}]}',1,7,2,'2016-03-17 10:19:58',2,'2016-03-17 10:19:58'),(96,NULL,'FIXED','Is the application centrally deployed or is it distributed?','Is the application centrally deployed or is it dis-2015-08-13 19:52:50','',NULL,'MULTCHOICE','{\"options\":[{\"sequenceNumber\":1,\"quantifier\":3.0,\"text\":\"Centrally\"},{\"sequenceNumber\":2,\"quantifier\":1.0,\"text\":\"Distributed\"},{\"sequenceNumber\":3,\"quantifier\":2.0,\"text\":\"Others\"}]}',1,7,2,'2016-03-17 10:19:58',2,'2016-03-17 10:19:58'),(97,NULL,'FIXED','If distributed how is data synchronized across multiple locations?','If distributed how is data synchronized across mul-2015-08-13 19:54:37','',NULL,'MULTCHOICE','{\"options\":[{\"sequenceNumber\":1,\"quantifier\":5.0,\"text\":\"Real time synchronization\"},{\"sequenceNumber\":2,\"quantifier\":3.0,\"text\":\"Day end batch synchronization\"},{\"sequenceNumber\":3,\"quantifier\":-3.0,\"text\":\"No data synchronization\"},{\"sequenceNumber\":4,\"quantifier\":0.0,\"text\":\"Others\"}]}',1,7,2,'2016-03-17 10:19:58',2,'2016-03-17 10:19:58'),(98,NULL,'FIXED','What are the response times of the application during the day / week? ','What are the response times of the application dur-2015-08-13 19:58:03','',NULL,'MULTCHOICE','{\"options\":[{\"sequenceNumber\":1,\"quantifier\":5.0,\"text\":\"< 1 sec\"},{\"sequenceNumber\":2,\"quantifier\":3.0,\"text\":\"2 - 4\"},{\"sequenceNumber\":3,\"quantifier\":0.0,\"text\":\">5 sec\"}]}',1,7,2,'2016-03-17 10:19:58',2,'2016-03-17 10:19:58'),(99,NULL,'FIXED','What is the usage of system resources by the application?','What is the usage of system resources by the appli-2015-08-13 20:00:13','',NULL,'MULTCHOICE','{\"options\":[{\"sequenceNumber\":1,\"quantifier\":1.0,\"text\":\"The application is very resource intensive and significant changes are required to make the application more efficient\"},{\"sequenceNumber\":2,\"quantifier\":3.0,\"text\":\"The application is resource intensive but minor changes are required to make the application more efficient\"},{\"sequenceNumber\":3,\"quantifier\":5.0,\"text\":\"The application uses resources optimally and does not load other IT resources\"}]}',1,7,2,'2016-03-17 10:19:58',2,'2016-03-17 10:19:58'),(100,NULL,'FIXED','Has the application design considered good practices like following open architectures and standards etc.? Please provide a list of good practices followed.','Has the application design considered good practic-2015-08-13 20:02:47','',NULL,'MULTCHOICE','{\"options\":[{\"sequenceNumber\":1,\"quantifier\":3.0,\"text\":\"Yes\"},{\"sequenceNumber\":2,\"quantifier\":1.0,\"text\":\"No\"}]}',1,7,2,'2016-03-17 10:19:58',2,'2016-03-17 10:19:58'),(101,NULL,'FIXED','How easily can the application be ported from the current environment to a new environment?','How easily can the application be ported from the -2015-08-13 20:04:12','',NULL,'MULTCHOICE','{\"options\":[{\"sequenceNumber\":1,\"quantifier\":1.0,\"text\":\"The application would need to be designed and developed once again\"},{\"sequenceNumber\":2,\"quantifier\":3.0,\"text\":\"Major modifications would be required to port the application to another platform\"},{\"sequenceNumber\":3,\"quantifier\":5.0,\"text\":\"Minor modifications would be required to port the application\"}]}',1,7,2,'2016-03-17 10:19:58',2,'2016-03-17 10:19:58'),(102,NULL,'FIXED','What are the modelling tools used for designing the system?','What are the modelling tools used for designing th-2015-08-13 20:06:24','',NULL,'CHECKBOXES','{\"options\":[{\"sequenceNumber\":1,\"quantifier\":2.0,\"text\":\"Rational Rose\"},{\"sequenceNumber\":2,\"quantifier\":2.0,\"text\":\"Erwin\"},{\"sequenceNumber\":3,\"quantifier\":1.0,\"text\":\"Designer 2000\"},{\"sequenceNumber\":4,\"quantifier\":3.0,\"text\":\"System Architect\"},{\"sequenceNumber\":5,\"quantifier\":1.5,\"text\":\"Others\"}]}',1,7,2,'2016-03-17 10:19:58',2,'2016-03-17 10:19:58'),(103,NULL,'FIXED','Please state the level of vendor support for the tools deployed?','Please state the level of vendor support for the t-2015-08-13 20:08:26','',NULL,'MULTCHOICE','{\"options\":[{\"sequenceNumber\":1,\"quantifier\":4.0,\"text\":\"On site 24X7 support\"},{\"sequenceNumber\":2,\"quantifier\":3.0,\"text\":\"On site only during office hours\"},{\"sequenceNumber\":3,\"quantifier\":5.0,\"text\":\"On call\"},{\"sequenceNumber\":4,\"quantifier\":2.0,\"text\":\"Off shore monitoring & onsite remedial\"},{\"sequenceNumber\":5,\"quantifier\":1.0,\"text\":\"No support\"}]}',1,7,2,'2016-03-17 10:19:58',2,'2016-03-17 10:19:58'),(104,NULL,'FIXED','What is the type of production support? ','What is the type of production support? -2015-08-13 20:11:17','',NULL,'CHECKBOXES','{\"options\":[{\"sequenceNumber\":1,\"quantifier\":2.0,\"text\":\"Helpdesk\"},{\"sequenceNumber\":2,\"quantifier\":3.0,\"text\":\"Hands-on support to some of the production activities like generating MIS reports\"},{\"sequenceNumber\":3,\"quantifier\":2.0,\"text\":\"batch execution\"},{\"sequenceNumber\":4,\"quantifier\":1.0,\"text\":\"System maintenance support to maintain application\"}]}',1,7,2,'2016-03-17 10:19:58',2,'2016-03-17 10:19:58'),(105,NULL,'FIXED','Does the application have IPR issues that may be a hindrance for outsourcing?','Does the application have IPR issues that may be a-2015-08-13 20:16:40','',NULL,'MULTCHOICE','{\"options\":[{\"sequenceNumber\":1,\"quantifier\":1.0,\"text\":\"Yes\"},{\"sequenceNumber\":2,\"quantifier\":3.0,\"text\":\"No\"}]}',1,8,2,'2016-03-17 10:19:58',2,'2016-03-17 10:19:58'),(106,NULL,'FIXED','Does the application have any licensing issues that could be a hindrance in migrating offshore? If yes, please provide details.','Does the application have any licensing issues tha-2015-08-13 20:23:17','',NULL,'MULTCHOICE','{\"options\":[{\"sequenceNumber\":1,\"quantifier\":10.0,\"text\":\"Yes\"},{\"sequenceNumber\":2,\"quantifier\":3.0,\"text\":\"No\"}],\"otherOption\":false}',1,8,2,'2016-03-17 10:19:58',3,'2016-03-17 10:19:58'),(107,NULL,'FIXED','For the change control  process also ascertain whether the: ','For the change control  process also ascertain whe-2015-08-13 20:28:19','',NULL,'MULTCHOICE','{\"options\":[{\"sequenceNumber\":1,\"quantifier\":5.0,\"text\":\"Process defined\"},{\"sequenceNumber\":2,\"quantifier\":4.0,\"text\":\"documented and followed consistently\"},{\"sequenceNumber\":3,\"quantifier\":3.0,\"text\":\"Process defined\"},{\"sequenceNumber\":4,\"quantifier\":1.0,\"text\":\"documented but not followed consistently\"}]}',1,8,2,'2016-03-17 10:19:58',2,'2016-03-17 10:19:58'),(108,NULL,'FIXED','Are change request registers maintained and updated regularly? ','Are change request registers maintained and update-2015-08-13 20:29:18','',NULL,'MULTCHOICE','{\"options\":[{\"sequenceNumber\":1,\"quantifier\":5.0,\"text\":\"Change request registers are maintained and updated with all change requests\"},{\"sequenceNumber\":2,\"quantifier\":3.0,\"text\":\"Change request registers are maintained but only some change requests are logged\"},{\"sequenceNumber\":3,\"quantifier\":1.0,\"text\":\"Change request registers are not maintained\"}]}',3,8,2,'2016-03-17 10:19:58',2,'2016-03-17 10:19:58'),(109,NULL,'FIXED','What % of application budget is allocated for third party service providers?','What % of application budget is allocated for thir-2015-08-13 20:31:46','',NULL,'MULTCHOICE','{\"options\":[{\"sequenceNumber\":1,\"quantifier\":1.0,\"text\":\"< 5%\"},{\"sequenceNumber\":2,\"quantifier\":3.0,\"text\":\"5 - 15%\"},{\"sequenceNumber\":3,\"quantifier\":5.0,\"text\":\"15 - 30%\"},{\"sequenceNumber\":4,\"quantifier\":6.0,\"text\":\"> 30%\"}]}',3,8,2,'2016-03-17 10:19:58',2,'2016-03-17 10:19:58'),(110,NULL,'FIXED','Are documentation standards clearly defined?  Are these standards diligently followed while making enhancements/ changes?','Are documentation standards clearly defined?  Are -2015-08-13 20:33:56','',NULL,'MULTCHOICE','{\"options\":[{\"sequenceNumber\":1,\"quantifier\":5.0,\"text\":\"Documentation standards defined and followed\"},{\"sequenceNumber\":2,\"quantifier\":3.0,\"text\":\"Documentation standards defined but not followed\"},{\"sequenceNumber\":3,\"quantifier\":1.0,\"text\":\"Documentation standards not defined\"}]}',3,8,2,'2016-03-17 10:19:58',2,'2016-03-17 10:19:58'),(111,NULL,'FIXED','what is your next week looking like','what is your next week looking like-2015-08-14 09:48:41','',NULL,'MULTCHOICE','{\"options\":[{\"sequenceNumber\":1,\"quantifier\":2.0,\"text\":\"Option 0\"},{\"sequenceNumber\":2,\"quantifier\":5.0,\"text\":\"Option 1\"},{\"sequenceNumber\":3,\"quantifier\":6.0,\"text\":\"Option 2\"},{\"sequenceNumber\":4,\"quantifier\":8.0,\"text\":\"Option 4\"}],\"otherOption\":false}',1,NULL,2,'2016-03-17 10:19:58',3,'2016-03-17 10:19:58'),(112,NULL,'FIXED','Please select the application type','Please select the application type-2015-09-23 13:52:41','',5,'MULTCHOICE','{\"options\":[{\"sequenceNumber\":1,\"quantifier\":10.0,\"text\":\"Core to Business Process\"},{\"sequenceNumber\":2,\"quantifier\":5.0,\"text\":\"Non-Core to Business Process\"},{\"sequenceNumber\":3,\"quantifier\":3.0,\"text\":\"Tool / Utility\"},{\"sequenceNumber\":4,\"quantifier\":2.0,\"text\":\"Add - on\"},{\"sequenceNumber\":5,\"quantifier\":1.0,\"text\":\"Data Extract\"},{\"sequenceNumber\":6,\"quantifier\":6.0,\"text\":\"Business Intelligence\"}],\"otherOption\":false}',1,5,4,'2016-03-17 10:19:58',4,'2016-03-17 10:19:58'),(113,NULL,'FIXED','Specify the domain to which this application is aligned:','Specify the domain to which this application is al-2015-09-23 13:57:08','If it not aligned to any domain, please select \"Other\" and provide details on what functional area is addressed by the application',5,'MULTCHOICE','{\"options\":[{\"sequenceNumber\":1,\"quantifier\":2.0,\"text\":\"BI\"},{\"sequenceNumber\":2,\"quantifier\":2.0,\"text\":\"Compliance\"},{\"sequenceNumber\":3,\"quantifier\":2.0,\"text\":\"EHS\"},{\"sequenceNumber\":4,\"quantifier\":2.0,\"text\":\"Engineering Ops\"},{\"sequenceNumber\":5,\"quantifier\":2.0,\"text\":\"Finance\"},{\"sequenceNumber\":6,\"quantifier\":2.0,\"text\":\"Logistics\"},{\"sequenceNumber\":7,\"quantifier\":2.0,\"text\":\"People HR\"},{\"sequenceNumber\":8,\"quantifier\":2.0,\"text\":\"Quality Ops\"},{\"sequenceNumber\":9,\"quantifier\":2.0,\"text\":\"Supply Chain\"},{\"sequenceNumber\":10,\"quantifier\":2.0,\"text\":\"Portfolio Management\"}],\"otherOption\":true}',3,5,4,'2016-03-17 10:19:58',4,'2016-03-17 10:19:58'),(114,NULL,'FIXED','Provide a brief description of the process/functionality automated by the application','Provide a brief description of the process/functio-2015-09-23 13:58:50','',5,'PARATEXT',NULL,1,5,4,'2016-03-17 10:19:58',4,'2016-03-17 10:19:58'),(115,NULL,'FIXED','Impact of Downtime to Business ','Impact of Downtime to Business -2015-09-23 14:01:29',' Indicate the impact on business if the application fails ',5,'MULTCHOICE','{\"options\":[{\"sequenceNumber\":1,\"quantifier\":10.0,\"text\":\"Severe Impact on Revenue & Business Performance\"},{\"sequenceNumber\":2,\"quantifier\":8.0,\"text\":\"Severe Impact on Revenue\"},{\"sequenceNumber\":3,\"quantifier\":7.0,\"text\":\"Severe Impact on Business Performance\"},{\"sequenceNumber\":4,\"quantifier\":6.0,\"text\":\"Significant Impact on Revenue\"},{\"sequenceNumber\":5,\"quantifier\":5.0,\"text\":\"Significant Impact on Business Performance\"},{\"sequenceNumber\":6,\"quantifier\":4.0,\"text\":\"Minor Impact\"},{\"sequenceNumber\":7,\"quantifier\":1.0,\"text\":\"No Impact\"}],\"otherOption\":false}',1,5,4,'2016-03-17 10:19:58',4,'2016-03-17 10:19:58'),(116,NULL,'FIXED','What is the current Lifecycle Status ','What is the current Lifecycle Status -2015-09-23 14:04:07','',5,'MULTCHOICE','{\"options\":[{\"sequenceNumber\":1,\"quantifier\":10.0,\"text\":\"Invest\"},{\"sequenceNumber\":2,\"quantifier\":8.0,\"text\":\"Retain\"},{\"sequenceNumber\":3,\"quantifier\":6.0,\"text\":\"Migrate\"},{\"sequenceNumber\":4,\"quantifier\":4.0,\"text\":\"Retire\"},{\"sequenceNumber\":5,\"quantifier\":1.0,\"text\":\"Retired\"}],\"otherOption\":false}',1,5,4,'2016-03-17 10:19:58',4,'2016-03-17 10:19:58'),(117,NULL,'FIXED','Application Category','Application Category-2015-09-23 14:08:03','Indicate the type of application ',5,'MULTCHOICE','{\"options\":[{\"sequenceNumber\":1,\"quantifier\":10.0,\"text\":\"COTS\"},{\"sequenceNumber\":2,\"quantifier\":6.0,\"text\":\"Custom\"},{\"sequenceNumber\":3,\"quantifier\":8.0,\"text\":\"Customized COTS\"},{\"sequenceNumber\":4,\"quantifier\":8.0,\"text\":\"Managed Service\"}],\"otherOption\":false}',1,7,4,'2016-03-17 10:19:58',4,'2016-03-17 10:19:58'),(118,NULL,'FIXED','If the application is Packaged Software / COTS/Customized COTS, please specify the vendor name ','If the application is Packaged Software / COTS/Cus-2015-09-23 14:09:02','',5,'TEXT',NULL,1,7,4,'2016-03-17 10:19:58',4,'2016-03-17 10:19:58'),(119,NULL,'FIXED','If the application is Packaged Software / COTS/Customized COTS, please specify the level of customization ','If the application is Packaged Software / COTS/Cus-2015-09-23 14:10:33','',5,'MULTCHOICE','{\"options\":[{\"sequenceNumber\":1,\"quantifier\":2.0,\"text\":\"Very High\"},{\"sequenceNumber\":2,\"quantifier\":4.0,\"text\":\"High\"},{\"sequenceNumber\":3,\"quantifier\":6.0,\"text\":\"Medium\"},{\"sequenceNumber\":4,\"quantifier\":8.0,\"text\":\"Low\"},{\"sequenceNumber\":5,\"quantifier\":10.0,\"text\":\"None\"},{\"sequenceNumber\":6,\"quantifier\":0.0,\"text\":\"N/A\"}],\"otherOption\":false}',1,7,4,'2016-03-17 10:19:58',4,'2016-03-17 10:19:58'),(120,NULL,'FIXED','For Homegrown and Customized COTS applications, please list all programming languages used ','For Homegrown and Customized COTS applications, pl-2015-09-23 14:16:17','',5,'CHECKBOXES','{\"options\":[{\"sequenceNumber\":1,\"quantifier\":5.0,\"text\":\"Java / J2EE\"},{\"sequenceNumber\":2,\"quantifier\":5.0,\"text\":\".Net / Visual Studio\"},{\"sequenceNumber\":3,\"quantifier\":5.0,\"text\":\"Maximo\"},{\"sequenceNumber\":4,\"quantifier\":5.0,\"text\":\"SFDC / Siebel\"},{\"sequenceNumber\":5,\"quantifier\":5.0,\"text\":\"PHP\"},{\"sequenceNumber\":6,\"quantifier\":5.0,\"text\":\"Android\"},{\"sequenceNumber\":7,\"quantifier\":5.0,\"text\":\"iOS\"},{\"sequenceNumber\":8,\"quantifier\":5.0,\"text\":\"HTML 5\"},{\"sequenceNumber\":9,\"quantifier\":5.0,\"text\":\"JavaScript / jQuery / Angular\"},{\"sequenceNumber\":10,\"quantifier\":5.0,\"text\":\"Ruby On Rails\"},{\"sequenceNumber\":11,\"quantifier\":5.0,\"text\":\"Python\"},{\"sequenceNumber\":12,\"quantifier\":5.0,\"text\":\"Scala\"}]}',2,7,4,'2016-03-17 10:19:58',4,'2016-03-17 10:19:58'),(121,NULL,'FIXED','What is the GEO Supported by the Application','What is the GEO Supported by the Application-2015-09-23 14:19:25','',5,'MULTCHOICE','{\"options\":[{\"sequenceNumber\":1,\"quantifier\":1.0,\"text\":\"APAC\"},{\"sequenceNumber\":2,\"quantifier\":1.0,\"text\":\"EMENA\"},{\"sequenceNumber\":3,\"quantifier\":1.0,\"text\":\"Africas\"},{\"sequenceNumber\":4,\"quantifier\":1.0,\"text\":\"Americas\"},{\"sequenceNumber\":5,\"quantifier\":1.0,\"text\":\"Global\"}],\"otherOption\":false}',2,8,4,'2016-03-17 10:19:58',4,'2016-03-17 10:19:58'),(122,NULL,'FIXED','Which Business line does the application support','Which Business line does the application support-2015-09-23 14:23:59','',5,'MULTCHOICE','{\"options\":[{\"sequenceNumber\":1,\"quantifier\":1.0,\"text\":\"Manufacturing Execution\"},{\"sequenceNumber\":2,\"quantifier\":1.0,\"text\":\"Manufacturing Intelligence\"},{\"sequenceNumber\":3,\"quantifier\":1.0,\"text\":\"Engineering Services\"},{\"sequenceNumber\":4,\"quantifier\":1.0,\"text\":\"Distribution and Logistics\"},{\"sequenceNumber\":5,\"quantifier\":1.0,\"text\":\"Lab Operations\"},{\"sequenceNumber\":6,\"quantifier\":1.0,\"text\":\"Global Safety & Environment\"},{\"sequenceNumber\":7,\"quantifier\":1.0,\"text\":\"Quality and Regulatory\"},{\"sequenceNumber\":8,\"quantifier\":1.0,\"text\":\"Supply Chain Management\"}],\"otherOption\":true}',2,5,4,'2016-03-17 10:19:58',4,'2016-03-17 10:19:58'),(123,NULL,'FIXED','What is the TCO to support the application ','What is the TCO to support the application -2015-09-23 14:25:46','Please enter in terms of $/year',5,'NUMBER','{\"min\":0,\"max\":null,\"limitTo\":true}',1,8,4,'2016-03-17 10:19:58',4,'2016-03-17 10:19:58'),(124,NULL,'FIXED','What are the business functions supported by this application','What are the business functions supported by this -2015-09-23 14:30:13','',5,'CHECKBOXES','{\"options\":[{\"sequenceNumber\":1,\"quantifier\":2.0,\"text\":\"Warehouse Management\"},{\"sequenceNumber\":2,\"quantifier\":2.0,\"text\":\"Warehouse Design\"},{\"sequenceNumber\":3,\"quantifier\":2.0,\"text\":\"Inventory Planning\"},{\"sequenceNumber\":4,\"quantifier\":2.0,\"text\":\"Inventory Management\"},{\"sequenceNumber\":5,\"quantifier\":2.0,\"text\":\"Outbound Distribution\"},{\"sequenceNumber\":6,\"quantifier\":2.0,\"text\":\"Transportation Management\"},{\"sequenceNumber\":7,\"quantifier\":2.0,\"text\":\"HR\"},{\"sequenceNumber\":8,\"quantifier\":2.0,\"text\":\"Financials\"},{\"sequenceNumber\":9,\"quantifier\":1.0,\"text\":\"Order Management\"},{\"sequenceNumber\":10,\"quantifier\":0.0,\"text\":\"Vendor Management\"}]}',2,5,4,'2016-03-17 10:19:58',4,'2016-03-17 10:19:58'),(125,NULL,'FIXED','Message Protocols','Message Protocols-2015-09-23 14:39:05','',5,'MULTCHOICE','{\"options\":[{\"sequenceNumber\":1,\"quantifier\":6.0,\"text\":\"SOAP / REST / XML RPC\"},{\"sequenceNumber\":2,\"quantifier\":3.0,\"text\":\"SMTP\"},{\"sequenceNumber\":3,\"quantifier\":4.0,\"text\":\"Action Message Format\"},{\"sequenceNumber\":4,\"quantifier\":5.0,\"text\":\"HTTP\"},{\"sequenceNumber\":5,\"quantifier\":5.0,\"text\":\"JMS\"},{\"sequenceNumber\":6,\"quantifier\":5.0,\"text\":\"MFT\"}],\"otherOption\":false}',1,9,4,'2016-03-17 10:19:58',4,'2016-03-17 10:19:58'),(126,NULL,'FIXED','Message Formats','Message Formats-2015-09-23 14:39:48','',5,'MULTCHOICE','{\"options\":[{\"sequenceNumber\":1,\"quantifier\":4.0,\"text\":\"XML\"},{\"sequenceNumber\":2,\"quantifier\":4.0,\"text\":\"Flat File\"},{\"sequenceNumber\":3,\"quantifier\":4.0,\"text\":\"CSV\"},{\"sequenceNumber\":4,\"quantifier\":4.0,\"text\":\"EDI\"}],\"otherOption\":false}',1,9,4,'2016-03-17 10:19:58',4,'2016-03-17 10:19:58'),(127,NULL,'FIXED','Frequency of data interchange','Frequency of data interchange-2015-09-23 14:40:57','',5,'MULTCHOICE','{\"options\":[{\"sequenceNumber\":1,\"quantifier\":5.0,\"text\":\"Synchronous\"},{\"sequenceNumber\":2,\"quantifier\":3.0,\"text\":\"Asynchronous - Hourly\"},{\"sequenceNumber\":3,\"quantifier\":3.0,\"text\":\"Asynchronous - Daily\"},{\"sequenceNumber\":4,\"quantifier\":2.0,\"text\":\"Asynchronous - Others\"}],\"otherOption\":false}',2,9,4,'2016-03-17 10:19:58',4,'2016-03-17 10:19:58'),(128,NULL,'FIXED','What is the Infrastructure Cost','What is the Infrastructure Cost-2015-09-23 14:53:16','please specify in $/year',5,'NUMBER','{\"min\":0,\"max\":null,\"limitTo\":true}',2,8,4,'2016-03-17 10:19:58',4,'2016-03-17 10:19:58'),(129,NULL,'FIXED','What is the criticality of application?','What is the criticality of application?-2015-10-15 16:45:47','None',6,'MULTCHOICE','{\"options\":[{\"sequenceNumber\":1,\"quantifier\":4.0,\"text\":\"High\"},{\"sequenceNumber\":2,\"quantifier\":3.0,\"text\":\"Medium\"},{\"sequenceNumber\":3,\"quantifier\":2.0,\"text\":\"Low\"},{\"sequenceNumber\":4,\"quantifier\":1.0,\"text\":\"Not Applicable\"}],\"otherOption\":false}',1,8,5,'2016-03-17 10:19:58',5,'2016-03-17 10:19:58'),(130,NULL,'FIXED','Who is the Hardware Vendor for the Server','Who is the Hardware Vendor for the Server-2015-11-12 10:32:40','',5,'MULTCHOICE','{\"options\":[{\"sequenceNumber\":1,\"quantifier\":2.0,\"text\":\"Dell\"},{\"sequenceNumber\":2,\"quantifier\":2.0,\"text\":\"HP\"},{\"sequenceNumber\":3,\"quantifier\":2.0,\"text\":\"IBM\"},{\"sequenceNumber\":4,\"quantifier\":2.0,\"text\":\"Cisco\"}],\"otherOption\":true}',1,10,9,'2016-03-17 10:19:58',9,'2016-03-17 10:19:58'),(131,NULL,'FIXED','What is the Operating System','What is the Operating System-2015-11-12 10:37:21','',5,'MULTCHOICE','{\"options\":[{\"sequenceNumber\":1,\"quantifier\":2.0,\"text\":\"RHEL 5\"},{\"sequenceNumber\":2,\"quantifier\":4.0,\"text\":\"RHEL 7\"},{\"sequenceNumber\":3,\"quantifier\":3.0,\"text\":\"Oracle Solaris OS\"},{\"sequenceNumber\":4,\"quantifier\":3.0,\"text\":\"Windows Server 2008 R2\"},{\"sequenceNumber\":5,\"quantifier\":3.0,\"text\":\"Windows Server 2012\"}],\"otherOption\":false}',1,10,9,'2016-03-17 10:19:58',9,'2016-03-17 10:19:58'),(132,NULL,'FIXED','# of Cores','# of Cores-2015-11-12 10:39:25','',5,'MULTCHOICE','{\"options\":[{\"sequenceNumber\":1,\"quantifier\":2.0,\"text\":\"2\"},{\"sequenceNumber\":2,\"quantifier\":4.0,\"text\":\"4\"},{\"sequenceNumber\":3,\"quantifier\":6.0,\"text\":\"6\"},{\"sequenceNumber\":4,\"quantifier\":8.0,\"text\":\"8\"}],\"otherOption\":false}',1,10,9,'2016-03-17 10:19:58',9,'2016-03-17 10:19:58'),(133,NULL,'FIXED','Memory (GB)','Memory (GB)-2015-11-12 10:41:31','',5,'MULTCHOICE','{\"options\":[{\"sequenceNumber\":1,\"quantifier\":2.0,\"text\":\"4\"},{\"sequenceNumber\":2,\"quantifier\":4.0,\"text\":\"8\"},{\"sequenceNumber\":3,\"quantifier\":6.0,\"text\":\"16\"},{\"sequenceNumber\":4,\"quantifier\":8.0,\"text\":\"32\"},{\"sequenceNumber\":5,\"quantifier\":9.0,\"text\":\"64\"}],\"otherOption\":false}',1,10,9,'2016-03-17 10:19:58',9,'2016-03-17 10:19:58'),(134,NULL,'FIXED','Hard Drive Configuration','Hard Drive Configuration-2015-11-12 10:43:03','',5,'MULTCHOICE','{\"options\":[{\"sequenceNumber\":1,\"quantifier\":3.0,\"text\":\"Raid 0\"},{\"sequenceNumber\":2,\"quantifier\":5.0,\"text\":\"Raid 1\"},{\"sequenceNumber\":3,\"quantifier\":7.0,\"text\":\"Raid 3\"},{\"sequenceNumber\":4,\"quantifier\":9.0,\"text\":\"Raid 5\"}],\"otherOption\":false}',1,10,9,'2016-03-17 10:19:58',9,'2016-03-17 10:19:58'),(135,NULL,'FIXED','Environment','Environment-2015-11-12 10:45:02','Which Application environment is being supported',5,'MULTCHOICE','{\"options\":[{\"sequenceNumber\":1,\"quantifier\":10.0,\"text\":\"Production\"},{\"sequenceNumber\":2,\"quantifier\":6.0,\"text\":\"QA\"},{\"sequenceNumber\":3,\"quantifier\":4.0,\"text\":\"Development\"},{\"sequenceNumber\":4,\"quantifier\":5.0,\"text\":\"DR\"}],\"otherOption\":false}',2,10,9,'2016-03-17 10:19:58',9,'2016-03-17 10:19:58'),(136,NULL,'FIXED','Virtualized Environment','Virtualized Environment-2015-11-12 10:46:37','',5,'MULTCHOICE','{\"options\":[{\"sequenceNumber\":1,\"quantifier\":6.0,\"text\":\"Yes\"},{\"sequenceNumber\":2,\"quantifier\":3.0,\"text\":\"No\"}],\"otherOption\":false}',4,10,9,'2016-03-17 10:19:58',9,'2016-03-17 10:19:58'),(137,NULL,'FIXED','Sample Question','Sample Question-2016-01-04 12:31:34','Sample Help Text',6,'MULTCHOICE','{\"options\":[{\"sequenceNumber\":1,\"quantifier\":10.0,\"text\":\"True\"},{\"sequenceNumber\":2,\"quantifier\":0.0,\"text\":\"False\"}],\"otherOption\":false}',4,10,5,'2016-03-17 10:19:58',5,'2016-03-17 10:19:58'),(138,NULL,'FIXED','What is the impact of downtime to business?','What is the impact of downtime to business?-2016-01-04 18:16:19','',NULL,'MULTCHOICE','{\"options\":[{\"sequenceNumber\":1,\"quantifier\":10.0,\"text\":\"Severe Impact on Revenue & Business Performance\"},{\"sequenceNumber\":2,\"quantifier\":8.0,\"text\":\"Severe Impact on Revenue\"},{\"sequenceNumber\":3,\"quantifier\":7.0,\"text\":\"Severe Impact on Business Performance\"},{\"sequenceNumber\":4,\"quantifier\":6.0,\"text\":\"Significant Impact on Revenue\"},{\"sequenceNumber\":5,\"quantifier\":5.0,\"text\":\"Significant Impact on Business Performance\"},{\"sequenceNumber\":6,\"quantifier\":1.0,\"text\":\"Minor Impact\"},{\"sequenceNumber\":7,\"quantifier\":0.0,\"text\":\"No Impact\"}],\"otherOption\":false}',4,5,3,'2016-03-17 10:19:58',3,'2016-03-17 10:19:58'),(139,NULL,'FIXED','Workaround available in case of server downtime ?','Workaround available in case of server downtime ?-2016-01-04 18:18:49','',NULL,'MULTCHOICE','{\"options\":[{\"sequenceNumber\":1,\"quantifier\":10.0,\"text\":\"Yes\"},{\"sequenceNumber\":2,\"quantifier\":0.0,\"text\":\"No\"}],\"otherOption\":false}',4,5,3,'2016-03-17 10:19:58',3,'2016-03-17 10:19:58'),(140,NULL,'FIXED','Server Criticality ?','Server Criticality ?-2016-01-04 18:19:37','',NULL,'MULTCHOICE','{\"options\":[{\"sequenceNumber\":1,\"quantifier\":10.0,\"text\":\"High\"},{\"sequenceNumber\":2,\"quantifier\":5.0,\"text\":\"Medium\"},{\"sequenceNumber\":3,\"quantifier\":0.0,\"text\":\"Low\"}],\"otherOption\":false}',4,5,3,'2016-03-17 10:19:58',3,'2016-03-17 10:19:58'),(141,NULL,'FIXED','What is the Primary function supported by the server ?','What is the Primary function supported by the serv-2016-01-04 18:20:44','',NULL,'TEXT',NULL,4,5,3,'2016-03-17 10:19:58',3,'2016-03-17 10:19:58'),(142,NULL,'FIXED','What is annual recurring cost ?','What is annual recurring cost ?-2016-01-04 18:22:11','',7,'NUMBER','{\"min\":null,\"max\":null,\"limitTo\":false}',4,NULL,3,'2016-03-17 10:19:58',3,'2016-03-17 10:19:58'),(143,NULL,'FIXED','What are the number of users supported ?','What are the number of users supported ?-2016-01-04 18:22:51','',NULL,'NUMBER','{\"min\":null,\"max\":null,\"limitTo\":false}',4,NULL,3,'2016-03-17 10:19:58',3,'2016-03-17 10:19:58'),(144,NULL,'FIXED','What is average ticket volume per month ?','What is average ticket volume per month ?-2016-01-04 18:23:25','',NULL,'NUMBER','{\"min\":null,\"max\":null,\"limitTo\":false}',4,NULL,3,'2016-03-17 10:19:58',3,'2016-03-17 10:19:58'),(145,NULL,'FIXED','What is annual maintenance cost ?','What is annual maintenance cost ?-2016-01-04 18:24:15','',NULL,'NUMBER','{\"min\":null,\"max\":null,\"limitTo\":false}',4,NULL,3,'2016-03-17 10:19:58',3,'2016-03-17 10:19:58'),(146,NULL,'FIXED','What is server hosting cost in case on cloud ?','What is server hosting cost in case on cloud ?-2016-01-04 18:25:07','',NULL,'NUMBER','{\"min\":null,\"max\":null,\"limitTo\":false}',4,NULL,3,'2016-03-17 10:19:58',3,'2016-03-17 10:19:58'),(147,NULL,'FIXED','Which Architecture group does this server fall in? ','Which Architecture group does this server fall in?-2016-01-04 18:26:31','',NULL,'MULTCHOICE','{\"options\":[{\"sequenceNumber\":1,\"quantifier\":10.0,\"text\":\"Windows 2000 Server\"},{\"sequenceNumber\":2,\"quantifier\":10.0,\"text\":\"Windows 2003 Standard Edition\"},{\"sequenceNumber\":3,\"quantifier\":7.0,\"text\":\"Windows 2003 Enterprise Edition\"},{\"sequenceNumber\":4,\"quantifier\":8.0,\"text\":\"Windows Server 2008 Datacenter\"},{\"sequenceNumber\":5,\"quantifier\":9.0,\"text\":\"Linux\"},{\"sequenceNumber\":6,\"quantifier\":10.0,\"text\":\"Windows Storage Server 2003 R2\"}],\"otherOption\":false}',4,7,3,'2016-03-17 10:19:58',5,'2016-03-17 10:19:58'),(148,NULL,'FIXED','Indicate if this server is :','Indicate if this server is :-2016-01-04 18:29:11','',NULL,'MULTCHOICE','{\"options\":[{\"sequenceNumber\":1,\"quantifier\":9.0,\"text\":\"SERVER (No Virtualization or Partitions)\"},{\"sequenceNumber\":2,\"quantifier\":7.0,\"text\":\"MASTER : HOST Systems with 2 or more images\"},{\"sequenceNumber\":3,\"quantifier\":6.0,\"text\":\"VIRTUAL : an image or partition  on a master system\"}],\"otherOption\":false}',4,7,3,'2016-03-17 10:19:58',3,'2016-03-17 10:19:58'),(149,NULL,'FIXED','What are the number of CPU\'s ?','What are the number of CPU\'s ?-2016-01-04 18:29:53','',NULL,'NUMBER','{\"min\":null,\"max\":null,\"limitTo\":false}',4,7,3,'2016-03-17 10:19:58',3,'2016-03-17 10:19:58'),(150,NULL,'FIXED','Indicate Primary Application Names that run on the server.','Indicate Primary Application Names that run on the-2016-01-04 18:30:17','',NULL,'TEXT',NULL,4,7,3,'2016-03-17 10:19:58',3,'2016-03-17 10:19:58'),(151,NULL,'FIXED','What is average CPU utilization ?','What is average CPU utilization ?-2016-01-04 18:31:05','',7,'NUMBER','{\"min\":null,\"max\":null,\"limitTo\":false}',4,7,3,'2016-03-17 10:19:58',3,'2016-03-17 10:19:58'),(152,NULL,'FIXED','What is the peak CPU utilization ?','What is the peak CPU utilization ?-2016-01-04 18:31:43','',NULL,'NUMBER','{\"min\":null,\"max\":null,\"limitTo\":false}',4,7,3,'2016-03-17 10:19:58',3,'2016-03-17 10:19:58'),(153,NULL,'FIXED','During the \"Peak Utilization Hour\", What is the network load ?','During the \"Peak Utilization Hour\", What is the ne-2016-01-04 18:35:57','',NULL,'MULTCHOICE','{\"options\":[{\"sequenceNumber\":1,\"quantifier\":10.0,\"text\":\"Heavy network load\"},{\"sequenceNumber\":2,\"quantifier\":3.0,\"text\":\"Light network load\"}],\"otherOption\":false}',4,7,3,'2016-03-17 10:19:58',3,'2016-03-17 10:19:58'),(154,NULL,'FIXED','What is the support coverage for the server?','What is the support coverage for the server?-2016-01-04 18:37:19','',NULL,'MULTCHOICE','{\"options\":[{\"sequenceNumber\":1,\"quantifier\":10.0,\"text\":\"24X7\"},{\"sequenceNumber\":2,\"quantifier\":6.0,\"text\":\"16X7\"},{\"sequenceNumber\":3,\"quantifier\":3.0,\"text\":\"9X5\"}],\"otherOption\":false}',4,7,3,'2016-03-17 10:19:58',3,'2016-03-17 10:19:58'),(155,NULL,'FIXED','What are the number of users supported by the server?','What are the number of users supported by the serv-2016-01-04 18:38:05','',NULL,'NUMBER','{\"min\":null,\"max\":null,\"limitTo\":false}',4,7,3,'2016-03-17 10:19:58',3,'2016-03-17 10:19:58'),(156,NULL,'FIXED','What Business Unit does the application cater to?','What Business Unit does the application cater to?-2016-01-04 19:12:08','',NULL,'TEXT',NULL,4,5,3,'2016-03-17 10:19:58',3,'2016-03-17 10:19:58'),(157,NULL,'FIXED','Please specify the application type:','Please specify the application type:-2016-01-04 19:17:06','',NULL,'MULTCHOICE','{\"options\":[{\"sequenceNumber\":1,\"quantifier\":10.0,\"text\":\"Core to Business Process\"},{\"sequenceNumber\":2,\"quantifier\":3.0,\"text\":\"Non-Core to Business Process\"},{\"sequenceNumber\":3,\"quantifier\":5.0,\"text\":\"Tool\"},{\"sequenceNumber\":4,\"quantifier\":4.0,\"text\":\"Utility\"},{\"sequenceNumber\":5,\"quantifier\":2.0,\"text\":\"Add-On\"},{\"sequenceNumber\":6,\"quantifier\":3.0,\"text\":\"Data Extract\"},{\"sequenceNumber\":7,\"quantifier\":3.0,\"text\":\"Local Interface\"},{\"sequenceNumber\":8,\"quantifier\":9.0,\"text\":\"Business Intelligence\"}],\"otherOption\":false}',4,5,3,'2016-03-17 10:19:58',3,'2016-03-17 10:19:58'),(158,NULL,'FIXED','What is the application criticality ?','What is the application criticality ?-2016-01-04 19:18:21','',NULL,'MULTCHOICE','{\"options\":[{\"sequenceNumber\":1,\"quantifier\":10.0,\"text\":\"Critical\"},{\"sequenceNumber\":2,\"quantifier\":9.0,\"text\":\"High\"},{\"sequenceNumber\":3,\"quantifier\":5.0,\"text\":\"Medium\"},{\"sequenceNumber\":4,\"quantifier\":1.0,\"text\":\"Low\"}],\"otherOption\":false}',4,5,3,'2016-03-17 10:19:58',3,'2016-03-17 10:19:58'),(159,NULL,'FIXED','Do the business users have a workaround in case of non availability of this application?','Do the business users have a workaround in case of-2016-01-04 19:21:28',' If yes, indicate the nature of the workaround (e.g. spread sheets etc) ',NULL,'MULTCHOICE','{\"options\":[{\"sequenceNumber\":1,\"quantifier\":10.0,\"text\":\"Yes\"},{\"sequenceNumber\":2,\"quantifier\":0.0,\"text\":\"No\"}],\"otherOption\":false}',4,5,3,'2016-03-17 10:19:58',3,'2016-03-17 10:19:58'),(160,NULL,'FIXED','Is reporting considered a major component of this application?  If so, how many unique reports are generated by the application?','Is reporting considered a major component of this -2016-01-04 19:22:09','',NULL,'NUMBER','{\"min\":null,\"max\":null,\"limitTo\":false}',4,5,3,'2016-03-17 10:19:58',3,'2016-03-17 10:19:58'),(161,NULL,'FIXED','What is the number of end users?','What is the number of end users?-2016-01-04 19:22:48','',NULL,'NUMBER','{\"min\":null,\"max\":null,\"limitTo\":false}',4,5,3,'2016-03-17 10:19:58',3,'2016-03-17 10:19:58'),(162,NULL,'FIXED','What is the application category ?','What is the application category ?-2016-01-04 19:24:04','',NULL,'MULTCHOICE','{\"options\":[{\"sequenceNumber\":1,\"quantifier\":9.0,\"text\":\"COTS\"},{\"sequenceNumber\":2,\"quantifier\":8.0,\"text\":\"Custom\"},{\"sequenceNumber\":3,\"quantifier\":7.0,\"text\":\"SaaS\"}],\"otherOption\":false}',4,7,3,'2016-03-17 10:19:58',3,'2016-03-17 10:19:58'),(163,NULL,'FIXED','For COTS/SaaS applications, specify the level of Customization.','For COTS/SaaS applications, specify the level of C-2016-01-04 19:25:18','',NULL,'MULTCHOICE','{\"options\":[{\"sequenceNumber\":1,\"quantifier\":10.0,\"text\":\"Major Customization\"},{\"sequenceNumber\":2,\"quantifier\":5.0,\"text\":\"Minor Customization\"},{\"sequenceNumber\":3,\"quantifier\":1.0,\"text\":\"No Customization\"}],\"otherOption\":false}',2,7,3,'2016-03-17 10:19:58',3,'2016-03-17 10:19:58'),(164,NULL,'FIXED','Specify the current Life Cycle of Application ','Specify the current Life Cycle of Application -2016-01-04 19:26:48','',NULL,'MULTCHOICE','{\"options\":[{\"sequenceNumber\":1,\"quantifier\":10.0,\"text\":\"Invest\"},{\"sequenceNumber\":2,\"quantifier\":9.0,\"text\":\"Retain\"},{\"sequenceNumber\":3,\"quantifier\":8.0,\"text\":\"Migrate\"},{\"sequenceNumber\":4,\"quantifier\":6.0,\"text\":\"Retire\"},{\"sequenceNumber\":5,\"quantifier\":1.0,\"text\":\"Retired\"}],\"otherOption\":false}',4,7,3,'2016-03-17 10:19:58',3,'2016-03-17 10:19:58'),(165,NULL,'FIXED','Specify the Primary Development technology/language and version','Specify the Primary Development technology/languag-2016-01-04 19:27:13','',NULL,'TEXT',NULL,4,7,3,'2016-03-17 10:19:58',3,'2016-03-17 10:19:58'),(166,NULL,'FIXED','Is this application supported by','Is this application supported by-2016-01-04 19:28:32','',NULL,'MULTCHOICE','{\"options\":[{\"sequenceNumber\":1,\"quantifier\":5.0,\"text\":\"In-house\"},{\"sequenceNumber\":2,\"quantifier\":8.0,\"text\":\"Vendor\"},{\"sequenceNumber\":3,\"quantifier\":7.0,\"text\":\"Contractors\"},{\"sequenceNumber\":4,\"quantifier\":9.0,\"text\":\"Mix\"}],\"otherOption\":false}',4,7,3,'2016-03-17 10:19:58',3,'2016-03-17 10:19:58'),(167,NULL,'FIXED','What is the level of data sensitivity?','What is the level of data sensitivity?-2016-01-06 11:12:59','',7,'MULTCHOICE','{\"options\":[{\"sequenceNumber\":1,\"quantifier\":10.0,\"text\":\"High\"},{\"sequenceNumber\":2,\"quantifier\":5.0,\"text\":\"Medium\"},{\"sequenceNumber\":3,\"quantifier\":1.0,\"text\":\"Low\"}],\"otherOption\":false}',4,7,5,'2016-03-17 10:19:58',5,'2016-03-17 10:19:58'),(168,NULL,'FIXED','How many interfaces does the application interact with?','How many interfaces does the application interact -2016-01-06 11:15:12','',7,'MULTCHOICE','{\"options\":[{\"sequenceNumber\":1,\"quantifier\":10.0,\"text\":\"> = 5\"},{\"sequenceNumber\":2,\"quantifier\":5.0,\"text\":\"< 5\"},{\"sequenceNumber\":3,\"quantifier\":1.0,\"text\":\"None\"}],\"otherOption\":false}',4,7,5,'2016-03-17 10:19:58',5,'2016-03-17 10:19:58'),(169,NULL,'FIXED','Define the Application Stability','Define the Application Stability-2016-01-06 11:17:00','',7,'MULTCHOICE','{\"options\":[{\"sequenceNumber\":1,\"quantifier\":10.0,\"text\":\"Highly Stable\"},{\"sequenceNumber\":2,\"quantifier\":5.0,\"text\":\"Stable with Minor issues\"},{\"sequenceNumber\":3,\"quantifier\":8.0,\"text\":\"Stable with Major issues\"},{\"sequenceNumber\":4,\"quantifier\":1.0,\"text\":\"Unstable\"}],\"otherOption\":false}',4,7,5,'2016-03-17 10:19:58',5,'2016-03-17 10:19:58'),(170,NULL,'FIXED','% SLA Met for the application','% SLA Met for the application-2016-01-06 11:21:04','',7,'MULTCHOICE','{\"options\":[{\"sequenceNumber\":1,\"quantifier\":10.0,\"text\":\"95 % -  98%\"},{\"sequenceNumber\":2,\"quantifier\":8.0,\"text\":\"90 % - 94 %\"},{\"sequenceNumber\":3,\"quantifier\":6.0,\"text\":\"80 % - 89%\"},{\"sequenceNumber\":4,\"quantifier\":4.0,\"text\":\"70 % - 79 %\"},{\"sequenceNumber\":5,\"quantifier\":1.0,\"text\":\"Less than 70 %\"}],\"otherOption\":false}',4,7,5,'2016-03-17 10:19:58',5,'2016-03-17 10:19:58'),(171,NULL,'FIXED','What is the type of Database','What is the type of Database-2016-01-06 11:46:25','',7,'MULTCHOICE','{\"options\":[{\"sequenceNumber\":1,\"quantifier\":10.0,\"text\":\"Operational Database\"},{\"sequenceNumber\":2,\"quantifier\":8.0,\"text\":\"End User Database\"},{\"sequenceNumber\":3,\"quantifier\":7.0,\"text\":\"Centralized Database\"},{\"sequenceNumber\":4,\"quantifier\":8.0,\"text\":\"Distributed Database\"}],\"otherOption\":false}',4,7,5,'2016-03-17 10:19:58',5,'2016-03-17 10:19:58'),(172,NULL,'FIXED','What is the Database Technology','What is the Database Technology-2016-01-06 11:53:04','',7,'MULTCHOICE','{\"options\":[{\"sequenceNumber\":1,\"quantifier\":8.0,\"text\":\"MySQL\"},{\"sequenceNumber\":2,\"quantifier\":10.0,\"text\":\"Oracle\"},{\"sequenceNumber\":3,\"quantifier\":8.0,\"text\":\"SAP ADS\"},{\"sequenceNumber\":4,\"quantifier\":8.0,\"text\":\"Microsoft SQL Server\"}],\"otherOption\":false}',4,7,5,'2016-03-17 10:19:58',5,'2016-03-17 10:19:58'),(173,NULL,'FIXED','What is the transactional volume per day?','What is the transactional volume per day?-2016-01-06 11:57:41','',7,'TEXT',NULL,4,7,5,'2016-03-17 10:19:58',5,'2016-03-17 10:19:58'),(174,NULL,'FIXED','What is the level of security ?','What is the level of security ?-2016-01-06 11:58:41','',7,'MULTCHOICE','{\"options\":[{\"sequenceNumber\":1,\"quantifier\":10.0,\"text\":\"High\"},{\"sequenceNumber\":2,\"quantifier\":7.0,\"text\":\"Medium\"},{\"sequenceNumber\":3,\"quantifier\":3.0,\"text\":\"Low\"}],\"otherOption\":false}',4,7,5,'2016-03-17 10:19:58',5,'2016-03-17 10:19:58'),(175,NULL,'FIXED','Define the server criticality ?','Define the server criticality ?-2016-01-06 13:13:18','',7,'MULTCHOICE','{\"options\":[{\"sequenceNumber\":1,\"quantifier\":10.0,\"text\":\"High\"},{\"sequenceNumber\":2,\"quantifier\":6.0,\"text\":\"Medium\"},{\"sequenceNumber\":3,\"quantifier\":2.0,\"text\":\"Low\"}],\"otherOption\":false}',4,7,5,'2016-03-17 10:19:58',5,'2016-03-17 10:19:58'),(176,NULL,'FIXED','How do you manage your systems and applications?','How do you manage your systems and applications?-2016-01-06 14:25:34','',7,'MULTCHOICE','{\"options\":[{\"sequenceNumber\":1,\"quantifier\":10.0,\"text\":\"In-house staff using commercial software\"},{\"sequenceNumber\":2,\"quantifier\":8.0,\"text\":\"In-house staff using home grown tools\"},{\"sequenceNumber\":3,\"quantifier\":7.0,\"text\":\"External staff or service\"},{\"sequenceNumber\":4,\"quantifier\":7.0,\"text\":\"Hosted service\"}],\"otherOption\":false}',4,11,5,'2016-03-17 10:19:58',5,'2016-03-17 10:19:58'),(177,NULL,'FIXED','Do you have virtualization implemented?','Do you have virtualization implemented?-2016-01-06 14:26:10','',7,'MULTCHOICE','{\"options\":[{\"sequenceNumber\":1,\"quantifier\":10.0,\"text\":\"Yes\"},{\"sequenceNumber\":2,\"quantifier\":5.0,\"text\":\"No\"}],\"otherOption\":false}',4,11,5,'2016-03-17 10:19:58',5,'2016-03-17 10:19:58'),(178,NULL,'FIXED','What percentage of your applications are running on a SaaS (Software as a Service) model? Examples of SaaS providers include Salesforce.com, Google Mail, and Success Factors.','What percentage of your applications are running o-2016-01-06 14:27:50','',7,'MULTCHOICE','{\"options\":[{\"sequenceNumber\":1,\"quantifier\":0.0,\"text\":\"0%\"},{\"sequenceNumber\":2,\"quantifier\":2.0,\"text\":\"1% - 10%\"},{\"sequenceNumber\":3,\"quantifier\":4.0,\"text\":\"11% - 50%\"},{\"sequenceNumber\":4,\"quantifier\":6.0,\"text\":\"51% - 75%\"},{\"sequenceNumber\":5,\"quantifier\":8.0,\"text\":\"76% - 99%\"},{\"sequenceNumber\":6,\"quantifier\":10.0,\"text\":\"100%\"}],\"otherOption\":false}',4,11,5,'2016-03-17 10:19:58',5,'2016-03-17 10:19:58'),(179,NULL,'FIXED','Do you have a defined IT architecture?','Do you have a defined IT architecture?-2016-01-06 14:28:23','',7,'MULTCHOICE','{\"options\":[{\"sequenceNumber\":1,\"quantifier\":10.0,\"text\":\"Yes\"},{\"sequenceNumber\":2,\"quantifier\":2.0,\"text\":\"No\"}],\"otherOption\":false}',4,11,5,'2016-03-17 10:19:58',5,'2016-03-17 10:19:58'),(180,NULL,'FIXED','Do you have virtual desktop implemented?','Do you have virtual desktop implemented?-2016-01-06 14:29:02','',7,'MULTCHOICE','{\"options\":[{\"sequenceNumber\":1,\"quantifier\":10.0,\"text\":\"Yes\"},{\"sequenceNumber\":2,\"quantifier\":5.0,\"text\":\"No\"}],\"otherOption\":false}',4,11,5,'2016-03-17 10:19:58',5,'2016-03-17 10:19:58'),(181,NULL,'FIXED','How are your servers managed?','How are your servers managed?-2016-01-06 14:32:53','',7,'MULTCHOICE','{\"options\":[{\"sequenceNumber\":1,\"quantifier\":6.0,\"text\":\"We manage our own servers\"},{\"sequenceNumber\":2,\"quantifier\":7.0,\"text\":\"We use a co-location provider such as Rackspace\"},{\"sequenceNumber\":3,\"quantifier\":8.0,\"text\":\"Equinix or Verio\"},{\"sequenceNumber\":4,\"quantifier\":10.0,\"text\":\"We use a managed hoster such as OpSource\"}],\"otherOption\":false}',4,11,5,'2016-03-17 10:19:58',5,'2016-03-17 10:19:58'),(182,NULL,'FIXED','How do you currently back up your data?','How do you currently back up your data?-2016-01-06 14:34:26','',7,'MULTCHOICE','{\"options\":[{\"sequenceNumber\":1,\"quantifier\":5.0,\"text\":\"Local onsite disk or tape library\"},{\"sequenceNumber\":2,\"quantifier\":7.0,\"text\":\"Remote disk or tape library\"},{\"sequenceNumber\":3,\"quantifier\":10.0,\"text\":\"Cloud based storage service\"}],\"otherOption\":false}',4,11,5,'2016-03-17 10:19:58',5,'2016-03-17 10:19:58'),(183,NULL,'FIXED','How many employees does your company have?','How many employees does your company have?-2016-01-06 14:39:30','',7,'MULTCHOICE','{\"options\":[{\"sequenceNumber\":1,\"quantifier\":1.0,\"text\":\"Less than 100\"},{\"sequenceNumber\":2,\"quantifier\":3.0,\"text\":\"100 to 499\"},{\"sequenceNumber\":3,\"quantifier\":5.0,\"text\":\"500 to 999\"},{\"sequenceNumber\":4,\"quantifier\":7.0,\"text\":\"1\"},{\"sequenceNumber\":5,\"quantifier\":10.0,\"text\":\"000 to 5\"}],\"otherOption\":false}',4,11,5,'2016-03-17 10:19:58',5,'2016-03-17 10:19:58'),(184,NULL,'FIXED','What is your current system and software mix ?','What is your current system and software mix ?-2016-01-06 14:40:54','',7,'MULTCHOICE','{\"options\":[{\"sequenceNumber\":1,\"quantifier\":1.0,\"text\":\"Less than 10 applications and/or 10 servers\"},{\"sequenceNumber\":2,\"quantifier\":3.0,\"text\":\"Less than 25 applications and/or 50 servers\"},{\"sequenceNumber\":3,\"quantifier\":5.0,\"text\":\"Less than 100 applications and/or 250 servers\"},{\"sequenceNumber\":4,\"quantifier\":10.0,\"text\":\"More than 100 applications and/or 250 servers\"}],\"otherOption\":false}',4,11,5,'2016-03-17 10:19:58',5,'2016-03-17 10:19:58'),(185,NULL,'FIXED','How quickly can you deploy a new machine or application into production?','How quickly can you deploy a new machine or applic-2016-01-06 14:47:26','',7,'MULTCHOICE','{\"options\":[{\"sequenceNumber\":1,\"quantifier\":10.0,\"text\":\"Less than 30 minutes\"},{\"sequenceNumber\":2,\"quantifier\":9.0,\"text\":\"Between 30 minutes and 1 hour\"},{\"sequenceNumber\":3,\"quantifier\":6.0,\"text\":\"Between 1 hour and 8 hours\"},{\"sequenceNumber\":4,\"quantifier\":4.0,\"text\":\"Between 1 to 5 days\"},{\"sequenceNumber\":5,\"quantifier\":2.0,\"text\":\"More than 5 days\"}],\"otherOption\":false}',4,11,5,'2016-03-17 10:19:58',5,'2016-03-17 10:19:58'),(186,NULL,'FIXED','Do you have an IT application/services roadmap that defines the feasibility, timing and effort necessary to ÃƒÂ¢??cloud enableÃƒÂ¢?? applications?','Do you have an IT application/services roadmap tha-2016-01-06 14:48:19','',7,'MULTCHOICE','{\"options\":[{\"sequenceNumber\":1,\"quantifier\":10.0,\"text\":\"Yes\"},{\"sequenceNumber\":2,\"quantifier\":5.0,\"text\":\"No\"}],\"otherOption\":false}',4,11,5,'2016-03-17 10:19:58',5,'2016-03-17 10:19:58'),(187,NULL,'FIXED','Will there be increase in productivity by moving onto cloud?','Will there be increase in productivity by moving o-2016-01-06 17:38:55','',7,'MULTCHOICE','{\"options\":[{\"sequenceNumber\":1,\"quantifier\":10.0,\"text\":\"Yes\"},{\"sequenceNumber\":2,\"quantifier\":2.0,\"text\":\"No\"}],\"otherOption\":false}',4,12,5,'2016-03-17 10:19:58',5,'2016-03-17 10:19:58'),(188,NULL,'FIXED','Will moving to cloud decrease the operational cost','Will moving to cloud decrease the operational cost-2016-01-06 17:46:13','',7,'MULTCHOICE','{\"options\":[{\"sequenceNumber\":1,\"quantifier\":10.0,\"text\":\"Yes\"},{\"sequenceNumber\":2,\"quantifier\":2.0,\"text\":\"No\"}],\"otherOption\":false}',4,12,5,'2016-03-17 10:19:58',5,'2016-03-17 10:19:58'),(189,NULL,'FIXED','What is the make of the servers ?','What is the make of the servers ?-2016-01-06 18:41:08','',7,'MULTCHOICE','{\"options\":[{\"sequenceNumber\":1,\"quantifier\":10.0,\"text\":\"Dell\"},{\"sequenceNumber\":2,\"quantifier\":10.0,\"text\":\"IBM\"},{\"sequenceNumber\":3,\"quantifier\":10.0,\"text\":\"HP\"},{\"sequenceNumber\":4,\"quantifier\":10.0,\"text\":\"CISCO\"}],\"otherOption\":false}',4,7,5,'2016-03-17 10:19:58',5,'2016-03-17 10:19:58'),(190,NULL,'FIXED','No. Of Incident Tickets By Priority Per Month ?','No. Of Incident Tickets By Priority Per Month ?-2016-01-07 12:00:31','',7,'MULTCHOICE','{\"options\":[{\"sequenceNumber\":1,\"quantifier\":10.0,\"text\":\"100 - 200\"},{\"sequenceNumber\":2,\"quantifier\":7.0,\"text\":\"200 - 300\"},{\"sequenceNumber\":3,\"quantifier\":5.0,\"text\":\"300 - 400\"},{\"sequenceNumber\":4,\"quantifier\":3.0,\"text\":\"400 - 500\"},{\"sequenceNumber\":5,\"quantifier\":1.0,\"text\":\"> 500\"}],\"otherOption\":false}',4,18,5,'2016-03-17 10:19:58',5,'2016-03-17 10:19:58'),(191,NULL,'FIXED','Define the Structure of Source Code ?','Define the Structure of Source Code ?-2016-01-07 12:07:22','',7,'MULTCHOICE','{\"options\":[{\"sequenceNumber\":1,\"quantifier\":10.0,\"text\":\"Object Oriented\"},{\"sequenceNumber\":2,\"quantifier\":6.0,\"text\":\"Procedural\"},{\"sequenceNumber\":3,\"quantifier\":1.0,\"text\":\"No Structure\"}],\"otherOption\":false}',4,13,5,'2016-03-17 10:19:58',5,'2016-03-17 10:19:58'),(192,NULL,'FIXED','Mention the number of resources supporting the application ?','Mention the number of resources supporting the app-2016-01-07 12:15:14','',7,'TEXT',NULL,4,NULL,5,'2016-03-17 10:19:58',5,'2016-03-17 10:19:58'),(193,NULL,'FIXED','Define the Server Stability','Define the Server Stability-2016-01-07 12:49:36','',7,'MULTCHOICE','{\"options\":[{\"sequenceNumber\":1,\"quantifier\":10.0,\"text\":\"Highly Stable\"},{\"sequenceNumber\":2,\"quantifier\":8.0,\"text\":\"Stable with Minor issues\"},{\"sequenceNumber\":3,\"quantifier\":5.0,\"text\":\"Stable with Major issues\"},{\"sequenceNumber\":4,\"quantifier\":1.0,\"text\":\"Unstable\"}],\"otherOption\":false}',4,15,5,'2016-03-17 10:19:58',5,'2016-03-17 10:19:58'),(194,NULL,'FIXED','What is the server license cost ?','What is the server license cost ?-2016-01-07 13:23:06','',7,'TEXT',NULL,4,NULL,5,'2016-03-17 10:19:58',5,'2016-03-17 10:19:58'),(195,NULL,'FIXED','% SLA Met for the Server','% SLA Met for the Server-2016-01-07 13:51:27','',7,'MULTCHOICE','{\"options\":[{\"sequenceNumber\":1,\"quantifier\":10.0,\"text\":\"95 % - 98%\"},{\"sequenceNumber\":2,\"quantifier\":9.0,\"text\":\"90 % - 94 %\"},{\"sequenceNumber\":3,\"quantifier\":7.0,\"text\":\"80 % - 89%\"},{\"sequenceNumber\":4,\"quantifier\":5.0,\"text\":\"70 % - 79 %\"},{\"sequenceNumber\":5,\"quantifier\":2.0,\"text\":\"Less than 70 %\"}],\"otherOption\":false}',4,18,5,'2016-03-17 10:19:58',5,'2016-03-17 10:19:58'),(196,NULL,'FIXED','How is the application deployed?','How is the application deployed?-2016-01-07 19:12:39','',7,'TEXT',NULL,4,11,5,'2016-03-17 10:19:58',5,'2016-03-17 10:19:58'),(197,NULL,'FIXED','What is the functional Quotient of the servers?','What is the functional Quotient of the servers?-2016-01-08 10:41:33','',7,'MULTCHOICE','{\"options\":[{\"sequenceNumber\":1,\"quantifier\":9.0,\"text\":\"sh01av01\"},{\"sequenceNumber\":2,\"quantifier\":7.0,\"text\":\"sh01dc05\"},{\"sequenceNumber\":3,\"quantifier\":6.0,\"text\":\"sh01dc06\"},{\"sequenceNumber\":4,\"quantifier\":8.0,\"text\":\"sh01dc08\"},{\"sequenceNumber\":5,\"quantifier\":5.0,\"text\":\"sh01easuk\"},{\"sequenceNumber\":6,\"quantifier\":6.0,\"text\":\"sh01fin02\"},{\"sequenceNumber\":7,\"quantifier\":3.0,\"text\":\"sh01fin03\"},{\"sequenceNumber\":8,\"quantifier\":3.0,\"text\":\"sh01hr01\"},{\"sequenceNumber\":9,\"quantifier\":8.0,\"text\":\"sh01mon02\"},{\"sequenceNumber\":10,\"quantifier\":2.0,\"text\":\"sh01psb\"},{\"sequenceNumber\":11,\"quantifier\":8.0,\"text\":\"sh01rsa01\"},{\"sequenceNumber\":12,\"quantifier\":2.0,\"text\":\"sh01sieb02\"},{\"sequenceNumber\":13,\"quantifier\":8.0,\"text\":\"sh01sp02\"},{\"sequenceNumber\":14,\"quantifier\":3.0,\"text\":\"sh01sta01\"},{\"sequenceNumber\":15,\"quantifier\":4.0,\"text\":\"shbaadc03\"}],\"otherOption\":false}',4,5,5,'2016-03-17 10:19:58',5,'2016-03-17 10:19:58'),(198,NULL,'FIXED','Technical Quality for the servers','Technical Quality for the servers-2016-01-08 11:45:07','',7,'MULTCHOICE','{\"options\":[{\"sequenceNumber\":1,\"quantifier\":1.0,\"text\":\"sh01av01\"},{\"sequenceNumber\":2,\"quantifier\":2.0,\"text\":\"sh01dc05\"},{\"sequenceNumber\":3,\"quantifier\":3.0,\"text\":\"sh01dc06\"},{\"sequenceNumber\":4,\"quantifier\":4.0,\"text\":\"sh01dc08\"},{\"sequenceNumber\":5,\"quantifier\":5.0,\"text\":\"sh01easuk\"},{\"sequenceNumber\":6,\"quantifier\":7.0,\"text\":\"sh01fin02\"},{\"sequenceNumber\":7,\"quantifier\":8.0,\"text\":\"sh01fin03\"},{\"sequenceNumber\":8,\"quantifier\":9.0,\"text\":\"sh01hr01\"},{\"sequenceNumber\":9,\"quantifier\":8.0,\"text\":\"sh01mon02\"},{\"sequenceNumber\":10,\"quantifier\":7.0,\"text\":\"sh01psb\"},{\"sequenceNumber\":11,\"quantifier\":6.0,\"text\":\"sh01rsa01\"},{\"sequenceNumber\":12,\"quantifier\":5.0,\"text\":\"sh01sieb02\"},{\"sequenceNumber\":13,\"quantifier\":4.0,\"text\":\"sh01sp02\"},{\"sequenceNumber\":14,\"quantifier\":3.0,\"text\":\"sh01sta01\"},{\"sequenceNumber\":15,\"quantifier\":2.0,\"text\":\"shbaadc03\"}],\"otherOption\":false}',4,7,5,'2016-03-17 10:19:58',5,'2016-03-17 10:19:58'),(199,NULL,'FIXED','Function quality for applications ?','Function quality for applications ?-2016-01-08 12:47:27','',7,'MULTCHOICE','{\"options\":[{\"sequenceNumber\":1,\"quantifier\":10.0,\"text\":\"Accounting & HR\"},{\"sequenceNumber\":2,\"quantifier\":9.0,\"text\":\"Accountview\"},{\"sequenceNumber\":3,\"quantifier\":8.0,\"text\":\"Advantage\"},{\"sequenceNumber\":4,\"quantifier\":7.0,\"text\":\"Andlor\"},{\"sequenceNumber\":5,\"quantifier\":6.0,\"text\":\"Axapta Financial system\"},{\"sequenceNumber\":6,\"quantifier\":5.0,\"text\":\"Axapta system\"},{\"sequenceNumber\":7,\"quantifier\":4.0,\"text\":\"BOS EZT\"},{\"sequenceNumber\":8,\"quantifier\":3.0,\"text\":\"C8 BI Platform\"},{\"sequenceNumber\":9,\"quantifier\":2.0,\"text\":\"CARGO\"},{\"sequenceNumber\":10,\"quantifier\":1.0,\"text\":\"CARGO US\"},{\"sequenceNumber\":11,\"quantifier\":2.0,\"text\":\"Cargonaut Dou-it\"},{\"sequenceNumber\":12,\"quantifier\":3.0,\"text\":\"CEIL\"},{\"sequenceNumber\":13,\"quantifier\":4.0,\"text\":\"Clearingpoint\"},{\"sequenceNumber\":14,\"quantifier\":5.0,\"text\":\"Client Invoicing Data\"},{\"sequenceNumber\":15,\"quantifier\":6.0,\"text\":\"Cognos Contributor\"},{\"sequenceNumber\":16,\"quantifier\":7.0,\"text\":\"Contimap\"}],\"otherOption\":false}',4,5,5,'2016-03-17 10:19:58',5,'2016-03-17 10:19:58'),(200,NULL,'FIXED','Technical Quality for Applications ?','Technical Quality for Applications ?-2016-01-08 12:50:46','',7,'MULTCHOICE','{\"options\":[{\"sequenceNumber\":1,\"quantifier\":1.0,\"text\":\"Contimap\"},{\"sequenceNumber\":2,\"quantifier\":2.0,\"text\":\"Cognos Contributor\"},{\"sequenceNumber\":3,\"quantifier\":3.0,\"text\":\"Client Invoicing Data\"},{\"sequenceNumber\":4,\"quantifier\":4.0,\"text\":\"Clearingpoint\"},{\"sequenceNumber\":5,\"quantifier\":5.0,\"text\":\"Cargonaut Dou-it\"},{\"sequenceNumber\":6,\"quantifier\":6.0,\"text\":\"CARGO US\"},{\"sequenceNumber\":7,\"quantifier\":7.0,\"text\":\"CARGO\"},{\"sequenceNumber\":8,\"quantifier\":8.0,\"text\":\"C8 BI Platform\"},{\"sequenceNumber\":9,\"quantifier\":9.0,\"text\":\"BOS EZT\"},{\"sequenceNumber\":10,\"quantifier\":10.0,\"text\":\"Axapta system\"},{\"sequenceNumber\":11,\"quantifier\":9.0,\"text\":\"Axapta Financial system\"},{\"sequenceNumber\":12,\"quantifier\":8.0,\"text\":\"Andlor\"},{\"sequenceNumber\":13,\"quantifier\":7.0,\"text\":\"Advantage\"},{\"sequenceNumber\":14,\"quantifier\":6.0,\"text\":\"Accountview\"},{\"sequenceNumber\":15,\"quantifier\":5.0,\"text\":\"Accounting & HR\"}],\"otherOption\":false}',4,7,5,'2016-03-17 10:19:58',5,'2016-03-17 10:19:58'),(201,NULL,'FIXED','Sample Question','Sample Question-2016-01-11 09:50:47','',7,'MULTCHOICE','{\"options\":[{\"sequenceNumber\":1,\"quantifier\":8.0,\"text\":\"Sample 1\"},{\"sequenceNumber\":2,\"quantifier\":6.0,\"text\":\"Sample 2\"},{\"sequenceNumber\":3,\"quantifier\":4.0,\"text\":\"Sample 3\"}],\"otherOption\":false}',4,10,5,'2016-03-17 10:19:58',5,'2016-03-17 10:19:58'),(202,NULL,'MODIFIABLE','Provide Mapping to BCM Level','Functional Map Analysis','',5,'MULTCHOICE','{\"options\":[{\"sequenceNumber\":1,\"quantifier\":1.0,\"text\":\"Desired\"},{\"sequenceNumber\":2,\"quantifier\":10.0,\"text\":\"Fully Supported\"},{\"sequenceNumber\":3,\"quantifier\":7.5,\"text\":\"In Fligh (Project Started)\"},{\"sequenceNumber\":4,\"quantifier\":5.0,\"text\":\"Partially Supported\"},{\"sequenceNumber\":5,\"quantifier\":2.5,\"text\":\"Sparsely Supported\"},{\"sequenceNumber\":6,\"quantifier\":-1.0,\"text\":\"N/A\"}],\"otherOption\":false}',0,5,11,'2016-04-20 07:29:47',11,'2016-04-20 07:33:17');
/*!40000 ALTER TABLE `question` ENABLE KEYS */;
UNLOCK TABLES;

--
-- Table structure for table `questionnaire`
--

DROP TABLE IF EXISTS `questionnaire`;
/*!40101 SET @saved_cs_client     = @@character_set_client */;
/*!40101 SET character_set_client = utf8 */;
CREATE TABLE `questionnaire` (
  `id` int(11) NOT NULL AUTO_INCREMENT,
  `name` varchar(45) NOT NULL,
  `description` text,
  `workspaceId` int(11) NOT NULL,
  `status` tinyint(4) NOT NULL DEFAULT '0',
  `createdBy` int(11) NOT NULL,
  `createdDate` timestamp NOT NULL DEFAULT CURRENT_TIMESTAMP ON UPDATE CURRENT_TIMESTAMP,
  `updatedBy` int(11) NOT NULL,
  `updatedDate` timestamp NOT NULL DEFAULT CURRENT_TIMESTAMP ON UPDATE CURRENT_TIMESTAMP,
  PRIMARY KEY (`id`),
  UNIQUE KEY `questionnaire_name_workspace_unique` (`name`,`workspaceId`),
  KEY `questionnaire_workspaceId_fk_idx` (`workspaceId`),
  KEY `questionnaire_createdBy_fk_idx` (`createdBy`),
  KEY `questionnaire_updatedBy_fk_idx` (`updatedBy`),
  CONSTRAINT `questionnaire_createdBy_fk` FOREIGN KEY (`createdBy`) REFERENCES `user` (`id`) ON DELETE NO ACTION ON UPDATE NO ACTION,
  CONSTRAINT `questionnaire_updatedBy_fk` FOREIGN KEY (`updatedBy`) REFERENCES `user` (`id`) ON DELETE NO ACTION ON UPDATE NO ACTION,
  CONSTRAINT `questionnaire_workspaceId_fk` FOREIGN KEY (`workspaceId`) REFERENCES `workspace` (`id`) ON DELETE NO ACTION ON UPDATE NO ACTION
) ENGINE=InnoDB AUTO_INCREMENT=56 DEFAULT CHARSET=latin1;
/*!40101 SET character_set_client = @saved_cs_client */;

--
-- Dumping data for table `questionnaire`
--

LOCK TABLES `questionnaire` WRITE;
/*!40000 ALTER TABLE `questionnaire` DISABLE KEYS */;
INSERT INTO `questionnaire` VALUES (23,'IT Portfolio Survey - 1','',1,1,2,'2015-08-14 03:38:18',2,'2015-10-29 08:12:59'),(24,'Questionnaire for Aditya\'s first day1 :)','',1,1,2,'2015-08-14 04:19:55',2,'2015-09-23 05:51:50'),(25,'This is for test.','',1,0,2,'2015-08-19 11:46:38',2,'2015-08-24 06:12:57'),(26,'First for 123','testing',4,0,2,'2015-08-30 10:03:47',2,'2015-12-01 09:07:04'),(27,'Demo for ajit','',1,0,2,'2015-08-31 11:23:54',2,'2015-09-03 05:52:09'),(28,'Assessment for SITA','',1,1,2,'2015-09-16 03:57:09',2,'2015-09-16 03:57:09'),(29,'Application Assessment 01','Assessment for the applications available in the portfolio to capture basic functional, technical and cost details.',5,1,2,'2015-09-23 10:51:08',11,'2016-05-06 11:11:02'),(30,'Create an assessment','',1,0,2,'2015-09-24 05:00:46',2,'2015-09-24 05:00:46'),(31,'Demo for Mukul','',1,0,2,'2015-10-13 10:09:30',2,'2015-12-01 09:07:47'),(32,'Sample Questionnaire for Applications','Sample Questionaire',6,1,5,'2015-10-15 11:26:25',5,'2015-10-15 11:28:23'),(33,'Infra Server Assesment','',5,1,9,'2015-11-12 05:19:36',10,'2016-01-05 10:02:25'),(34,'Shaishavs first QE','',4,0,2,'2015-11-20 10:19:06',2,'2015-12-01 09:06:52'),(35,'Questionnaire for Shaishav first day1 :)','',1,1,2,'2015-11-20 10:19:30',2,'2015-12-02 04:19:26'),(36,'AJ_demo qe','',4,0,2,'2015-12-21 10:52:17',2,'2015-12-21 10:52:17'),(37,'AJ_demo qe','',1,0,2,'2015-12-21 10:52:45',2,'2015-12-21 10:52:45'),(39,'Server Questionaire','Server Questionaire',7,1,5,'2016-01-05 10:31:41',5,'2016-01-07 08:24:06'),(40,'Database Questionaire','Database Questionaire',7,1,5,'2016-01-06 06:30:28',3,'2016-03-31 06:39:13'),(41,'Cloud Readiness ','Cloud Readiness ',7,1,5,'2016-01-06 09:23:23',5,'2016-01-06 09:29:44'),(42,'Business Benefits','Business Benefits',7,1,5,'2016-01-06 12:16:36',3,'2016-03-31 06:39:00'),(43,'Sample Questionnaire','Sample Questionnaire',7,1,5,'2016-01-06 14:21:52',3,'2016-03-31 06:39:28'),(44,'Applications Questionnaire','Applications Questionnaire',7,1,5,'2016-01-07 05:50:20',3,'2016-03-31 10:25:27'),(45,'Questionnaire for Servers','Questionnaire for Servers',7,1,5,'2016-01-08 05:12:03',5,'2016-01-08 06:16:20'),(46,'Questionnaire for Applications','Questionnaire for Applications',7,1,5,'2016-01-08 07:21:09',5,'2016-01-08 07:21:09'),(47,'Questionnaire for Applications','Questionnaire for Applications',5,0,10,'2016-04-01 13:55:52',11,'2016-04-29 12:34:12'),(48,'UniqueSunilQuestionnaire','UniqueSunilQuestionnaire',5,0,10,'2016-04-06 08:40:22',10,'2016-04-07 14:34:24'),(49,'New Sunil','New Sunil',5,1,10,'2016-04-07 14:39:04',11,'2016-05-03 13:09:27'),(50,'test21042016','test21042016',5,0,11,'2016-04-21 05:55:53',11,'2016-04-21 05:55:53'),(51,'Sunil26042016','Sunil26042016',5,1,11,'2016-04-26 04:56:00',11,'2016-05-03 07:17:26'),(52,'sunil26','',7,0,3,'2016-04-26 05:04:31',3,'2016-04-26 05:04:31'),(53,'sunil321','',5,0,11,'2016-04-26 08:26:47',11,'2016-04-29 05:31:44'),(54,'Spider','Spider',5,0,11,'2016-04-29 14:17:58',11,'2016-04-29 14:27:47'),(55,'Sunil02052016','Sunil02052016',5,1,11,'2016-05-02 08:40:13',11,'2016-05-02 08:45:56');
/*!40000 ALTER TABLE `questionnaire` ENABLE KEYS */;
UNLOCK TABLES;

--
-- Table structure for table `questionnaire_asset`
--

DROP TABLE IF EXISTS `questionnaire_asset`;
/*!40101 SET @saved_cs_client     = @@character_set_client */;
/*!40101 SET character_set_client = utf8 */;
CREATE TABLE `questionnaire_asset` (
  `id` int(11) NOT NULL AUTO_INCREMENT,
  `questionnaireId` int(11) NOT NULL,
  `assetId` int(11) NOT NULL,
  PRIMARY KEY (`id`),
  UNIQUE KEY `questionnaire_asset_questionnaireAssetId_uq` (`questionnaireId`,`assetId`),
  KEY `questionnaire_asset_questionnaireId_fk_idx` (`questionnaireId`),
  KEY `questionnaire_asset_assetId_fk_idx` (`assetId`),
  CONSTRAINT `questionnaire_asset_assetId_fk` FOREIGN KEY (`assetId`) REFERENCES `asset` (`id`) ON DELETE NO ACTION ON UPDATE NO ACTION,
  CONSTRAINT `questionnaire_asset_questionnaireId_fk` FOREIGN KEY (`questionnaireId`) REFERENCES `questionnaire` (`id`) ON DELETE NO ACTION ON UPDATE NO ACTION
) ENGINE=InnoDB AUTO_INCREMENT=5095 DEFAULT CHARSET=latin1;
/*!40101 SET character_set_client = @saved_cs_client */;

--
-- Dumping data for table `questionnaire_asset`
--

LOCK TABLES `questionnaire_asset` WRITE;
/*!40000 ALTER TABLE `questionnaire_asset` DISABLE KEYS */;
INSERT INTO `questionnaire_asset` VALUES (241,23,1),(242,23,2),(243,23,3),(244,23,4),(245,23,5),(246,23,6),(247,23,7),(248,23,8),(249,23,9),(236,23,10),(237,23,11),(238,23,12),(239,23,13),(240,23,14),(250,23,15),(251,23,16),(157,24,2),(158,24,3),(159,24,4),(160,24,5),(161,24,7),(162,24,8),(163,24,9),(152,24,10),(153,24,11),(154,24,12),(155,24,13),(156,24,14),(150,24,17),(151,24,18),(88,25,1),(89,25,2),(87,25,14),(139,27,10),(140,27,11),(141,27,12),(142,27,13),(143,27,14),(144,28,1),(145,28,2),(146,28,3),(147,28,4),(148,28,5),(149,28,6),(5039,29,23),(5038,29,97),(224,30,1),(225,30,2),(226,30,3),(227,30,4),(228,30,5),(219,30,10),(220,30,11),(221,30,12),(222,30,13),(223,30,14),(360,31,1),(361,31,2),(362,31,3),(363,31,4),(233,32,105),(234,32,106),(235,32,107),(804,33,108),(805,33,109),(806,33,110),(807,33,111),(808,33,112),(809,33,113),(810,33,114),(811,33,115),(812,33,116),(813,33,117),(814,33,118),(815,33,119),(816,33,120),(817,33,121),(818,33,122),(819,33,123),(820,33,124),(821,33,125),(822,33,126),(823,33,127),(824,33,128),(825,33,129),(826,33,130),(827,33,131),(828,33,132),(829,33,133),(830,33,134),(831,33,135),(832,33,136),(833,33,137),(834,33,138),(835,33,139),(836,33,140),(837,33,141),(838,33,142),(839,33,143),(840,33,144),(841,33,145),(842,33,146),(843,33,147),(844,33,148),(845,33,149),(846,33,150),(847,33,151),(848,33,152),(370,35,1),(371,35,2),(372,35,3),(373,35,4),(374,35,5),(375,35,6),(378,37,1),(379,37,2),(380,37,3),(381,37,4),(382,37,5),(376,37,10),(377,37,11),(3199,39,192),(3200,39,193),(3201,39,194),(3202,39,195),(3203,39,196),(3204,39,197),(3205,39,198),(3206,39,199),(3207,39,200),(3208,39,201),(3209,39,202),(3210,39,203),(3211,39,204),(3212,39,205),(3213,39,206),(3214,39,207),(3215,39,208),(3216,39,209),(3217,39,210),(3218,39,211),(3219,39,212),(3220,39,213),(3221,39,214),(3222,39,215),(3223,39,216),(3224,39,217),(3225,39,218),(3226,39,219),(3227,39,220),(3228,39,221),(3229,39,222),(3230,39,223),(3231,39,224),(3161,39,225),(3162,39,226),(3163,39,227),(3164,39,228),(3165,39,229),(3166,39,230),(3167,39,231),(3168,39,232),(3169,39,233),(3170,39,234),(3171,39,235),(3172,39,236),(3173,39,237),(3174,39,238),(3175,39,239),(3176,39,240),(3177,39,241),(3178,39,242),(3179,39,243),(3180,39,244),(3181,39,245),(3182,39,246),(3183,39,247),(3184,39,248),(3185,39,249),(3186,39,250),(3187,39,251),(3188,39,252),(3189,39,253),(3190,39,254),(3191,39,255),(3192,39,256),(3193,39,257),(3194,39,258),(3195,39,259),(3196,39,260),(3197,39,261),(3198,39,262),(3788,40,263),(3789,40,264),(3790,40,265),(3791,40,266),(3792,40,267),(3793,40,268),(3794,40,269),(3795,40,270),(3796,40,271),(3797,40,272),(3798,40,273),(3799,40,274),(3800,40,275),(3801,40,276),(3802,40,277),(3803,40,278),(3804,40,279),(3805,40,280),(1706,41,192),(1707,41,193),(1708,41,194),(1709,41,195),(1710,41,196),(1711,41,197),(1712,41,198),(1713,41,199),(1714,41,200),(1715,41,201),(1716,41,202),(1717,41,203),(1718,41,204),(1719,41,205),(1720,41,206),(1721,41,207),(1722,41,208),(1723,41,209),(1724,41,210),(1725,41,211),(1726,41,212),(1727,41,213),(1728,41,214),(1729,41,215),(1730,41,216),(1731,41,217),(1732,41,218),(1733,41,219),(1734,41,220),(1735,41,221),(1736,41,222),(1737,41,223),(1738,41,224),(1669,41,225),(1670,41,226),(1671,41,227),(1672,41,228),(1673,41,229),(1674,41,230),(1675,41,231),(1676,41,232),(1677,41,233),(1678,41,234),(1679,41,235),(1680,41,236),(1681,41,237),(1682,41,238),(1683,41,239),(1684,41,240),(1685,41,241),(1686,41,242),(1687,41,244),(1688,41,245),(1689,41,246),(1690,41,247),(1691,41,248),(1692,41,249),(1693,41,250),(1694,41,251),(1695,41,252),(1696,41,253),(1697,41,254),(1698,41,255),(1699,41,256),(1700,41,257),(1701,41,258),(1702,41,259),(1703,41,260),(1704,41,261),(1705,41,262),(3755,42,192),(3756,42,193),(3757,42,194),(3758,42,195),(3759,42,196),(3760,42,197),(3761,42,198),(3762,42,199),(3763,42,200),(3764,42,201),(3765,42,202),(3766,42,203),(3767,42,204),(3768,42,205),(3769,42,206),(3770,42,207),(3771,42,208),(3772,42,209),(3773,42,210),(3774,42,211),(3775,42,212),(3776,42,213),(3777,42,214),(3778,42,215),(3779,42,216),(3780,42,217),(3781,42,218),(3782,42,219),(3783,42,220),(3784,42,221),(3785,42,222),(3786,42,223),(3787,42,224),(3717,42,225),(3718,42,226),(3719,42,227),(3720,42,228),(3721,42,229),(3722,42,230),(3723,42,231),(3724,42,232),(3725,42,233),(3726,42,234),(3727,42,235),(3728,42,236),(3729,42,237),(3730,42,238),(3731,42,239),(3732,42,240),(3733,42,241),(3734,42,242),(3735,42,243),(3736,42,244),(3737,42,245),(3738,42,246),(3739,42,247),(3740,42,248),(3741,42,249),(3742,42,250),(3743,42,251),(3744,42,252),(3745,42,253),(3746,42,254),(3747,42,255),(3748,42,256),(3749,42,257),(3750,42,258),(3751,42,259),(3752,42,260),(3753,42,261),(3754,42,262),(3806,43,477),(3807,43,478),(3808,43,479),(3809,43,480),(4103,44,281),(4104,44,282),(4105,44,283),(4106,44,284),(4107,44,285),(4108,44,286),(4109,44,287),(4110,44,288),(4111,44,289),(4112,44,290),(4113,44,291),(4114,44,292),(4115,44,293),(4116,44,294),(4117,44,304),(4118,44,305),(4119,44,306),(4120,44,307),(4121,44,308),(4122,44,309),(4123,44,310),(4124,44,311),(4125,44,312),(4126,44,313),(4127,44,314),(4128,44,315),(4129,44,316),(4130,44,317),(4131,44,318),(4132,44,319),(4133,44,320),(4134,44,321),(4135,44,322),(4136,44,323),(4137,44,324),(4138,44,325),(4139,44,326),(4140,44,327),(4141,44,470),(4142,44,471),(4143,44,472),(4144,44,473),(4145,44,474),(4146,44,475),(4147,44,476),(4148,44,477),(4149,44,478),(4150,44,479),(4151,44,480),(3975,44,481),(3976,44,482),(3977,44,483),(3978,44,484),(3979,44,485),(3980,44,486),(3981,44,487),(3982,44,488),(3983,44,489),(3984,44,490),(3985,44,491),(3986,44,492),(3987,44,493),(3988,44,494),(3989,44,495),(3990,44,496),(3991,44,497),(3992,44,498),(3993,44,499),(3994,44,504),(3995,44,505),(3996,44,506),(3997,44,508),(3998,44,509),(3999,44,510),(4000,44,511),(4001,44,512),(4002,44,513),(4003,44,514),(4004,44,515),(4005,44,516),(4006,44,517),(4007,44,518),(4008,44,519),(4009,44,520),(4010,44,521),(4011,44,522),(4012,44,523),(4013,44,524),(4014,44,525),(4015,44,526),(4016,44,527),(4017,44,532),(4018,44,533),(4019,44,534),(4020,44,535),(4021,44,536),(4022,44,537),(4023,44,538),(4024,44,539),(4025,44,540),(4026,44,541),(4027,44,542),(4028,44,543),(4029,44,544),(4030,44,545),(4031,44,546),(4032,44,547),(4033,44,548),(4034,44,549),(4035,44,550),(4036,44,551),(4037,44,552),(4038,44,553),(4039,44,554),(4040,44,555),(4041,44,556),(4042,44,557),(4043,44,559),(4044,44,567),(4045,44,568),(4046,44,569),(4047,44,570),(4048,44,571),(4049,44,572),(4050,44,573),(4051,44,574),(4052,44,575),(4053,44,576),(4054,44,577),(4055,44,578),(4056,44,579),(4057,44,580),(4058,44,581),(4059,44,582),(4060,44,583),(4061,44,584),(4062,44,585),(4063,44,586),(4064,44,587),(4065,44,588),(4066,44,589),(4067,44,590),(4068,44,591),(4069,44,592),(4070,44,593),(4071,44,594),(4072,44,595),(4073,44,596),(4074,44,597),(4075,44,598),(4076,44,599),(4077,44,600),(4078,44,603),(4079,44,604),(4080,44,605),(4081,44,606),(4082,44,607),(4083,44,608),(4084,44,609),(4085,44,610),(4086,44,611),(4087,44,612),(4088,44,613),(4089,44,614),(4090,44,615),(4091,44,616),(4092,44,617),(4093,44,618),(4094,44,619),(4095,44,620),(4096,44,621),(4097,44,622),(4098,44,623),(4099,44,624),(4100,44,625),(4101,44,626),(4102,44,627),(3443,45,192),(3444,45,193),(3445,45,194),(3446,45,195),(3447,45,196),(3448,45,197),(3449,45,198),(3450,45,199),(3451,45,200),(3452,45,201),(3453,45,202),(3454,45,203),(3455,45,204),(3456,45,205),(3457,45,206),(3458,45,207),(3459,45,208),(3460,45,209),(3461,45,210),(3462,45,211),(3463,45,212),(3464,45,213),(3465,45,214),(3466,45,215),(3467,45,216),(3468,45,217),(3469,45,218),(3470,45,219),(3471,45,220),(3472,45,221),(3473,45,222),(3474,45,223),(3475,45,224),(3405,45,225),(3406,45,226),(3407,45,227),(3408,45,228),(3409,45,229),(3410,45,230),(3411,45,231),(3412,45,232),(3413,45,233),(3414,45,234),(3415,45,235),(3416,45,236),(3417,45,237),(3418,45,238),(3419,45,239),(3420,45,240),(3421,45,241),(3422,45,242),(3423,45,243),(3424,45,244),(3425,45,245),(3426,45,246),(3427,45,247),(3428,45,248),(3429,45,249),(3430,45,250),(3431,45,251),(3432,45,252),(3433,45,253),(3434,45,254),(3435,45,255),(3436,45,256),(3437,45,257),(3438,45,258),(3439,45,259),(3440,45,260),(3441,45,261),(3442,45,262),(3476,46,481),(3477,46,482),(3478,46,483),(3479,46,484),(3480,46,485),(3481,46,486),(3482,46,487),(3483,46,488),(3484,46,489),(3485,46,490),(3486,46,491),(3487,46,492),(3488,46,493),(3489,46,494),(3490,46,495),(3491,46,496),(3492,46,497),(3493,46,498),(3494,46,499),(3495,46,500),(3496,46,501),(3497,46,502),(3498,46,503),(3499,46,504),(3500,46,505),(3501,46,506),(3502,46,507),(3503,46,508),(3504,46,509),(3505,46,510),(3506,46,511),(3507,46,512),(3508,46,513),(3509,46,514),(3510,46,515),(3511,46,516),(3512,46,517),(3513,46,518),(3514,46,519),(3515,46,520),(3516,46,521),(3517,46,522),(3518,46,523),(3519,46,524),(3520,46,525),(3521,46,526),(3522,46,527),(3523,46,528),(3524,46,529),(3525,46,530),(3526,46,531),(3527,46,532),(3528,46,533),(3529,46,534),(3530,46,535),(3531,46,536),(3532,46,537),(3533,46,538),(3534,46,539),(3535,46,540),(4364,47,97),(4365,47,98),(5057,48,23),(5079,48,98),(5056,48,108),(5081,49,23),(5086,49,97),(5082,49,108),(5087,50,97),(5088,51,98),(5089,52,628),(5090,53,97),(5092,54,27),(5091,54,153),(5093,55,97),(5094,55,1109);
/*!40000 ALTER TABLE `questionnaire_asset` ENABLE KEYS */;
UNLOCK TABLES;

--
-- Table structure for table `questionnaire_parameter`
--

DROP TABLE IF EXISTS `questionnaire_parameter`;
/*!40101 SET @saved_cs_client     = @@character_set_client */;
/*!40101 SET character_set_client = utf8 */;
CREATE TABLE `questionnaire_parameter` (
  `id` int(11) NOT NULL AUTO_INCREMENT,
  `questionnaireId` int(11) NOT NULL,
  `parameterId` int(11) NOT NULL,
  `rootParameterId` int(11) NOT NULL,
  `parentParameterId` int(11) DEFAULT NULL,
  PRIMARY KEY (`id`),
  UNIQUE KEY `qp_questionnaireId_parameterId_parentParameterId_uq` (`questionnaireId`,`parameterId`,`parentParameterId`,`rootParameterId`),
  KEY `qp_questionnaireId_fk_idx` (`questionnaireId`),
  KEY `qp_parameterId_fk_idx` (`parameterId`),
  KEY `qp_rootParameterId_fk_idx` (`rootParameterId`),
  KEY `qp_parentParameterId_fk_idx` (`parentParameterId`),
  CONSTRAINT `qp_parameterId_fk` FOREIGN KEY (`parameterId`) REFERENCES `parameter` (`id`) ON DELETE NO ACTION ON UPDATE NO ACTION,
  CONSTRAINT `qp_parentParameterId_fk` FOREIGN KEY (`parentParameterId`) REFERENCES `parameter` (`id`) ON DELETE NO ACTION ON UPDATE NO ACTION,
  CONSTRAINT `qp_questionnaireId_fk` FOREIGN KEY (`questionnaireId`) REFERENCES `questionnaire` (`id`) ON DELETE NO ACTION ON UPDATE NO ACTION,
  CONSTRAINT `qp_rootParameterId_fk` FOREIGN KEY (`rootParameterId`) REFERENCES `parameter` (`id`) ON DELETE NO ACTION ON UPDATE NO ACTION
) ENGINE=InnoDB AUTO_INCREMENT=216 DEFAULT CHARSET=latin1;
/*!40101 SET character_set_client = @saved_cs_client */;

--
-- Dumping data for table `questionnaire_parameter`
--

LOCK TABLES `questionnaire_parameter` WRITE;
/*!40000 ALTER TABLE `questionnaire_parameter` DISABLE KEYS */;
INSERT INTO `questionnaire_parameter` VALUES (185,29,186,186,NULL),(4,44,110,110,NULL),(5,44,146,146,NULL),(6,44,179,179,NULL),(67,47,92,92,NULL),(68,47,93,93,NULL),(66,47,95,95,NULL),(121,48,181,185,182),(212,49,155,194,160),(214,49,155,194,180),(213,49,160,194,180),(210,49,163,194,194),(215,49,180,194,194),(211,49,189,194,194),(209,49,194,194,NULL),(144,50,92,92,NULL),(146,51,92,92,NULL),(150,51,181,185,182),(148,51,181,185,183),(151,51,182,185,184),(149,51,183,185,185),(152,51,184,185,185),(147,51,185,185,NULL),(195,53,155,155,NULL),(196,55,189,189,NULL);
/*!40000 ALTER TABLE `questionnaire_parameter` ENABLE KEYS */;
UNLOCK TABLES;

--
-- Table structure for table `questionnaire_question`
--

DROP TABLE IF EXISTS `questionnaire_question`;
/*!40101 SET @saved_cs_client     = @@character_set_client */;
/*!40101 SET character_set_client = utf8 */;
CREATE TABLE `questionnaire_question` (
  `id` int(11) NOT NULL AUTO_INCREMENT,
  `questionnaireId` int(11) DEFAULT NULL,
  `questionId` int(11) NOT NULL,
  `questionnaireAssetId` int(11) DEFAULT NULL,
  `questionnaireParameterId` int(11) NOT NULL,
  `sequenceNumber` int(11) DEFAULT NULL,
  PRIMARY KEY (`id`),
  UNIQUE KEY `qq_QEId_QId_QAId_QPId_uq` (`questionnaireId`,`questionId`,`questionnaireAssetId`,`questionnaireParameterId`),
  KEY `questionnaire_question_questionnaireId_fk_idx` (`questionnaireId`),
  KEY `questionnaire_question_questionId_fk_idx` (`questionId`),
  KEY `questionnaire_question_assetId_fk_idx` (`questionnaireAssetId`),
  KEY `qq_questionnaireParameterId_fk_idx` (`questionnaireParameterId`),
  CONSTRAINT `qq_questionnaireParameterId_fk` FOREIGN KEY (`questionnaireParameterId`) REFERENCES `questionnaire_parameter` (`id`) ON DELETE NO ACTION ON UPDATE NO ACTION,
  CONSTRAINT `questionnaire_question_questionId_fk` FOREIGN KEY (`questionId`) REFERENCES `question` (`id`) ON DELETE NO ACTION ON UPDATE NO ACTION,
  CONSTRAINT `questionnaire_question_questionnaireAssetId_fk` FOREIGN KEY (`questionnaireAssetId`) REFERENCES `questionnaire_asset` (`id`) ON DELETE NO ACTION ON UPDATE NO ACTION,
  CONSTRAINT `questionnaire_question_questionnaireId_fk` FOREIGN KEY (`questionnaireId`) REFERENCES `questionnaire` (`id`) ON DELETE NO ACTION ON UPDATE NO ACTION
) ENGINE=InnoDB AUTO_INCREMENT=1586 DEFAULT CHARSET=latin1;
/*!40101 SET character_set_client = @saved_cs_client */;

--
-- Dumping data for table `questionnaire_question`
--

LOCK TABLES `questionnaire_question` WRITE;
/*!40000 ALTER TABLE `questionnaire_question` DISABLE KEYS */;
INSERT INTO `questionnaire_question` VALUES (331,44,138,4020,4,1),(332,44,139,4020,4,2),(333,44,87,4020,6,3),(334,44,86,4020,6,4),(335,44,138,4092,4,5),(336,44,139,4092,4,6),(337,44,87,4092,6,7),(338,44,86,4092,6,8),(339,44,138,4012,4,9),(340,44,139,4012,4,10),(341,44,87,4012,6,11),(342,44,86,4012,6,12),(343,44,138,4017,4,13),(344,44,139,4017,4,14),(345,44,87,4017,6,15),(346,44,86,4017,6,16),(347,44,138,4003,4,17),(348,44,139,4003,4,18),(349,44,87,4003,6,19),(350,44,86,4003,6,20),(351,44,138,4031,4,21),(352,44,139,4031,4,22),(353,44,87,4031,6,23),(354,44,86,4031,6,24),(355,44,138,4068,4,25),(356,44,139,4068,4,26),(357,44,87,4068,6,27),(358,44,86,4068,6,28),(359,44,138,4136,4,29),(360,44,139,4136,4,30),(361,44,87,4136,6,31),(362,44,86,4136,6,32),(363,44,138,4071,4,33),(364,44,139,4071,4,34),(365,44,87,4071,6,35),(366,44,86,4071,6,36),(367,44,138,3978,4,37),(368,44,139,3978,4,38),(369,44,87,3978,6,39),(370,44,86,3978,6,40),(371,44,138,4026,4,41),(372,44,139,4026,4,42),(373,44,87,4026,6,43),(374,44,86,4026,6,44),(375,44,138,4060,4,45),(376,44,139,4060,4,46),(377,44,87,4060,6,47),(378,44,86,4060,6,48),(379,44,138,3983,4,49),(380,44,139,3983,4,50),(381,44,87,3983,6,51),(382,44,86,3983,6,52),(383,44,138,4122,4,53),(384,44,139,4122,4,54),(385,44,87,4122,6,55),(386,44,86,4122,6,56),(387,44,138,4035,4,57),(388,44,139,4035,4,58),(389,44,87,4035,6,59),(390,44,86,4035,6,60),(391,44,138,4140,4,61),(392,44,139,4140,4,62),(393,44,87,4140,6,63),(394,44,86,4140,6,64),(395,44,138,4005,4,65),(396,44,139,4005,4,66),(397,44,87,4005,6,67),(398,44,86,4005,6,68),(399,44,138,4073,4,69),(400,44,139,4073,4,70),(401,44,87,4073,6,71),(402,44,86,4073,6,72),(403,44,138,4107,4,73),(404,44,139,4107,4,74),(405,44,87,4107,6,75),(406,44,86,4107,6,76),(407,44,138,4135,4,77),(408,44,139,4135,4,78),(409,44,87,4135,6,79),(410,44,86,4135,6,80),(411,44,138,4075,4,81),(412,44,139,4075,4,82),(413,44,87,4075,6,83),(414,44,86,4075,6,84),(415,44,138,4137,4,85),(416,44,139,4137,4,86),(417,44,87,4137,6,87),(418,44,86,4137,6,88),(419,44,138,3992,4,89),(420,44,139,3992,4,90),(421,44,87,3992,6,91),(422,44,86,3992,6,92),(423,44,138,4013,4,93),(424,44,139,4013,4,94),(425,44,87,4013,6,95),(426,44,86,4013,6,96),(427,44,138,4139,4,97),(428,44,139,4139,4,98),(429,44,87,4139,6,99),(430,44,86,4139,6,100),(431,44,138,4112,4,101),(432,44,139,4112,4,102),(433,44,87,4112,6,103),(434,44,86,4112,6,104),(435,44,138,4039,4,105),(436,44,139,4039,4,106),(437,44,87,4039,6,107),(438,44,86,4039,6,108),(439,44,138,3999,4,109),(440,44,139,3999,4,110),(441,44,87,3999,6,111),(442,44,86,3999,6,112),(443,44,138,4127,4,113),(444,44,139,4127,4,114),(445,44,87,4127,6,115),(446,44,86,4127,6,116),(447,44,138,3986,4,117),(448,44,139,3986,4,118),(449,44,87,3986,6,119),(450,44,86,3986,6,120),(451,44,138,4129,4,121),(452,44,139,4129,4,122),(453,44,87,4129,6,123),(454,44,86,4129,6,124),(455,44,138,4118,4,125),(456,44,139,4118,4,126),(457,44,87,4118,6,127),(458,44,86,4118,6,128),(459,44,138,4141,4,129),(460,44,139,4141,4,130),(461,44,87,4141,6,131),(462,44,86,4141,6,132),(463,44,138,3998,4,133),(464,44,139,3998,4,134),(465,44,87,3998,6,135),(466,44,86,3998,6,136),(467,44,138,3984,4,137),(468,44,139,3984,4,138),(469,44,87,3984,6,139),(470,44,86,3984,6,140),(471,44,138,4143,4,141),(472,44,139,4143,4,142),(473,44,87,4143,6,143),(474,44,86,4143,6,144),(475,44,138,4025,4,145),(476,44,139,4025,4,146),(477,44,87,4025,6,147),(478,44,86,4025,6,148),(479,44,138,3981,4,149),(480,44,139,3981,4,150),(481,44,87,3981,6,151),(482,44,86,3981,6,152),(483,44,138,3996,4,153),(484,44,139,3996,4,154),(485,44,87,3996,6,155),(486,44,86,3996,6,156),(487,44,138,4007,4,157),(488,44,139,4007,4,158),(489,44,87,4007,6,159),(490,44,86,4007,6,160),(491,44,138,4029,4,161),(492,44,139,4029,4,162),(493,44,87,4029,6,163),(494,44,86,4029,6,164),(495,44,138,4103,4,165),(496,44,139,4103,4,166),(497,44,87,4103,6,167),(498,44,86,4103,6,168),(499,44,138,4151,4,169),(500,44,139,4151,4,170),(501,44,87,4151,6,171),(502,44,86,4151,6,172),(503,44,138,4016,4,173),(504,44,139,4016,4,174),(505,44,87,4016,6,175),(506,44,86,4016,6,176),(507,44,138,4034,4,177),(508,44,139,4034,4,178),(509,44,87,4034,6,179),(510,44,86,4034,6,180),(511,44,138,4037,4,181),(512,44,139,4037,4,182),(513,44,87,4037,6,183),(514,44,86,4037,6,184),(515,44,138,4041,4,185),(516,44,139,4041,4,186),(517,44,87,4041,6,187),(518,44,86,4041,6,188),(519,44,138,4104,4,189),(520,44,139,4104,4,190),(521,44,87,4104,6,191),(522,44,86,4104,6,192),(523,44,138,4142,4,193),(524,44,139,4142,4,194),(525,44,87,4142,6,195),(526,44,86,4142,6,196),(527,44,138,4131,4,197),(528,44,139,4131,4,198),(529,44,87,4131,6,199),(530,44,86,4131,6,200),(531,44,138,4018,4,201),(532,44,139,4018,4,202),(533,44,87,4018,6,203),(534,44,86,4018,6,204),(535,44,138,3982,4,205),(536,44,139,3982,4,206),(537,44,87,3982,6,207),(538,44,86,3982,6,208),(539,44,138,4145,4,209),(540,44,139,4145,4,210),(541,44,87,4145,6,211),(542,44,86,4145,6,212),(543,44,138,4009,4,213),(544,44,139,4009,4,214),(545,44,87,4009,6,215),(546,44,86,4009,6,216),(547,44,138,4038,4,217),(548,44,139,4038,4,218),(549,44,87,4038,6,219),(550,44,86,4038,6,220),(551,44,138,4091,4,221),(552,44,139,4091,4,222),(553,44,87,4091,6,223),(554,44,86,4091,6,224),(555,44,138,4076,4,225),(556,44,139,4076,4,226),(557,44,87,4076,6,227),(558,44,86,4076,6,228),(559,44,138,4061,4,229),(560,44,139,4061,4,230),(561,44,87,4061,6,231),(562,44,86,4061,6,232),(563,44,138,4065,4,233),(564,44,139,4065,4,234),(565,44,87,4065,6,235),(566,44,86,4065,6,236),(567,44,138,4120,4,237),(568,44,139,4120,4,238),(569,44,87,4120,6,239),(570,44,86,4120,6,240),(571,44,138,3989,4,241),(572,44,139,3989,4,242),(573,44,87,3989,6,243),(574,44,86,3989,6,244),(575,44,138,4138,4,245),(576,44,139,4138,4,246),(577,44,87,4138,6,247),(578,44,86,4138,6,248),(579,44,138,4093,4,249),(580,44,139,4093,4,250),(581,44,87,4093,6,251),(582,44,86,4093,6,252),(583,44,138,4056,4,253),(584,44,139,4056,4,254),(585,44,87,4056,6,255),(586,44,86,4056,6,256),(587,44,138,3990,4,257),(588,44,139,3990,4,258),(589,44,87,3990,6,259),(590,44,86,3990,6,260),(591,44,138,4117,4,261),(592,44,139,4117,4,262),(593,44,87,4117,6,263),(594,44,86,4117,6,264),(595,44,138,4064,4,265),(596,44,139,4064,4,266),(597,44,87,4064,6,267),(598,44,86,4064,6,268),(599,44,138,4088,4,269),(600,44,139,4088,4,270),(601,44,87,4088,6,271),(602,44,86,4088,6,272),(603,44,138,4049,4,273),(604,44,139,4049,4,274),(605,44,87,4049,6,275),(606,44,86,4049,6,276),(607,44,138,4085,4,277),(608,44,139,4085,4,278),(609,44,87,4085,6,279),(610,44,86,4085,6,280),(611,44,138,4102,4,281),(612,44,139,4102,4,282),(613,44,87,4102,6,283),(614,44,86,4102,6,284),(615,44,138,3987,4,285),(616,44,139,3987,4,286),(617,44,87,3987,6,287),(618,44,86,3987,6,288),(619,44,138,4046,4,289),(620,44,139,4046,4,290),(621,44,87,4046,6,291),(622,44,86,4046,6,292),(623,44,138,4110,4,293),(624,44,139,4110,4,294),(625,44,87,4110,6,295),(626,44,86,4110,6,296),(627,44,138,4055,4,297),(628,44,139,4055,4,298),(629,44,87,4055,6,299),(630,44,86,4055,6,300),(631,44,138,4024,4,301),(632,44,139,4024,4,302),(633,44,87,4024,6,303),(634,44,86,4024,6,304),(635,44,138,4101,4,305),(636,44,139,4101,4,306),(637,44,87,4101,6,307),(638,44,86,4101,6,308),(639,44,138,4150,4,309),(640,44,139,4150,4,310),(641,44,87,4150,6,311),(642,44,86,4150,6,312),(643,44,138,4043,4,313),(644,44,139,4043,4,314),(645,44,87,4043,6,315),(646,44,86,4043,6,316),(647,44,138,4067,4,317),(648,44,139,4067,4,318),(649,44,87,4067,6,319),(650,44,86,4067,6,320),(651,44,138,4111,4,321),(652,44,139,4111,4,322),(653,44,87,4111,6,323),(654,44,86,4111,6,324),(655,44,138,4123,4,325),(656,44,139,4123,4,326),(657,44,87,4123,6,327),(658,44,86,4123,6,328),(659,44,138,4062,4,329),(660,44,139,4062,4,330),(661,44,87,4062,6,331),(662,44,86,4062,6,332),(663,44,138,3975,4,333),(664,44,139,3975,4,334),(665,44,87,3975,6,335),(666,44,86,3975,6,336),(667,44,138,4019,4,337),(668,44,139,4019,4,338),(669,44,87,4019,6,339),(670,44,86,4019,6,340),(671,44,138,4147,4,341),(672,44,139,4147,4,342),(673,44,87,4147,6,343),(674,44,86,4147,6,344),(675,44,138,4121,4,345),(676,44,139,4121,4,346),(677,44,87,4121,6,347),(678,44,86,4121,6,348),(679,44,138,4059,4,349),(680,44,139,4059,4,350),(681,44,87,4059,6,351),(682,44,86,4059,6,352),(683,44,138,4116,4,353),(684,44,139,4116,4,354),(685,44,87,4116,6,355),(686,44,86,4116,6,356),(687,44,138,3995,4,357),(688,44,139,3995,4,358),(689,44,87,3995,6,359),(690,44,86,3995,6,360),(691,44,138,4066,4,361),(692,44,139,4066,4,362),(693,44,87,4066,6,363),(694,44,86,4066,6,364),(695,44,138,4081,4,365),(696,44,139,4081,4,366),(697,44,87,4081,6,367),(698,44,86,4081,6,368),(699,44,138,3991,4,369),(700,44,139,3991,4,370),(701,44,87,3991,6,371),(702,44,86,3991,6,372),(703,44,138,4054,4,373),(704,44,139,4054,4,374),(705,44,87,4054,6,375),(706,44,86,4054,6,376),(707,44,138,4042,4,377),(708,44,139,4042,4,378),(709,44,87,4042,6,379),(710,44,86,4042,6,380),(711,44,138,4001,4,381),(712,44,139,4001,4,382),(713,44,87,4001,6,383),(714,44,86,4001,6,384),(715,44,138,4028,4,385),(716,44,139,4028,4,386),(717,44,87,4028,6,387),(718,44,86,4028,6,388),(719,44,138,4036,4,389),(720,44,139,4036,4,390),(721,44,87,4036,6,391),(722,44,86,4036,6,392),(723,44,138,4044,4,393),(724,44,139,4044,4,394),(725,44,87,4044,6,395),(726,44,86,4044,6,396),(727,44,138,4146,4,397),(728,44,139,4146,4,398),(729,44,87,4146,6,399),(730,44,86,4146,6,400),(731,44,138,4015,4,401),(732,44,139,4015,4,402),(733,44,87,4015,6,403),(734,44,86,4015,6,404),(735,44,138,4053,4,405),(736,44,139,4053,4,406),(737,44,87,4053,6,407),(738,44,86,4053,6,408),(739,44,138,4022,4,409),(740,44,139,4022,4,410),(741,44,87,4022,6,411),(742,44,86,4022,6,412),(743,44,138,3997,4,413),(744,44,139,3997,4,414),(745,44,87,3997,6,415),(746,44,86,3997,6,416),(747,44,138,4050,4,417),(748,44,139,4050,4,418),(749,44,87,4050,6,419),(750,44,86,4050,6,420),(751,44,138,4070,4,421),(752,44,139,4070,4,422),(753,44,87,4070,6,423),(754,44,86,4070,6,424),(755,44,138,4080,4,425),(756,44,139,4080,4,426),(757,44,87,4080,6,427),(758,44,86,4080,6,428),(759,44,138,4032,4,429),(760,44,139,4032,4,430),(761,44,87,4032,6,431),(762,44,86,4032,6,432),(763,44,138,4033,4,433),(764,44,139,4033,4,434),(765,44,87,4033,6,435),(766,44,86,4033,6,436),(767,44,138,4014,4,437),(768,44,139,4014,4,438),(769,44,87,4014,6,439),(770,44,86,4014,6,440),(771,44,138,4105,4,441),(772,44,139,4105,4,442),(773,44,87,4105,6,443),(774,44,86,4105,6,444),(775,44,138,3993,4,445),(776,44,139,3993,4,446),(777,44,87,3993,6,447),(778,44,86,3993,6,448),(779,44,138,4027,4,449),(780,44,139,4027,4,450),(781,44,87,4027,6,451),(782,44,86,4027,6,452),(783,44,138,4132,4,453),(784,44,139,4132,4,454),(785,44,87,4132,6,455),(786,44,86,4132,6,456),(787,44,138,4115,4,457),(788,44,139,4115,4,458),(789,44,87,4115,6,459),(790,44,86,4115,6,460),(791,44,138,4010,4,461),(792,44,139,4010,4,462),(793,44,87,4010,6,463),(794,44,86,4010,6,464),(795,44,138,4069,4,465),(796,44,139,4069,4,466),(797,44,87,4069,6,467),(798,44,86,4069,6,468),(799,44,138,4011,4,469),(800,44,139,4011,4,470),(801,44,87,4011,6,471),(802,44,86,4011,6,472),(803,44,138,4148,4,473),(804,44,139,4148,4,474),(805,44,87,4148,6,475),(806,44,86,4148,6,476),(807,44,138,4063,4,477),(808,44,139,4063,4,478),(809,44,87,4063,6,479),(810,44,86,4063,6,480),(811,44,138,4149,4,481),(812,44,139,4149,4,482),(813,44,87,4149,6,483),(814,44,86,4149,6,484),(815,44,138,4097,4,485),(816,44,139,4097,4,486),(817,44,87,4097,6,487),(818,44,86,4097,6,488),(819,44,138,4021,4,489),(820,44,139,4021,4,490),(821,44,87,4021,6,491),(822,44,86,4021,6,492),(823,44,138,4144,4,493),(824,44,139,4144,4,494),(825,44,87,4144,6,495),(826,44,86,4144,6,496),(827,44,138,4030,4,497),(828,44,139,4030,4,498),(829,44,87,4030,6,499),(830,44,86,4030,6,500),(831,44,138,4023,4,501),(832,44,139,4023,4,502),(833,44,87,4023,6,503),(834,44,86,4023,6,504),(835,44,138,4130,4,505),(836,44,139,4130,4,506),(837,44,87,4130,6,507),(838,44,86,4130,6,508),(839,44,138,4078,4,509),(840,44,139,4078,4,510),(841,44,87,4078,6,511),(842,44,86,4078,6,512),(843,44,138,4051,4,513),(844,44,139,4051,4,514),(845,44,87,4051,6,515),(846,44,86,4051,6,516),(847,44,138,4072,4,517),(848,44,139,4072,4,518),(849,44,87,4072,6,519),(850,44,86,4072,6,520),(851,44,138,4084,4,521),(852,44,139,4084,4,522),(853,44,87,4084,6,523),(854,44,86,4084,6,524),(855,44,138,4099,4,525),(856,44,139,4099,4,526),(857,44,87,4099,6,527),(858,44,86,4099,6,528),(859,44,138,4082,4,529),(860,44,139,4082,4,530),(861,44,87,4082,6,531),(862,44,86,4082,6,532),(863,44,138,4045,4,533),(864,44,139,4045,4,534),(865,44,87,4045,6,535),(866,44,86,4045,6,536),(867,44,138,4106,4,537),(868,44,139,4106,4,538),(869,44,87,4106,6,539),(870,44,86,4106,6,540),(871,44,138,4089,4,541),(872,44,139,4089,4,542),(873,44,87,4089,6,543),(874,44,86,4089,6,544),(875,44,138,3988,4,545),(876,44,139,3988,4,546),(877,44,87,3988,6,547),(878,44,86,3988,6,548),(879,44,138,4002,4,549),(880,44,139,4002,4,550),(881,44,87,4002,6,551),(882,44,86,4002,6,552),(883,44,138,4090,4,553),(884,44,139,4090,4,554),(885,44,87,4090,6,555),(886,44,86,4090,6,556),(887,44,138,4047,4,557),(888,44,139,4047,4,558),(889,44,87,4047,6,559),(890,44,86,4047,6,560),(891,44,138,4094,4,561),(892,44,139,4094,4,562),(893,44,87,4094,6,563),(894,44,86,4094,6,564),(895,44,138,4096,4,565),(896,44,139,4096,4,566),(897,44,87,4096,6,567),(898,44,86,4096,6,568),(899,44,138,4124,4,569),(900,44,139,4124,4,570),(901,44,87,4124,6,571),(902,44,86,4124,6,572),(903,44,138,4086,4,573),(904,44,139,4086,4,574),(905,44,87,4086,6,575),(906,44,86,4086,6,576),(907,44,138,4108,4,577),(908,44,139,4108,4,578),(909,44,87,4108,6,579),(910,44,86,4108,6,580),(911,44,138,3979,4,581),(912,44,139,3979,4,582),(913,44,87,3979,6,583),(914,44,86,3979,6,584),(915,44,138,4100,4,585),(916,44,139,4100,4,586),(917,44,87,4100,6,587),(918,44,86,4100,6,588),(919,44,138,4098,4,589),(920,44,139,4098,4,590),(921,44,87,4098,6,591),(922,44,86,4098,6,592),(923,44,138,4125,4,593),(924,44,139,4125,4,594),(925,44,87,4125,6,595),(926,44,86,4125,6,596),(927,44,138,3976,4,597),(928,44,139,3976,4,598),(929,44,87,3976,6,599),(930,44,86,3976,6,600),(931,44,138,4048,4,601),(932,44,139,4048,4,602),(933,44,87,4048,6,603),(934,44,86,4048,6,604),(935,44,138,4006,4,605),(936,44,139,4006,4,606),(937,44,87,4006,6,607),(938,44,86,4006,6,608),(939,44,138,4126,4,609),(940,44,139,4126,4,610),(941,44,87,4126,6,611),(942,44,86,4126,6,612),(943,44,138,4000,4,613),(944,44,139,4000,4,614),(945,44,87,4000,6,615),(946,44,86,4000,6,616),(947,44,138,4109,4,617),(948,44,139,4109,4,618),(949,44,87,4109,6,619),(950,44,86,4109,6,620),(951,44,138,4133,4,621),(952,44,139,4133,4,622),(953,44,87,4133,6,623),(954,44,86,4133,6,624),(955,44,138,4008,4,625),(956,44,139,4008,4,626),(957,44,87,4008,6,627),(958,44,86,4008,6,628),(959,44,138,3977,4,629),(960,44,139,3977,4,630),(961,44,87,3977,6,631),(962,44,86,3977,6,632),(963,44,138,4057,4,633),(964,44,139,4057,4,634),(965,44,87,4057,6,635),(966,44,86,4057,6,636),(967,44,138,4128,4,637),(968,44,139,4128,4,638),(969,44,87,4128,6,639),(970,44,86,4128,6,640),(971,44,138,4083,4,641),(972,44,139,4083,4,642),(973,44,87,4083,6,643),(974,44,86,4083,6,644),(975,44,138,4074,4,645),(976,44,139,4074,4,646),(977,44,87,4074,6,647),(978,44,86,4074,6,648),(979,44,138,4058,4,649),(980,44,139,4058,4,650),(981,44,87,4058,6,651),(982,44,86,4058,6,652),(983,44,138,4077,4,653),(984,44,139,4077,4,654),(985,44,87,4077,6,655),(986,44,86,4077,6,656),(987,44,138,4095,4,657),(988,44,139,4095,4,658),(989,44,87,4095,6,659),(990,44,86,4095,6,660),(991,44,138,4052,4,661),(992,44,139,4052,4,662),(993,44,87,4052,6,663),(994,44,86,4052,6,664),(995,44,138,4040,4,665),(996,44,139,4040,4,666),(997,44,87,4040,6,667),(998,44,86,4040,6,668),(999,44,138,4087,4,669),(1000,44,139,4087,4,670),(1001,44,87,4087,6,671),(1002,44,86,4087,6,672),(1003,44,138,3994,4,673),(1004,44,139,3994,4,674),(1005,44,87,3994,6,675),(1006,44,86,3994,6,676),(1007,44,138,4119,4,677),(1008,44,139,4119,4,678),(1009,44,87,4119,6,679),(1010,44,86,4119,6,680),(1011,44,138,4079,4,681),(1012,44,139,4079,4,682),(1013,44,87,4079,6,683),(1014,44,86,4079,6,684),(1015,44,138,4134,4,685),(1016,44,139,4134,4,686),(1017,44,87,4134,6,687),(1018,44,86,4134,6,688),(1019,44,138,3980,4,689),(1020,44,139,3980,4,690),(1021,44,87,3980,6,691),(1022,44,86,3980,6,692),(1023,44,138,4113,4,693),(1024,44,139,4113,4,694),(1025,44,87,4113,6,695),(1026,44,86,4113,6,696),(1027,44,138,4004,4,697),(1028,44,139,4004,4,698),(1029,44,87,4004,6,699),(1030,44,86,4004,6,700),(1031,44,138,4114,4,701),(1032,44,139,4114,4,702),(1033,44,87,4114,6,703),(1034,44,86,4114,6,704),(1035,44,138,3985,4,705),(1036,44,139,3985,4,706),(1037,44,87,3985,6,707),(1038,44,86,3985,6,708),(1431,48,86,5057,121,5),(1432,48,87,5057,121,6),(1443,48,86,5056,121,17),(1444,48,87,5056,121,18),(1447,48,86,5079,121,21),(1448,48,87,5079,121,22),(1539,51,123,5088,146,1),(1540,51,128,5088,146,2),(1541,51,86,5088,148,3),(1542,51,87,5088,148,4),(1543,51,86,5088,150,5),(1544,51,87,5088,150,6),(1545,55,86,5093,196,1),(1546,55,87,5093,196,2),(1547,55,88,5093,196,3),(1548,55,89,5093,196,4),(1549,55,86,5094,196,5),(1550,55,87,5094,196,6),(1551,55,88,5094,196,7),(1552,55,89,5094,196,8),(1553,49,138,5081,210,1),(1554,49,156,5081,210,2),(1555,49,159,5081,210,3),(1556,49,86,5081,211,4),(1557,49,87,5081,211,5),(1558,49,88,5081,211,6),(1559,49,89,5081,211,7),(1560,49,86,5081,212,8),(1561,49,87,5081,212,9),(1562,49,86,5081,214,10),(1563,49,87,5081,214,11),(1564,49,138,5082,210,12),(1565,49,156,5082,210,13),(1566,49,159,5082,210,14),(1567,49,86,5082,211,15),(1568,49,87,5082,211,16),(1569,49,88,5082,211,17),(1570,49,89,5082,211,18),(1571,49,86,5082,212,19),(1572,49,87,5082,212,20),(1573,49,86,5082,214,21),(1574,49,87,5082,214,22),(1575,49,138,5086,210,23),(1576,49,156,5086,210,24),(1577,49,159,5086,210,25),(1578,49,86,5086,211,26),(1579,49,87,5086,211,27),(1580,49,88,5086,211,28),(1581,49,89,5086,211,29),(1582,49,86,5086,212,30),(1583,49,87,5086,212,31),(1584,49,86,5086,214,32),(1585,49,87,5086,214,33);
/*!40000 ALTER TABLE `questionnaire_question` ENABLE KEYS */;
UNLOCK TABLES;

--
-- Table structure for table `relationship_asset`
--

DROP TABLE IF EXISTS `relationship_asset`;
/*!40101 SET @saved_cs_client     = @@character_set_client */;
/*!40101 SET character_set_client = utf8 */;
CREATE TABLE `relationship_asset` (
  `id` int(11) NOT NULL AUTO_INCREMENT,
  `relationshipSuggestionId` int(11) NOT NULL,
  `parentAssetId` int(11) NOT NULL,
  `childAssetId` int(11) NOT NULL,
  `createdBy` int(11) NOT NULL,
  `createdDate` timestamp NOT NULL DEFAULT CURRENT_TIMESTAMP ON UPDATE CURRENT_TIMESTAMP,
  `updatedBy` int(11) NOT NULL,
  `updatedDate` timestamp NOT NULL DEFAULT CURRENT_TIMESTAMP ON UPDATE CURRENT_TIMESTAMP,
  PRIMARY KEY (`id`),
  KEY `relationship_asset_relationshipSuggestionId_fk_idx` (`relationshipSuggestionId`),
  KEY `relationship_asset_parentAssetId_fk_idx` (`parentAssetId`),
  KEY `relationship_asset_childAssetId_fk_idx` (`childAssetId`),
  KEY `relationship_asset_createdBy_fk_idx` (`createdBy`),
  KEY `relationship_asset_updatedBy_fk_idx` (`updatedBy`),
  CONSTRAINT `ra_childAssetId_fk` FOREIGN KEY (`childAssetId`) REFERENCES `asset` (`id`) ON DELETE NO ACTION ON UPDATE NO ACTION,
  CONSTRAINT `ra_parentAssetId_fk` FOREIGN KEY (`parentAssetId`) REFERENCES `asset` (`id`) ON DELETE NO ACTION ON UPDATE NO ACTION,
  CONSTRAINT `relationship_asset_createdBy_fk` FOREIGN KEY (`createdBy`) REFERENCES `user` (`id`) ON DELETE NO ACTION ON UPDATE NO ACTION,
  CONSTRAINT `relationship_asset_relationshipSuggestionId_fk` FOREIGN KEY (`relationshipSuggestionId`) REFERENCES `relationship_suggestion` (`id`) ON DELETE NO ACTION ON UPDATE NO ACTION,
  CONSTRAINT `relationship_asset_updatedBy_fk` FOREIGN KEY (`updatedBy`) REFERENCES `user` (`id`) ON DELETE NO ACTION ON UPDATE NO ACTION
) ENGINE=InnoDB AUTO_INCREMENT=2 DEFAULT CHARSET=latin1;
/*!40101 SET character_set_client = @saved_cs_client */;

--
-- Dumping data for table `relationship_asset`
--

LOCK TABLES `relationship_asset` WRITE;
/*!40000 ALTER TABLE `relationship_asset` DISABLE KEYS */;
INSERT INTO `relationship_asset` VALUES (1,4,56,108,11,'2016-04-20 13:55:17',11,'2016-04-27 13:05:55');
/*!40000 ALTER TABLE `relationship_asset` ENABLE KEYS */;
UNLOCK TABLES;

--
-- Table structure for table `relationship_attribute_data`
--

DROP TABLE IF EXISTS `relationship_attribute_data`;
/*!40101 SET @saved_cs_client     = @@character_set_client */;
/*!40101 SET character_set_client = utf8 */;
CREATE TABLE `relationship_attribute_data` (
  `id` int(11) NOT NULL AUTO_INCREMENT,
  `relationshipSuggestionAttributeId` int(11) NOT NULL,
  `relationshipAssetId` int(11) NOT NULL,
  `attributeData` text,
  PRIMARY KEY (`id`),
  KEY `rad_relationshipSuggestionAttributeId_fk_idx` (`relationshipSuggestionAttributeId`),
  KEY `rad_relationshipAssetId_fk_idx` (`relationshipAssetId`),
  CONSTRAINT `rad_relationshipAssetId_fk` FOREIGN KEY (`relationshipAssetId`) REFERENCES `relationship_asset` (`id`) ON DELETE NO ACTION ON UPDATE NO ACTION,
  CONSTRAINT `rad_relationshipSuggestionAttributeId_fk` FOREIGN KEY (`relationshipSuggestionAttributeId`) REFERENCES `relationship_suggestion_attribute` (`id`) ON DELETE NO ACTION ON UPDATE NO ACTION
) ENGINE=InnoDB AUTO_INCREMENT=4 DEFAULT CHARSET=latin1;
/*!40101 SET character_set_client = @saved_cs_client */;

--
-- Dumping data for table `relationship_attribute_data`
--

LOCK TABLES `relationship_attribute_data` WRITE;
/*!40000 ALTER TABLE `relationship_attribute_data` DISABLE KEYS */;
INSERT INTO `relationship_attribute_data` VALUES (1,14,1,''),(2,15,1,''),(3,13,1,'sunil');
/*!40000 ALTER TABLE `relationship_attribute_data` ENABLE KEYS */;
UNLOCK TABLES;

--
-- Table structure for table `relationship_suggestion`
--

DROP TABLE IF EXISTS `relationship_suggestion`;
/*!40101 SET @saved_cs_client     = @@character_set_client */;
/*!40101 SET character_set_client = utf8 */;
CREATE TABLE `relationship_suggestion` (
  `id` int(11) NOT NULL AUTO_INCREMENT,
  `parentAssetTypeId` int(11) NOT NULL,
  `relationshipTypeId` int(11) NOT NULL,
  `childAssetTypeId` int(11) NOT NULL,
  `displayName` varchar(150) NOT NULL,
  `workspaceId` int(11) DEFAULT NULL,
  `deleteStatus` tinyint(1) NOT NULL DEFAULT '0',
  `createdBy` int(11) NOT NULL,
  `createdDate` timestamp NOT NULL DEFAULT CURRENT_TIMESTAMP ON UPDATE CURRENT_TIMESTAMP,
  `updatedBy` int(11) NOT NULL,
  `updatedDate` timestamp NOT NULL DEFAULT CURRENT_TIMESTAMP ON UPDATE CURRENT_TIMESTAMP,
  PRIMARY KEY (`id`),
  UNIQUE KEY `rs_displayName_workspaceId_uq` (`workspaceId`,`displayName`),
  KEY `rs_parentAssetTypeId_idx` (`parentAssetTypeId`),
  KEY `rs_childAssetTypeId_idx` (`childAssetTypeId`),
  KEY `rs_relationshipTypeId_idx` (`relationshipTypeId`),
  KEY `rs_workspaceId_idx` (`workspaceId`),
  KEY `rs_createdBy_idx` (`createdBy`),
  KEY `rs_updatedBy_idx` (`updatedBy`),
  CONSTRAINT `rs_childAssetTypeId` FOREIGN KEY (`childAssetTypeId`) REFERENCES `asset_type` (`id`) ON DELETE NO ACTION ON UPDATE NO ACTION,
  CONSTRAINT `rs_createdBy` FOREIGN KEY (`createdBy`) REFERENCES `user` (`id`) ON DELETE NO ACTION ON UPDATE NO ACTION,
  CONSTRAINT `rs_parentAssetTypeId` FOREIGN KEY (`parentAssetTypeId`) REFERENCES `asset_type` (`id`) ON DELETE NO ACTION ON UPDATE NO ACTION,
  CONSTRAINT `rs_relationshipTypeId` FOREIGN KEY (`relationshipTypeId`) REFERENCES `relationship_type` (`id`) ON DELETE NO ACTION ON UPDATE NO ACTION,
  CONSTRAINT `rs_updatedBy` FOREIGN KEY (`updatedBy`) REFERENCES `user` (`id`) ON DELETE NO ACTION ON UPDATE NO ACTION,
  CONSTRAINT `rs_workspaceId` FOREIGN KEY (`workspaceId`) REFERENCES `workspace` (`id`) ON DELETE NO ACTION ON UPDATE NO ACTION
) ENGINE=InnoDB AUTO_INCREMENT=22 DEFAULT CHARSET=latin1;
/*!40101 SET character_set_client = @saved_cs_client */;

--
-- Dumping data for table `relationship_suggestion`
--

LOCK TABLES `relationship_suggestion` WRITE;
/*!40000 ALTER TABLE `relationship_suggestion` DISABLE KEYS */;
INSERT INTO `relationship_suggestion` VALUES (1,2,20,2,'Server Runs :: Runs on Server',NULL,0,3,'2016-01-21 12:05:30',3,'2016-01-28 09:26:30'),(2,2,22,2,'Server Allocated from :: Allocated to Server',NULL,0,3,'2016-01-21 12:54:46',3,'2016-01-28 09:30:23'),(3,3,21,2,'Database Runs :: Runs on Server',NULL,0,3,'2016-01-21 12:55:26',3,'2016-01-27 14:44:59'),(4,1,20,2,'Application Runs :: Runs on Server',NULL,0,3,'2016-01-22 09:33:40',3,'2016-01-28 09:34:47'),(5,3,20,1,'Database Runs :: Runs on Application',NULL,0,3,'2016-01-22 10:34:54',3,'2016-01-28 06:22:43'),(6,1,22,2,'Application Allocated from :: Allocated to Server',NULL,0,3,'2016-01-22 11:05:03',3,'2016-01-28 06:26:18'),(7,4,20,6,'Person Runs :: Runs on IT Services',NULL,0,3,'2016-01-27 11:52:14',3,'2016-01-28 09:25:57'),(8,1,21,3,'Application Runs :: Runs on Database',NULL,0,3,'2016-01-27 14:44:22',3,'2016-01-28 06:24:26'),(9,1,20,5,'Application Runs :: Runs on Business Services',NULL,0,3,'2016-01-28 07:52:26',3,'2016-01-28 07:52:26'),(10,1,20,7,'Application Runs :: Runs on Interfaces',NULL,0,3,'2016-01-28 08:01:28',3,'2016-01-28 08:03:58'),(11,1,20,6,'Application Runs :: Runs on IT Services',NULL,0,3,'2016-01-28 08:04:37',3,'2016-01-28 09:20:21'),(12,1,21,2,'Application Runs :: Runs on Server',5,0,3,'2016-01-28 09:27:09',3,'2016-01-29 09:58:20'),(13,1,21,4,'Application Runs :: Runs on Person',5,0,3,'2016-01-28 09:27:48',3,'2016-01-29 09:49:21'),(14,1,21,3,'Application Runs :: Runs on Database',5,0,3,'2016-01-28 09:43:12',3,'2016-01-29 09:59:44'),(15,1,20,4,'Application Runs :: Runs on Person',NULL,0,3,'2016-01-28 10:41:09',3,'2016-01-28 10:41:52'),(16,3,20,6,'Database Runs :: Runs on IT Services',NULL,0,3,'2016-01-28 10:48:37',3,'2016-01-28 10:56:22'),(17,1,27,1,'Application Runs :: Runs on Application',6,0,3,'2016-01-28 11:04:01',3,'2016-01-28 11:13:04'),(18,1,24,1,'Application Allocated from 1 :: Allocated to 1 Application',NULL,0,3,'2016-01-28 11:12:25',3,'2016-01-29 09:57:53'),(19,1,23,2,'Application Runs 2 :: Runs on 2 Server',5,0,3,'2016-01-29 06:09:35',3,'2016-01-29 06:16:20'),(20,1,23,1,'Application Runs 2 :: Runs on 2 Application',5,0,3,'2016-01-29 06:20:47',3,'2016-01-29 06:20:47'),(21,1,29,1,'Application Runs 1 :: Runs on 1 Application',4,0,3,'2016-01-29 10:18:02',3,'2016-01-29 10:18:51');
/*!40000 ALTER TABLE `relationship_suggestion` ENABLE KEYS */;
UNLOCK TABLES;

--
-- Table structure for table `relationship_suggestion_attribute`
--

DROP TABLE IF EXISTS `relationship_suggestion_attribute`;
/*!40101 SET @saved_cs_client     = @@character_set_client */;
/*!40101 SET character_set_client = utf8 */;
CREATE TABLE `relationship_suggestion_attribute` (
  `id` int(11) NOT NULL AUTO_INCREMENT,
  `attributeName` varchar(45) NOT NULL,
  `dataType` varchar(45) NOT NULL,
  `length` int(5) DEFAULT NULL,
  `relationshipSuggestionId` int(11) NOT NULL,
  `deleteStatus` tinyint(1) NOT NULL DEFAULT '0',
  `mandatory` tinyint(1) NOT NULL DEFAULT '0',
  `sequenceNumber` int(11) NOT NULL,
  `createdBy` int(11) NOT NULL,
  `createdDate` timestamp NOT NULL DEFAULT CURRENT_TIMESTAMP ON UPDATE CURRENT_TIMESTAMP,
  `updatedBy` int(11) NOT NULL,
  `updatedDate` timestamp NOT NULL DEFAULT CURRENT_TIMESTAMP,
  PRIMARY KEY (`id`),
  UNIQUE KEY `ra_uq_attributeName_rSuggestionId1` (`relationshipSuggestionId`,`attributeName`),
  KEY `ra_relationshipSuggestionId_idx` (`relationshipSuggestionId`),
  KEY `ra_createdBy_fk_idx` (`createdBy`),
  KEY `ra_updatedBy_fk_idx` (`updatedBy`),
  CONSTRAINT `ra_createdBy_fk` FOREIGN KEY (`createdBy`) REFERENCES `user` (`id`) ON DELETE NO ACTION ON UPDATE NO ACTION,
  CONSTRAINT `ra_relationshipSuggestionId_fk` FOREIGN KEY (`relationshipSuggestionId`) REFERENCES `relationship_suggestion` (`id`) ON DELETE NO ACTION ON UPDATE NO ACTION,
  CONSTRAINT `ra_updatedBy_fk` FOREIGN KEY (`updatedBy`) REFERENCES `user` (`id`) ON DELETE NO ACTION ON UPDATE NO ACTION
) ENGINE=InnoDB AUTO_INCREMENT=26 DEFAULT CHARSET=latin1;
/*!40101 SET character_set_client = @saved_cs_client */;

--
-- Dumping data for table `relationship_suggestion_attribute`
--

LOCK TABLES `relationship_suggestion_attribute` WRITE;
/*!40000 ALTER TABLE `relationship_suggestion_attribute` DISABLE KEYS */;
INSERT INTO `relationship_suggestion_attribute` VALUES (1,'Name','TEXT',100,7,0,1,1,3,'2016-01-27 11:52:14',3,'2016-01-27 11:52:14'),(2,'Name','TEXT',100,8,0,1,1,3,'2016-01-27 14:44:22',3,'2016-01-27 14:44:22'),(3,'Name','TEXT',100,9,0,1,1,3,'2016-01-28 07:52:26',3,'2016-01-28 07:52:26'),(4,'Name','TEXT',100,10,0,1,1,3,'2016-01-28 08:01:29',3,'2016-01-28 08:01:29'),(5,'Name','TEXT',100,11,0,1,1,3,'2016-01-28 08:04:37',3,'2016-01-28 08:04:37'),(6,'Name','TEXT',100,12,0,1,1,3,'2016-01-28 09:27:10',3,'2016-01-28 09:27:10'),(7,'Name','TEXT',100,13,0,1,1,3,'2016-01-28 09:27:48',3,'2016-01-28 09:27:48'),(8,'Name','TEXT',100,14,0,1,1,3,'2016-01-28 09:43:12',3,'2016-01-28 09:43:12'),(9,'Name','TEXT',100,15,0,1,1,3,'2016-01-28 10:41:09',3,'2016-01-28 10:41:09'),(10,'Name','TEXT',100,16,0,1,1,3,'2016-01-28 10:48:37',3,'2016-01-28 10:48:37'),(11,'Name','TEXT',100,17,0,1,1,3,'2016-01-28 11:04:01',3,'2016-01-28 11:04:01'),(12,'Name','TEXT',100,18,0,1,1,3,'2016-01-28 11:12:25',3,'2016-01-28 11:12:25'),(13,'Name','TEXT',100,4,0,1,1,3,'2016-01-28 12:21:00',3,'2016-01-28 12:21:00'),(14,'Description','TEXT',200,4,0,0,2,3,'2016-01-28 12:21:21',3,'2016-01-28 12:21:21'),(15,'fdfgh','NUMBER',54,4,0,0,3,3,'2016-01-28 12:21:30',3,'2016-01-28 12:21:30'),(16,'Description','NUMBER',200,15,0,1,2,3,'2016-01-28 13:04:33',3,'2016-01-28 13:48:42'),(17,'Description','TEXT',100,9,0,0,2,3,'2016-01-28 14:03:26',3,'2016-01-28 14:08:24'),(18,'Name','TEXT',100,19,0,1,1,3,'2016-01-29 06:09:35',3,'2016-01-29 06:09:35'),(19,'Description','NUMBER',200,19,0,1,2,3,'2016-01-29 06:10:11',3,'2016-01-29 06:10:20'),(22,'Name','TEXT',100,20,0,1,1,3,'2016-01-29 06:20:47',3,'2016-01-29 06:20:47'),(23,'Description','TEXT',300,14,0,0,2,3,'2016-01-29 09:58:45',3,'2016-01-29 10:01:46'),(24,'Name','TEXT',100,21,0,1,1,3,'2016-01-29 10:18:02',3,'2016-01-29 10:18:02'),(25,'Description','TEXT',200,21,0,0,2,3,'2016-01-29 10:19:06',3,'2016-01-29 10:19:06');
/*!40000 ALTER TABLE `relationship_suggestion_attribute` ENABLE KEYS */;
UNLOCK TABLES;

--
-- Table structure for table `relationship_type`
--

DROP TABLE IF EXISTS `relationship_type`;
/*!40101 SET @saved_cs_client     = @@character_set_client */;
/*!40101 SET character_set_client = utf8 */;
CREATE TABLE `relationship_type` (
  `id` int(11) NOT NULL AUTO_INCREMENT,
  `parentDescriptor` varchar(50) NOT NULL,
  `childDescriptor` varchar(50) NOT NULL,
  `workspaceId` int(11) DEFAULT NULL,
  `deleteStatus` tinyint(1) NOT NULL DEFAULT '0',
  `displayName` varchar(150) NOT NULL,
  `createdBy` int(11) NOT NULL,
  `createdDate` timestamp NOT NULL DEFAULT CURRENT_TIMESTAMP ON UPDATE CURRENT_TIMESTAMP,
  `updatedBy` int(11) NOT NULL,
  `updatedDate` timestamp NOT NULL DEFAULT CURRENT_TIMESTAMP ON UPDATE CURRENT_TIMESTAMP,
  PRIMARY KEY (`id`),
  UNIQUE KEY `relationship_type_displayName_workspaceId_uq` (`workspaceId`,`displayName`),
  KEY `relationship_type_createdBy_idx` (`createdBy`),
  KEY `relationship_type_updatedBy_idx` (`updatedBy`),
  KEY `relationship_type_workspaceId_idx` (`workspaceId`),
  CONSTRAINT `relationship_type_createdBy` FOREIGN KEY (`createdBy`) REFERENCES `user` (`id`) ON DELETE NO ACTION ON UPDATE NO ACTION,
  CONSTRAINT `relationship_type_updatedBy` FOREIGN KEY (`updatedBy`) REFERENCES `user` (`id`) ON DELETE NO ACTION ON UPDATE NO ACTION,
  CONSTRAINT `relationship_type_workspaceId` FOREIGN KEY (`workspaceId`) REFERENCES `workspace` (`id`) ON DELETE NO ACTION ON UPDATE NO ACTION
) ENGINE=InnoDB AUTO_INCREMENT=30 DEFAULT CHARSET=latin1;
/*!40101 SET character_set_client = @saved_cs_client */;

--
-- Dumping data for table `relationship_type`
--

LOCK TABLES `relationship_type` WRITE;
/*!40000 ALTER TABLE `relationship_type` DISABLE KEYS */;
INSERT INTO `relationship_type` VALUES (20,'Runs','Runs on',NULL,0,'Runs :: Runs on',3,'2016-01-20 06:50:53',3,'2016-01-28 10:20:47'),(21,'Runs','Runs on',5,0,'Runs :: Runs on',3,'2016-01-20 06:52:04',3,'2016-01-28 10:21:55'),(22,'Allocated from','Allocated to 1',NULL,0,'Allocated from :: Allocated to 1',3,'2016-01-20 07:30:19',3,'2016-01-29 10:16:40'),(23,'Runs 2','Runs on 2',5,0,'Runs 2 :: Runs on 2',3,'2016-01-28 10:21:01',3,'2016-01-28 10:21:52'),(24,'Allocated from 1','Allocated to 1',NULL,0,'Allocated from 1 :: Allocated to 1',3,'2016-01-28 10:21:31',3,'2016-01-28 10:21:57'),(25,'Runs 3','Runs on 3',5,0,'Runs 3 :: Runs on 3',3,'2016-01-28 10:24:34',3,'2016-01-28 10:24:34'),(26,'Runs 2','Runs on 2',7,0,'Runs 2 :: Runs on 2',3,'2016-01-28 10:24:48',3,'2016-01-28 10:24:48'),(27,'Runs','Runs on',6,0,'Runs :: Runs on',3,'2016-01-28 11:03:46',3,'2016-01-28 11:30:23'),(28,'Runs','Runs on',4,0,'Runs :: Runs on',3,'2016-01-29 10:17:01',3,'2016-01-29 10:17:01'),(29,'Runs 1','Runs on 1',4,0,'Runs 1 :: Runs on 1',3,'2016-01-29 10:17:18',3,'2016-01-29 10:17:25');
/*!40000 ALTER TABLE `relationship_type` ENABLE KEYS */;
UNLOCK TABLES;

--
-- Table structure for table `response`
--

DROP TABLE IF EXISTS `response`;
/*!40101 SET @saved_cs_client     = @@character_set_client */;
/*!40101 SET character_set_client = utf8 */;
CREATE TABLE `response` (
  `id` int(11) NOT NULL AUTO_INCREMENT,
  `questionnaireId` int(11) NOT NULL,
  `createdBy` int(11) NOT NULL,
  `createdDate` timestamp NOT NULL DEFAULT CURRENT_TIMESTAMP ON UPDATE CURRENT_TIMESTAMP,
  `updatedBy` int(11) NOT NULL,
  `updatedDate` timestamp NOT NULL DEFAULT CURRENT_TIMESTAMP ON UPDATE CURRENT_TIMESTAMP,
  PRIMARY KEY (`id`),
  KEY `response_questionnaireId_fk_idx` (`questionnaireId`),
  KEY `response_createdBy_fk_idx` (`createdBy`),
  KEY `response_updatedBy_fk_idx` (`updatedBy`),
  CONSTRAINT `response_createdBy_fk` FOREIGN KEY (`createdBy`) REFERENCES `user` (`id`) ON DELETE NO ACTION ON UPDATE NO ACTION,
  CONSTRAINT `response_questionnaireId_fk` FOREIGN KEY (`questionnaireId`) REFERENCES `questionnaire` (`id`) ON DELETE NO ACTION ON UPDATE NO ACTION,
  CONSTRAINT `response_updatedBy_fk` FOREIGN KEY (`updatedBy`) REFERENCES `user` (`id`) ON DELETE NO ACTION ON UPDATE NO ACTION
) ENGINE=InnoDB AUTO_INCREMENT=21 DEFAULT CHARSET=latin1;
/*!40101 SET character_set_client = @saved_cs_client */;

--
-- Dumping data for table `response`
--

LOCK TABLES `response` WRITE;
/*!40000 ALTER TABLE `response` DISABLE KEYS */;
INSERT INTO `response` VALUES (4,23,2,'2015-08-14 03:43:11',2,'2015-09-23 04:02:18'),(5,25,2,'2015-08-24 06:13:14',2,'2015-08-24 06:13:14'),(6,29,2,'2015-09-23 11:06:10',2,'2016-04-21 05:53:22'),(7,32,5,'2015-10-15 11:28:37',5,'2015-10-15 11:28:55'),(8,33,9,'2015-11-12 05:26:16',9,'2015-11-12 06:54:59'),(10,39,10,'2016-01-05 10:42:41',10,'2016-01-07 10:20:44'),(11,40,5,'2016-01-06 06:36:40',5,'2016-01-06 06:41:55'),(12,41,5,'2016-01-06 09:26:44',5,'2016-01-06 10:00:45'),(13,42,5,'2016-01-06 12:20:51',5,'2016-01-06 12:23:06'),(14,43,5,'2016-01-07 04:27:57',5,'2016-01-07 13:56:26'),(15,44,5,'2016-01-07 06:47:38',5,'2016-03-31 10:56:45'),(16,45,5,'2016-01-08 05:13:32',5,'2016-01-08 06:24:13'),(17,46,5,'2016-01-08 07:27:05',5,'2016-01-08 07:31:18'),(18,49,11,'2016-04-22 09:28:54',11,'2016-05-03 13:29:11'),(19,55,11,'2016-05-02 08:46:30',11,'2016-05-02 14:32:38'),(20,51,11,'2016-05-03 07:18:00',11,'2016-05-03 07:18:41');
/*!40000 ALTER TABLE `response` ENABLE KEYS */;
UNLOCK TABLES;

--
-- Table structure for table `response_data`
--

DROP TABLE IF EXISTS `response_data`;
/*!40101 SET @saved_cs_client     = @@character_set_client */;
/*!40101 SET character_set_client = utf8 */;
CREATE TABLE `response_data` (
  `id` int(11) NOT NULL AUTO_INCREMENT,
  `questionnaireQuestionId` int(11) NOT NULL,
  `responseId` int(11) NOT NULL,
  `responseData` text,
  PRIMARY KEY (`id`),
  UNIQUE KEY `UQ_response_data_questionnaireQuestionId_responseId` (`questionnaireQuestionId`,`responseId`),
  KEY `response_data_questionnaireId_fk_idx` (`questionnaireQuestionId`),
  KEY `response_data_responseId_fk_idx` (`responseId`),
  CONSTRAINT `response_data_questionnaireQuestionId_fk` FOREIGN KEY (`questionnaireQuestionId`) REFERENCES `questionnaire_question` (`id`) ON DELETE NO ACTION ON UPDATE NO ACTION,
  CONSTRAINT `response_data_responseId_fk` FOREIGN KEY (`responseId`) REFERENCES `response` (`id`) ON DELETE NO ACTION ON UPDATE NO ACTION
) ENGINE=InnoDB AUTO_INCREMENT=78 DEFAULT CHARSET=latin1 COMMENT='	';
/*!40101 SET character_set_client = @saved_cs_client */;

--
-- Dumping data for table `response_data`
--

LOCK TABLES `response_data` WRITE;
/*!40000 ALTER TABLE `response_data` DISABLE KEYS */;
INSERT INTO `response_data` VALUES (1,331,15,'{\"options\":[{\"sequenceNumber\":3,\"quantifier\":7.0,\"text\":\"Severe Impact on Business Performance\"}],\"otherOptionResponseText\":null,\"score\":null}'),(2,332,15,'{\"options\":[{\"sequenceNumber\":1,\"quantifier\":10.0,\"text\":\"Yes\"}],\"otherOptionResponseText\":null,\"score\":null}'),(3,333,15,'{\"options\":[{\"sequenceNumber\":3,\"quantifier\":1.0,\"text\":\"Third party developed application\"}],\"otherOptionResponseText\":null,\"score\":null}'),(4,334,15,'{\"options\":[{\"sequenceNumber\":3,\"quantifier\":5.0,\"text\":\"3-5\"}],\"otherOptionResponseText\":null,\"score\":null}'),(5,335,15,'{\"options\":[{\"sequenceNumber\":6,\"quantifier\":1.0,\"text\":\"Minor Impact\"}],\"otherOptionResponseText\":null,\"score\":null}'),(6,337,15,'{\"options\":[{\"sequenceNumber\":3,\"quantifier\":1.0,\"text\":\"Third party developed application\"}],\"otherOptionResponseText\":null,\"score\":null}'),(7,336,15,'{\"options\":[{\"sequenceNumber\":2,\"quantifier\":0.0,\"text\":\"No\"}],\"otherOptionResponseText\":null,\"score\":null}'),(8,338,15,'{\"options\":[{\"sequenceNumber\":2,\"quantifier\":3.0,\"text\":\"1-2\"}],\"otherOptionResponseText\":null,\"score\":null}'),(9,339,15,'{\"options\":[{\"sequenceNumber\":5,\"quantifier\":5.0,\"text\":\"Significant Impact on Business Performance\"}],\"otherOptionResponseText\":null,\"score\":null}'),(10,340,15,'{\"options\":[{\"sequenceNumber\":1,\"quantifier\":10.0,\"text\":\"Yes\"}],\"otherOptionResponseText\":null,\"score\":null}'),(11,341,15,'{\"options\":[{\"sequenceNumber\":4,\"quantifier\":1.5,\"text\":\"Others\"}],\"otherOptionResponseText\":null,\"score\":null}'),(12,342,15,'{\"options\":[{\"sequenceNumber\":3,\"quantifier\":5.0,\"text\":\"3-5\"}],\"otherOptionResponseText\":null,\"score\":null}'),(13,343,15,'{\"options\":[{\"sequenceNumber\":4,\"quantifier\":6.0,\"text\":\"Significant Impact on Revenue\"}],\"otherOptionResponseText\":null,\"score\":null}'),(14,344,15,'{\"options\":[{\"sequenceNumber\":1,\"quantifier\":10.0,\"text\":\"Yes\"}],\"otherOptionResponseText\":null,\"score\":null}'),(15,345,15,'{\"options\":[{\"sequenceNumber\":3,\"quantifier\":1.0,\"text\":\"Third party developed application\"}],\"otherOptionResponseText\":null,\"score\":null}'),(16,346,15,'{\"options\":[{\"sequenceNumber\":3,\"quantifier\":5.0,\"text\":\"3-5\"}],\"otherOptionResponseText\":null,\"score\":null}'),(17,347,15,'{\"options\":[{\"sequenceNumber\":4,\"quantifier\":6.0,\"text\":\"Significant Impact on Revenue\"}],\"otherOptionResponseText\":null,\"score\":null}'),(18,348,15,'{\"options\":[{\"sequenceNumber\":1,\"quantifier\":10.0,\"text\":\"Yes\"}],\"otherOptionResponseText\":null,\"score\":null}'),(19,349,15,'{\"options\":[{\"sequenceNumber\":3,\"quantifier\":1.0,\"text\":\"Third party developed application\"}],\"otherOptionResponseText\":null,\"score\":null}'),(20,350,15,'{\"options\":[{\"sequenceNumber\":2,\"quantifier\":3.0,\"text\":\"1-2\"}],\"otherOptionResponseText\":null,\"score\":null}'),(21,351,15,'{\"options\":[{\"sequenceNumber\":2,\"quantifier\":8.0,\"text\":\"Severe Impact on Revenue\"}],\"otherOptionResponseText\":null,\"score\":null}'),(22,352,15,'{\"options\":[{\"sequenceNumber\":1,\"quantifier\":10.0,\"text\":\"Yes\"}],\"otherOptionResponseText\":null,\"score\":null}'),(23,353,15,'{\"options\":[{\"sequenceNumber\":1,\"quantifier\":3.0,\"text\":\"In house developed application\"}],\"otherOptionResponseText\":null,\"score\":null}'),(24,354,15,'{\"options\":[{\"sequenceNumber\":2,\"quantifier\":3.0,\"text\":\"1-2\"}],\"otherOptionResponseText\":null,\"score\":null}'),(25,355,15,'{\"options\":[{\"sequenceNumber\":5,\"quantifier\":5.0,\"text\":\"Significant Impact on Business Performance\"}],\"otherOptionResponseText\":null,\"score\":null}'),(26,356,15,'{\"options\":[{\"sequenceNumber\":1,\"quantifier\":10.0,\"text\":\"Yes\"}],\"otherOptionResponseText\":null,\"score\":null}'),(27,357,15,'{\"options\":[{\"sequenceNumber\":3,\"quantifier\":1.0,\"text\":\"Third party developed application\"}],\"otherOptionResponseText\":null,\"score\":null}'),(28,358,15,'{\"options\":[{\"sequenceNumber\":2,\"quantifier\":3.0,\"text\":\"1-2\"}],\"otherOptionResponseText\":null,\"score\":null}'),(29,359,15,'{\"options\":[{\"sequenceNumber\":5,\"quantifier\":5.0,\"text\":\"Significant Impact on Business Performance\"}],\"otherOptionResponseText\":null,\"score\":null}'),(30,360,15,'{\"options\":[{\"sequenceNumber\":2,\"quantifier\":0.0,\"text\":\"No\"}],\"otherOptionResponseText\":null,\"score\":null}'),(31,1545,19,'{\"options\":[{\"sequenceNumber\":4,\"quantifier\":10.0,\"text\":\"6-10\"}],\"otherOptionResponseText\":null,\"score\":null}'),(32,1546,19,'{\"options\":[{\"sequenceNumber\":3,\"quantifier\":1.0,\"text\":\"Third party developed application\"}],\"otherOptionResponseText\":null,\"score\":null}'),(33,1547,19,'{\"options\":[{\"sequenceNumber\":2,\"quantifier\":3.0,\"text\":\"Core functionality implemented\"}],\"otherOptionResponseText\":null,\"score\":null}'),(34,1549,19,'{\"options\":[{\"sequenceNumber\":2,\"quantifier\":3.0,\"text\":\"1-2\"}],\"otherOptionResponseText\":null,\"score\":null}'),(35,1550,19,'{\"options\":[{\"sequenceNumber\":2,\"quantifier\":2.0,\"text\":\"Packaged application\"}],\"otherOptionResponseText\":null,\"score\":null}'),(36,1551,19,'{\"options\":[{\"sequenceNumber\":3,\"quantifier\":1.0,\"text\":\"Peripheral functionality implemented\"}],\"otherOptionResponseText\":null,\"score\":null}'),(37,1552,19,'{\"options\":[{\"sequenceNumber\":1,\"quantifier\":1.0,\"text\":\"Yes\"}],\"otherOptionResponseText\":null,\"score\":null}'),(38,1548,19,'{\"options\":[{\"sequenceNumber\":2,\"quantifier\":3.0,\"text\":\"No\"}],\"otherOptionResponseText\":null,\"score\":null}'),(39,1539,20,'{\"quantifier\":5.0,\"responseNumber\":5.0}'),(40,1540,20,'{\"quantifier\":2.0,\"responseNumber\":2.0}'),(41,1541,20,'{\"options\":[{\"sequenceNumber\":4,\"quantifier\":10.0,\"text\":\"6-10\"}],\"otherOptionResponseText\":null,\"score\":null}'),(42,1543,20,'{\"options\":[{\"sequenceNumber\":2,\"quantifier\":3.0,\"text\":\"1-2\"}],\"otherOptionResponseText\":null,\"score\":null}'),(43,1542,20,'{\"options\":[{\"sequenceNumber\":3,\"quantifier\":1.0,\"text\":\"Third party developed application\"}],\"otherOptionResponseText\":null,\"score\":null}'),(44,1544,20,'{\"options\":[{\"sequenceNumber\":4,\"quantifier\":1.5,\"text\":\"Others\"}],\"otherOptionResponseText\":null,\"score\":null}'),(45,1553,18,'{\"options\":[{\"sequenceNumber\":1,\"quantifier\":10.0,\"text\":\"Severe Impact on Revenue & Business Performance\"}],\"otherOptionResponseText\":null,\"score\":null}'),(46,1554,18,'{\"responseText\":\"0.5\",\"score\":null}'),(47,1555,18,'{\"options\":[{\"sequenceNumber\":1,\"quantifier\":10.0,\"text\":\"Yes\"}],\"otherOptionResponseText\":null,\"score\":null}'),(48,1556,18,'{\"options\":[{\"sequenceNumber\":3,\"quantifier\":5.0,\"text\":\"3-5\"}],\"otherOptionResponseText\":null,\"score\":null}'),(49,1557,18,'{\"options\":[{\"sequenceNumber\":3,\"quantifier\":1.0,\"text\":\"Third party developed application\"}],\"otherOptionResponseText\":null,\"score\":null}'),(50,1559,18,'{\"options\":[{\"sequenceNumber\":2,\"quantifier\":3.0,\"text\":\"No\"}],\"otherOptionResponseText\":null,\"score\":null}'),(51,1558,18,'{\"options\":[{\"sequenceNumber\":2,\"quantifier\":3.0,\"text\":\"Core functionality implemented\"}],\"otherOptionResponseText\":null,\"score\":null}'),(52,1561,18,'{\"options\":[{\"sequenceNumber\":2,\"quantifier\":2.0,\"text\":\"Packaged application\"}],\"otherOptionResponseText\":null,\"score\":null}'),(53,1562,18,'{\"options\":[{\"sequenceNumber\":1,\"quantifier\":1.0,\"text\":\"0 - Only Supports peripherals\"}],\"otherOptionResponseText\":null,\"score\":null}'),(54,1563,18,'{\"options\":[{\"sequenceNumber\":4,\"quantifier\":1.5,\"text\":\"Others\"}],\"otherOptionResponseText\":null,\"score\":null}'),(55,1564,18,'{\"options\":[{\"sequenceNumber\":4,\"quantifier\":6.0,\"text\":\"Significant Impact on Revenue\"}],\"otherOptionResponseText\":null,\"score\":null}'),(56,1565,18,'{\"responseText\":\"good\",\"score\":null}'),(57,1566,18,'{\"options\":[{\"sequenceNumber\":1,\"quantifier\":10.0,\"text\":\"Yes\"}],\"otherOptionResponseText\":null,\"score\":null}'),(58,1568,18,'{\"options\":[{\"sequenceNumber\":2,\"quantifier\":2.0,\"text\":\"Packaged application\"}],\"otherOptionResponseText\":null,\"score\":null}'),(59,1569,18,'{\"options\":[{\"sequenceNumber\":3,\"quantifier\":1.0,\"text\":\"Peripheral functionality implemented\"}],\"otherOptionResponseText\":null,\"score\":null}'),(60,1570,18,'{\"options\":[{\"sequenceNumber\":2,\"quantifier\":3.0,\"text\":\"No\"}],\"otherOptionResponseText\":null,\"score\":null}'),(61,1571,18,'{\"options\":[{\"sequenceNumber\":3,\"quantifier\":5.0,\"text\":\"3-5\"}],\"otherOptionResponseText\":null,\"score\":null}'),(62,1572,18,'{\"options\":[{\"sequenceNumber\":2,\"quantifier\":2.0,\"text\":\"Packaged application\"}],\"otherOptionResponseText\":null,\"score\":null}'),(63,1560,18,'{\"options\":[{\"sequenceNumber\":2,\"quantifier\":3.0,\"text\":\"1-2\"}],\"otherOptionResponseText\":null,\"score\":null}'),(64,1567,18,'{\"options\":[{\"sequenceNumber\":3,\"quantifier\":5.0,\"text\":\"3-5\"}],\"otherOptionResponseText\":null,\"score\":null}'),(65,1573,18,'{\"options\":[{\"sequenceNumber\":2,\"quantifier\":3.0,\"text\":\"1-2\"}],\"otherOptionResponseText\":null,\"score\":null}'),(66,1574,18,'{\"options\":[{\"sequenceNumber\":4,\"quantifier\":1.5,\"text\":\"Others\"}],\"otherOptionResponseText\":null,\"score\":null}'),(67,1575,18,'{\"options\":[{\"sequenceNumber\":5,\"quantifier\":5.0,\"text\":\"Significant Impact on Business Performance\"}],\"otherOptionResponseText\":null,\"score\":null}'),(68,1577,18,'{\"options\":[{\"sequenceNumber\":1,\"quantifier\":10.0,\"text\":\"Yes\"}],\"otherOptionResponseText\":null,\"score\":null}'),(69,1576,18,'{\"responseText\":\"hello\",\"score\":null}'),(70,1579,18,'{\"options\":[{\"sequenceNumber\":3,\"quantifier\":1.0,\"text\":\"Third party developed application\"}],\"otherOptionResponseText\":null,\"score\":null}'),(71,1578,18,'{\"options\":[{\"sequenceNumber\":4,\"quantifier\":10.0,\"text\":\"6-10\"}],\"otherOptionResponseText\":null,\"score\":null}'),(72,1580,18,'{\"options\":[{\"sequenceNumber\":1,\"quantifier\":5.0,\"text\":\"All envisaged functionality covered\"}],\"otherOptionResponseText\":null,\"score\":null}'),(73,1581,18,'{\"options\":[{\"sequenceNumber\":2,\"quantifier\":3.0,\"text\":\"No\"}],\"otherOptionResponseText\":null,\"score\":null}'),(74,1582,18,'{\"options\":[{\"sequenceNumber\":1,\"quantifier\":1.0,\"text\":\"0 - Only Supports peripherals\"}],\"otherOptionResponseText\":null,\"score\":null}'),(75,1583,18,'{\"options\":[{\"sequenceNumber\":3,\"quantifier\":1.0,\"text\":\"Third party developed application\"}],\"otherOptionResponseText\":null,\"score\":null}'),(76,1584,18,'{\"options\":[{\"sequenceNumber\":4,\"quantifier\":10.0,\"text\":\"6-10\"}],\"otherOptionResponseText\":null,\"score\":null}'),(77,1585,18,'{\"options\":[{\"sequenceNumber\":3,\"quantifier\":1.0,\"text\":\"Third party developed application\"}],\"otherOptionResponseText\":null,\"score\":null}');
/*!40000 ALTER TABLE `response_data` ENABLE KEYS */;
UNLOCK TABLES;

--
-- Table structure for table `role`
--

DROP TABLE IF EXISTS `role`;
/*!40101 SET @saved_cs_client     = @@character_set_client */;
/*!40101 SET character_set_client = utf8 */;
CREATE TABLE `role` (
  `id` int(11) NOT NULL AUTO_INCREMENT,
  `roleName` varchar(45) NOT NULL,
  `roleDescription` varchar(500) DEFAULT NULL,
  PRIMARY KEY (`id`)
) ENGINE=InnoDB AUTO_INCREMENT=15 DEFAULT CHARSET=latin1;
/*!40101 SET character_set_client = @saved_cs_client */;

--
-- Dumping data for table `role`
--

LOCK TABLES `role` WRITE;
/*!40000 ALTER TABLE `role` DISABLE KEYS */;
INSERT INTO `role` VALUES (11,'ROLE_APP_USER',NULL),(12,'ROLE_APP_ADMIN',NULL),(13,'ROLE_CONSULTANT',NULL),(14,'ROLE_CUSTOMER',NULL);
/*!40000 ALTER TABLE `role` ENABLE KEYS */;
UNLOCK TABLES;

--
-- Table structure for table `role_permission`
--

DROP TABLE IF EXISTS `role_permission`;
/*!40101 SET @saved_cs_client     = @@character_set_client */;
/*!40101 SET character_set_client = utf8 */;
CREATE TABLE `role_permission` (
  `ID` int(11) NOT NULL AUTO_INCREMENT,
  `permissionname` varchar(45) NOT NULL,
  `roleid` int(11) NOT NULL,
  PRIMARY KEY (`ID`),
  UNIQUE KEY `UK_ROLE_PERMISSION` (`permissionname`,`roleid`),
  KEY `FK_ROLEPERM_ROLEID_idx` (`roleid`),
  CONSTRAINT `FK_ROLEPERM_ROLEID` FOREIGN KEY (`roleid`) REFERENCES `role` (`id`) ON DELETE NO ACTION ON UPDATE NO ACTION
) ENGINE=InnoDB AUTO_INCREMENT=379 DEFAULT CHARSET=latin1;
/*!40101 SET character_set_client = @saved_cs_client */;

--
-- Dumping data for table `role_permission`
--

LOCK TABLES `role_permission` WRITE;
/*!40000 ALTER TABLE `role_permission` DISABLE KEYS */;
INSERT INTO `role_permission` VALUES (367,'AID_MODIFY',12),(285,'AID_VIEW',11),(375,'AID_VIEW',12),(276,'APP_LOGIN',11),(364,'APP_LOGIN',12),(256,'APP_LOGIN',13),(211,'APP_LOGIN',14),(271,'ASSET_FILLDETAILS',11),(361,'ASSET_FILLDETAILS',12),(266,'ASSET_FILLDETAILS',13),(210,'ASSET_FILLDETAILS',14),(360,'BCM_MODIFY',12),(279,'BCM_VIEW',11),(351,'BCM_VIEW',12),(259,'BCM_VIEW',13),(369,'FUNCTIONAL_MAP_MODIFY',12),(352,'FUNCTIONAL_MAP_VIEW',12),(368,'PARAMETER_MODIFY',12),(365,'PARAMETER_VIEW',12),(356,'QUESTIONNAIRE_MODIFY',12),(255,'QUESTIONNAIRE_MODIFY',13),(274,'QUESTIONNAIRE_RESPOND',11),(377,'QUESTIONNAIRE_RESPOND',12),(267,'QUESTIONNAIRE_RESPOND',13),(212,'QUESTIONNAIRE_RESPOND',14),(281,'QUESTIONNAIRE_VIEW',11),(348,'QUESTIONNAIRE_VIEW',12),(258,'QUESTIONNAIRE_VIEW',13),(213,'QUESTIONNAIRE_VIEW',14),(353,'QUESTION_MODIFY',12),(262,'QUESTION_MODIFY',13),(277,'QUESTION_VIEW',11),(359,'QUESTION_VIEW',12),(270,'QUESTION_VIEW',13),(208,'QUESTION_VIEW',14),(358,'RELATIONSHIP_MODIFY',12),(284,'RELATIONSHIP_VIEW',11),(374,'RELATIONSHIP_VIEW',12),(280,'REPORT_ASSET_GRAPH',11),(376,'REPORT_ASSET_GRAPH',12),(257,'REPORT_ASSET_GRAPH',13),(206,'REPORT_ASSET_GRAPH',14),(273,'REPORT_FACET_GRAPH',11),(350,'REPORT_FACET_GRAPH',12),(265,'REPORT_FACET_GRAPH',13),(205,'REPORT_FACET_GRAPH',14),(283,'REPORT_PHP',11),(362,'REPORT_PHP',12),(282,'REPORT_SCATTER_GRAPH',11),(349,'REPORT_SCATTER_GRAPH',12),(264,'REPORT_SCATTER_GRAPH',13),(207,'REPORT_SCATTER_GRAPH',14),(371,'TEMPLATE_MODIFY',12),(260,'TEMPLATE_MODIFY',13),(278,'TEMPLATE_VIEW',11),(372,'TEMPLATE_VIEW',12),(263,'TEMPLATE_VIEW',13),(215,'TEMPLATE_VIEW',14),(363,'USER_MODIFY',12),(355,'USER_ROLE_MODIFY',12),(354,'USER_ROLE_VIEW',12),(370,'USER_VIEW',12),(366,'WORKSPACES_MODIFY',12),(378,'WORKSPACES_MODIFY_DASHBOARD',12),(269,'WORKSPACES_MODIFY_DASHBOARD',13),(272,'WORKSPACES_VIEW',11),(357,'WORKSPACES_VIEW',12),(261,'WORKSPACES_VIEW',13),(214,'WORKSPACES_VIEW',14),(275,'WORKSPACES_VIEW_DASHBOARD',11),(373,'WORKSPACES_VIEW_DASHBOARD',12),(268,'WORKSPACES_VIEW_DASHBOARD',13),(209,'WORKSPACES_VIEW_DASHBOARD',14);
/*!40000 ALTER TABLE `role_permission` ENABLE KEYS */;
UNLOCK TABLES;

--
-- Table structure for table `user`
--

DROP TABLE IF EXISTS `user`;
/*!40101 SET @saved_cs_client     = @@character_set_client */;
/*!40101 SET character_set_client = utf8 */;
CREATE TABLE `user` (
  `id` int(11) NOT NULL AUTO_INCREMENT,
  `firstName` varchar(45) NOT NULL,
  `lastName` varchar(45) NOT NULL,
  `emailAddress` varchar(45) NOT NULL,
  `password` varchar(60) NOT NULL,
  `deleteStatus` tinyint(1) NOT NULL DEFAULT '0',
  `accountExpired` tinyint(1) NOT NULL DEFAULT '0',
  `accountLocked` tinyint(1) NOT NULL DEFAULT '0',
  `credentialExpired` tinyint(1) NOT NULL DEFAULT '0',
  `accountEnabled` tinyint(1) NOT NULL DEFAULT '0',
  `createdBy` int(11) NOT NULL,
  `createdDate` timestamp NOT NULL DEFAULT CURRENT_TIMESTAMP ON UPDATE CURRENT_TIMESTAMP,
  `updatedBy` int(11) NOT NULL,
  `updatedDate` timestamp NOT NULL DEFAULT CURRENT_TIMESTAMP ON UPDATE CURRENT_TIMESTAMP,
  PRIMARY KEY (`id`),
  UNIQUE KEY `emailAddress_UNIQUE` (`emailAddress`),
  UNIQUE KEY `UK_t40ack6c3x1y4m2nhaju018jg` (`emailAddress`)
) ENGINE=InnoDB AUTO_INCREMENT=12 DEFAULT CHARSET=latin1;
/*!40101 SET character_set_client = @saved_cs_client */;

--
-- Dumping data for table `user`
--

LOCK TABLES `user` WRITE;
/*!40000 ALTER TABLE `user` DISABLE KEYS */;
INSERT INTO `user` VALUES (1,'System','System','thirdeye-system@birlasoft.com','b!rl@s0fT',0,1,1,0,0,-1,'2015-08-13 10:29:36',-1,'2015-08-13 10:29:36'),(2,'Dharmender','Kapoor','dharmender.k@birlasoft.com','$2a$10$2E3ud9YmM9U4EAcJd16lmusYswSzmx5DGhQ3tk6L9g4A/5eyvxCpO',0,0,0,0,0,1,'2015-10-28 13:08:20',3,'2015-10-28 13:08:20'),(3,'Samar','Gupta','samar.gupta@birlasoft.com','$2a$10$dXL6.ex3F/4u9Q6jOrHiKO5yGz269VCH1K94kkyZHMiWg6.iAEXKS',0,0,0,0,0,2,'2015-10-28 13:14:08',2,'2016-01-19 07:40:41'),(4,'SwissRe','Demo','swissre@birlasoft.com','$2a$10$2E3ud9YmM9U4EAcJd16lmusYswSzmx5DGhQ3tk6L9g4A/5eyvxCpO',0,0,0,0,0,2,'2015-10-28 13:14:09',2,'2015-10-28 13:14:09'),(5,'Vamsi ','Ayyagari','vamsi.ayyagari@birlasoft.com','$2a$10$2E3ud9YmM9U4EAcJd16lmusYswSzmx5DGhQ3tk6L9g4A/5eyvxCpO',0,0,0,0,0,2,'2015-10-28 13:14:09',2,'2016-01-05 13:34:58'),(6,'Nitin ','Jindal','nitin.jindal@birlasoft.com','$2a$10$2E3ud9YmM9U4EAcJd16lmusYswSzmx5DGhQ3tk6L9g4A/5eyvxCpO',0,0,0,0,0,2,'2015-10-28 13:14:09',2,'2015-10-28 13:14:09'),(7,'Raj','Mishra','raj.mishra@birlasoft.com','$2a$10$qXMfwPzBWg1FE7Gn3tC8cun/KksPjblVA1hAyy3jv0OnUycZfSfDu',0,0,0,0,0,2,'2015-10-28 13:19:57',2,'2015-10-29 06:56:22'),(8,'Demo','1','demo-1@birlasoft.com','$2a$10$2E3ud9YmM9U4EAcJd16lmusYswSzmx5DGhQ3tk6L9g4A/5eyvxCpO',0,0,0,0,0,2,'2015-10-28 13:14:09',2,'2015-10-28 13:14:09'),(9,'Tej','Sarup','tej.sarup@birlasoft.com','$2a$10$2E3ud9YmM9U4EAcJd16lmusYswSzmx5DGhQ3tk6L9g4A/5eyvxCpO',0,0,0,0,0,2,'2015-10-28 13:14:09',2,'2015-10-28 13:14:09'),(10,'Shaishav','Dixit','shaishav.dixit@birlasoft.com','$2a$10$KHjpMX/9KbjwIP/XJkkZauDpZQakheuAppRJUQrsT2lIVdsinEDMS',0,0,0,0,0,2,'2016-01-04 11:20:08',2,'2016-01-04 11:20:08'),(11,'sunil','gupta','sunil1.gupta@birlasoft.com','$2a$10$D2hokxm1DnQbU4Y2JLyIcuRBfA7xAEwyiooyDeeWdpuEuYKXWz2iq',0,0,0,0,0,10,'2016-04-12 06:09:54',10,'2016-04-12 06:09:54');
/*!40000 ALTER TABLE `user` ENABLE KEYS */;
UNLOCK TABLES;

--
-- Table structure for table `user_role`
--

DROP TABLE IF EXISTS `user_role`;
/*!40101 SET @saved_cs_client     = @@character_set_client */;
/*!40101 SET character_set_client = utf8 */;
CREATE TABLE `user_role` (
  `id` int(11) NOT NULL AUTO_INCREMENT,
  `userId` int(11) NOT NULL,
  `roleId` int(11) NOT NULL,
  PRIMARY KEY (`id`),
  UNIQUE KEY `user_role_unique` (`userId`,`roleId`),
  KEY `roleIdFk_idx` (`roleId`),
  KEY `userIdFk_idx` (`userId`),
  CONSTRAINT `roleIdFk` FOREIGN KEY (`roleId`) REFERENCES `role` (`id`) ON DELETE CASCADE ON UPDATE NO ACTION,
  CONSTRAINT `userIdFk` FOREIGN KEY (`userId`) REFERENCES `user` (`id`) ON DELETE CASCADE ON UPDATE NO ACTION
) ENGINE=InnoDB AUTO_INCREMENT=38 DEFAULT CHARSET=latin1;
/*!40101 SET character_set_client = @saved_cs_client */;

--
-- Dumping data for table `user_role`
--

LOCK TABLES `user_role` WRITE;
/*!40000 ALTER TABLE `user_role` DISABLE KEYS */;
INSERT INTO `user_role` VALUES (9,2,11),(10,2,12),(32,3,11),(33,3,12),(11,4,13),(29,5,12),(30,5,13),(13,6,13),(23,7,11),(24,7,13),(20,8,14),(18,9,12),(25,10,11),(26,10,12),(34,11,11),(35,11,12),(36,11,13),(37,11,14);
/*!40000 ALTER TABLE `user_role` ENABLE KEYS */;
UNLOCK TABLES;

--
-- Table structure for table `user_workspace`
--

DROP TABLE IF EXISTS `user_workspace`;
/*!40101 SET @saved_cs_client     = @@character_set_client */;
/*!40101 SET character_set_client = utf8 */;
CREATE TABLE `user_workspace` (
  `id` int(11) NOT NULL AUTO_INCREMENT,
  `userId` int(11) NOT NULL,
  `workspaceId` int(11) NOT NULL,
  PRIMARY KEY (`id`),
  UNIQUE KEY `UNIQ_USER_WORKSPACE` (`userId`,`workspaceId`),
  KEY `FK_WORKSPACEID_WORKSPACEID_JOIN_idx` (`workspaceId`),
  CONSTRAINT `FK_USERID_USERID_JOIN` FOREIGN KEY (`userId`) REFERENCES `user` (`id`) ON DELETE CASCADE ON UPDATE NO ACTION,
  CONSTRAINT `FK_WORKSPACEID_WORKSPACEID_JOIN` FOREIGN KEY (`workspaceId`) REFERENCES `workspace` (`id`) ON DELETE CASCADE ON UPDATE NO ACTION
) ENGINE=InnoDB AUTO_INCREMENT=23 DEFAULT CHARSET=latin1;
/*!40101 SET character_set_client = @saved_cs_client */;

--
-- Dumping data for table `user_workspace`
--

LOCK TABLES `user_workspace` WRITE;
/*!40000 ALTER TABLE `user_workspace` DISABLE KEYS */;
INSERT INTO `user_workspace` VALUES (4,2,1),(3,2,4),(6,2,5),(19,3,1),(14,3,4),(10,3,5),(9,3,6),(17,3,7),(5,4,5),(7,5,6),(18,5,7),(8,6,6),(13,7,4),(11,8,5),(12,9,5),(15,10,5),(16,10,7),(22,11,1),(20,11,5),(21,11,7);
/*!40000 ALTER TABLE `user_workspace` ENABLE KEYS */;
UNLOCK TABLES;

--
-- Table structure for table `widget`
--

DROP TABLE IF EXISTS `widget`;
/*!40101 SET @saved_cs_client     = @@character_set_client */;
/*!40101 SET character_set_client = utf8 */;
CREATE TABLE `widget` (
  `id` int(11) NOT NULL AUTO_INCREMENT,
  `widgetType` varchar(20) NOT NULL,
  `dashboardId` int(11) NOT NULL,
  `sequenceNumber` int(11) NOT NULL,
  `widgetConfig` varchar(500) NOT NULL,
  PRIMARY KEY (`id`),
  KEY `FK_WIDGET_DASHBOARD_idx` (`dashboardId`),
  CONSTRAINT `FK_WIDGET_DASHBOARD` FOREIGN KEY (`dashboardId`) REFERENCES `dashboard` (`id`) ON DELETE NO ACTION ON UPDATE NO ACTION
) ENGINE=InnoDB AUTO_INCREMENT=81 DEFAULT CHARSET=latin1;
/*!40101 SET character_set_client = @saved_cs_client */;

--
-- Dumping data for table `widget`
--

LOCK TABLES `widget` WRITE;
/*!40000 ALTER TABLE `widget` DISABLE KEYS */;
INSERT INTO `widget` VALUES (15,'FACETGRAPH',4,1,''),(16,'FACETGRAPH',4,2,''),(17,'FACETGRAPH',4,3,'{\"id\":17,\"width\":0,\"height\":0,\"title\":\"test 3\",\"questionnaireId\":23,\"questionId\":88,\"graphType\":\"pie\"}'),(18,'FACETGRAPH',1,3,'{\"id\":18,\"width\":0,\"height\":0,\"title\":\"Business Function report\",\"questionnaireId\":23,\"questionId\":86,\"graphType\":\"bar\"}'),(19,'FACETGRAPH',5,1,'{\"id\":19,\"width\":0,\"height\":0,\"title\":\"Functionality\",\"questionnaireId\":23,\"questionId\":88,\"graphType\":\"bar\"}'),(20,'FACETGRAPH',5,2,'{\"id\":20,\"width\":0,\"height\":0,\"title\":\"Now I start showing off\",\"questionnaireId\":23,\"questionId\":110,\"graphType\":\"pie\"}'),(21,'FACETGRAPH',5,3,'{\"id\":21,\"width\":0,\"height\":0,\"title\":\"Another on\",\"questionnaireId\":23,\"questionId\":104,\"graphType\":\"pie\"}'),(22,'FACETGRAPH',1,2,'{\"id\":22,\"width\":0,\"height\":0,\"title\":\"FN split\",\"questionnaireId\":23,\"questionId\":88,\"graphType\":\"bar\"}'),(23,'FACETGRAPH',1,3,'{\"id\":23,\"width\":0,\"height\":0,\"title\":\"vamsi ke liye\",\"questionnaireId\":23,\"questionId\":95,\"graphType\":\"pie\"}'),(24,'FACETGRAPH',1,4,'{\"id\":24,\"width\":0,\"height\":0,\"title\":\"amit\",\"questionnaireId\":23,\"questionId\":110,\"graphType\":\"bar\"}'),(31,'FACETGRAPH',6,1,'{\"id\":31,\"width\":0,\"height\":0,\"title\":\"Geo Spread\",\"questionnaireId\":29,\"questionId\":121,\"paramId\":0,\"graphType\":\"bar\"}'),(32,'FACETGRAPH',6,2,'{\"id\":32,\"width\":0,\"height\":0,\"title\":\"GEO Spread %\",\"questionnaireId\":29,\"questionId\":121,\"paramId\":0,\"graphType\":\"pie\"}'),(33,'FACETGRAPH',7,1,'{\"id\":33,\"width\":0,\"height\":0,\"title\":\"COTS and Custom Apps\",\"questionnaireId\":29,\"questionId\":117,\"paramId\":0,\"graphType\":\"bar\"}'),(34,'FACETGRAPH',7,2,'{\"id\":34,\"width\":0,\"height\":0,\"title\":\"Business Function\",\"questionnaireId\":29,\"questionId\":124,\"paramId\":0,\"graphType\":\"bar\"}'),(35,'FACETGRAPH',7,3,'{\"id\":35,\"width\":0,\"height\":0,\"title\":\"Business Lines Application Spread\",\"questionnaireId\":29,\"questionId\":122,\"paramId\":0,\"graphType\":\"pie\"}'),(36,'FACETGRAPH',8,1,'{\"id\":36,\"width\":0,\"height\":0,\"title\":\"TCO Across Business Function\",\"questionnaireId\":29,\"questionId\":124,\"paramId\":92,\"graphType\":\"bar\"}'),(37,'FACETGRAPH',8,2,'{\"id\":37,\"width\":0,\"height\":0,\"title\":\"TCO Across Business Function %\",\"questionnaireId\":29,\"questionId\":124,\"paramId\":92,\"graphType\":\"pie\"}'),(39,'FACETGRAPH',7,4,'{\"id\":39,\"width\":0,\"height\":0,\"title\":\"Application Spread by technology\",\"questionnaireId\":29,\"questionId\":120,\"paramId\":0,\"graphType\":\"bar\"}'),(40,'FACETGRAPH',9,1,'{\"id\":40,\"width\":0,\"height\":0,\"title\":\"Server Vendors\",\"questionnaireId\":33,\"questionId\":130,\"paramId\":0,\"graphType\":\"bar\"}'),(41,'FACETGRAPH',9,2,'{\"id\":41,\"width\":0,\"height\":0,\"title\":\"Server Operating System\",\"questionnaireId\":33,\"questionId\":131,\"paramId\":0,\"graphType\":\"bar\"}'),(42,'FACETGRAPH',9,3,'{\"id\":42,\"width\":0,\"height\":0,\"title\":\"Virtualization Status\",\"questionnaireId\":33,\"questionId\":136,\"paramId\":0,\"graphType\":\"pie\"}'),(43,'FACETGRAPH',9,4,'{\"id\":43,\"width\":0,\"height\":0,\"title\":\"Server Cores\",\"questionnaireId\":33,\"questionId\":132,\"paramId\":0,\"graphType\":\"bar\"}'),(44,'FACETGRAPH',9,5,'{\"id\":44,\"width\":0,\"height\":0,\"title\":\"Hard Drive Configuration\",\"questionnaireId\":33,\"questionId\":134,\"paramId\":0,\"graphType\":\"pie\"}'),(45,'FACETGRAPH',9,6,'{\"id\":45,\"width\":0,\"height\":0,\"title\":\"Environment Support\",\"questionnaireId\":33,\"questionId\":135,\"paramId\":0,\"graphType\":\"pie\"}'),(46,'FACETGRAPH',9,7,'{\"id\":46,\"width\":0,\"height\":0,\"title\":\"Memory (GB)\",\"questionnaireId\":33,\"questionId\":133,\"paramId\":0,\"graphType\":\"bar\"}'),(57,'FACETGRAPH',10,1,'{\"id\":57,\"width\":0,\"height\":0,\"title\":\"Application Type\",\"questionnaireId\":44,\"questionId\":162,\"paramId\":0,\"graphType\":\"bar\"}'),(58,'FACETGRAPH',10,2,'{\"id\":58,\"width\":0,\"height\":0,\"title\":\"Application Criticality\",\"questionnaireId\":44,\"questionId\":158,\"paramId\":0,\"graphType\":\"bar\"}'),(59,'FACETGRAPH',10,3,'{\"id\":59,\"width\":0,\"height\":0,\"title\":\"Server Criticality\",\"questionnaireId\":39,\"questionId\":175,\"paramId\":0,\"graphType\":\"pie\"}'),(60,'FACETGRAPH',10,4,'{\"id\":60,\"width\":0,\"height\":0,\"title\":\"SLA Adherance\",\"questionnaireId\":44,\"questionId\":170,\"paramId\":0,\"graphType\":\"bar\"}'),(68,'FACETGRAPH',10,6,'{\"id\":68,\"width\":0,\"height\":0,\"title\":\"Technical Quality\",\"questionnaireId\":45,\"questionId\":198,\"paramId\":0,\"graphType\":\"bar\"}'),(69,'FACETGRAPH',10,7,'{\"id\":69,\"width\":0,\"height\":0,\"title\":\"Functional Quality for Applications\",\"questionnaireId\":46,\"questionId\":199,\"paramId\":0,\"graphType\":\"bar\"}'),(71,'FACETGRAPH',10,8,'{\"id\":71,\"width\":0,\"height\":0,\"title\":\"Technical Quality for Applications\",\"questionnaireId\":46,\"questionId\":200,\"paramId\":0,\"graphType\":\"bar\"}'),(73,'FACETGRAPH',10,9,'{\"id\":73,\"width\":0,\"height\":0,\"title\":\"Application stability\",\"questionnaireId\":44,\"questionId\":169,\"paramId\":0,\"graphType\":\"bar\"}'),(76,'FACETGRAPH',10,10,'{\"id\":76,\"width\":0,\"height\":0,\"title\":\"Support Coverage Analysis\",\"questionnaireId\":39,\"questionId\":154,\"paramId\":0,\"graphType\":\"bar\"}'),(78,'FACETGRAPH',10,11,'{\"id\":78,\"width\":0,\"height\":0,\"title\":\"Cloud Readiness : Virtualization Implementation\",\"questionnaireId\":41,\"questionId\":177,\"paramId\":0,\"graphType\":\"bar\"}'),(80,'FACETGRAPH',10,12,'{\"id\":80,\"width\":0,\"height\":0,\"title\":\"Cloud Readiness : Defined IT Architecture\",\"questionnaireId\":41,\"questionId\":179,\"paramId\":0,\"graphType\":\"bar\"}');
/*!40000 ALTER TABLE `widget` ENABLE KEYS */;
UNLOCK TABLES;

--
-- Table structure for table `workspace`
--

DROP TABLE IF EXISTS `workspace`;
/*!40101 SET @saved_cs_client     = @@character_set_client */;
/*!40101 SET character_set_client = utf8 */;
CREATE TABLE `workspace` (
  `id` int(11) NOT NULL AUTO_INCREMENT,
  `workspaceName` varchar(45) NOT NULL,
  `workspaceDescription` text,
  `deletedStatus` tinyint(1) NOT NULL DEFAULT '0',
  `createdBy` int(11) NOT NULL,
  `createdDate` timestamp NOT NULL DEFAULT CURRENT_TIMESTAMP,
  `updatedBy` int(11) NOT NULL,
  `updatedDate` timestamp NOT NULL DEFAULT CURRENT_TIMESTAMP,
  PRIMARY KEY (`id`),
  KEY `FK_WORKSPACE_USER_idx` (`createdBy`),
  KEY `FK_WORKSPACE_USER_UPDATE_idx` (`updatedBy`),
  CONSTRAINT `FK_WORKSPACE_USER_CREATE` FOREIGN KEY (`createdBy`) REFERENCES `user` (`id`) ON DELETE CASCADE ON UPDATE NO ACTION,
  CONSTRAINT `FK_WORKSPACE_USER_UPDATE` FOREIGN KEY (`updatedBy`) REFERENCES `user` (`id`) ON DELETE CASCADE ON UPDATE NO ACTION
) ENGINE=InnoDB AUTO_INCREMENT=9 DEFAULT CHARSET=latin1;
/*!40101 SET character_set_client = @saved_cs_client */;

--
-- Dumping data for table `workspace`
--

LOCK TABLES `workspace` WRITE;
/*!40000 ALTER TABLE `workspace` DISABLE KEYS */;
INSERT INTO `workspace` VALUES (1,'Client 1','Workspace for Client 1',0,2,'2015-08-13 10:49:14',2,'2015-08-13 10:49:14'),(2,'Client 2','',0,2,'2015-08-28 11:12:16',2,'2015-08-28 11:12:16'),(3,'Client 3','',0,2,'2015-08-28 11:15:37',2,'2015-08-28 11:15:37'),(4,'Client 4','',0,2,'2015-08-28 11:19:42',2,'2015-08-28 11:19:42'),(5,'Base Demo','',0,2,'2015-09-23 08:12:23',2,'2015-09-23 08:12:23'),(6,'Client 5','This is for Client 5.',0,2,'2015-10-15 06:51:30',2,'2015-10-15 06:51:30'),(7,'DTCC Demo','DTCC Demo',0,10,'2016-01-04 11:21:11',10,'2016-01-04 11:21:11'),(8,'Sample Workspace','Sample Workspace',0,5,'2016-01-07 05:16:32',5,'2016-01-07 05:16:32');
/*!40000 ALTER TABLE `workspace` ENABLE KEYS */;
UNLOCK TABLES;

--
-- Table structure for table `workspace_dashboard`
--

DROP TABLE IF EXISTS `workspace_dashboard`;
/*!40101 SET @saved_cs_client     = @@character_set_client */;
/*!40101 SET character_set_client = utf8 */;
CREATE TABLE `workspace_dashboard` (
  `id` int(11) NOT NULL AUTO_INCREMENT,
  `workspaceId` int(11) NOT NULL,
  `dashboardId` int(11) NOT NULL,
  PRIMARY KEY (`id`),
  UNIQUE KEY `UK_WORKSPACE_DASHBOARD` (`workspaceId`,`dashboardId`),
  KEY `FK_WORKSPACE_ID_idx` (`workspaceId`),
  KEY `FK_DASHBOARD_ID_idx` (`dashboardId`),
  CONSTRAINT `FK_DASHBOARD_ID` FOREIGN KEY (`dashboardId`) REFERENCES `dashboard` (`id`) ON DELETE NO ACTION ON UPDATE NO ACTION,
  CONSTRAINT `FK_WORKSPACE_ID` FOREIGN KEY (`workspaceId`) REFERENCES `workspace` (`id`) ON DELETE NO ACTION ON UPDATE NO ACTION
) ENGINE=InnoDB DEFAULT CHARSET=latin1;
/*!40101 SET character_set_client = @saved_cs_client */;

--
-- Dumping data for table `workspace_dashboard`
--

LOCK TABLES `workspace_dashboard` WRITE;
/*!40000 ALTER TABLE `workspace_dashboard` DISABLE KEYS */;
/*!40000 ALTER TABLE `workspace_dashboard` ENABLE KEYS */;
UNLOCK TABLES;

--
-- Dumping routines for database '3rdi'
--
/*!50003 DROP FUNCTION IF EXISTS `GetParameterTree` */;
/*!50003 SET @saved_cs_client      = @@character_set_client */ ;
/*!50003 SET @saved_cs_results     = @@character_set_results */ ;
/*!50003 SET @saved_col_connection = @@collation_connection */ ;
/*!50003 SET character_set_client  = utf8 */ ;
/*!50003 SET character_set_results = utf8 */ ;
/*!50003 SET collation_connection  = utf8_general_ci */ ;
/*!50003 SET @saved_sql_mode       = @@sql_mode */ ;
/*!50003 SET sql_mode              = 'STRICT_TRANS_TABLES,NO_ENGINE_SUBSTITUTION' */ ;
DELIMITER ;;
CREATE DEFINER=`root`@`localhost` FUNCTION `GetParameterTree`(GivenID INT) RETURNS varchar(1024) CHARSET latin1
    DETERMINISTIC
BEGIN

    DECLARE rv,q,queue,queue_children VARCHAR(1024);
    DECLARE queue_length,front_id,pos INT;

    SET rv = '';
    SET queue = GivenID;
    SET queue_length = 1;

    WHILE queue_length > 0 DO
        
        IF queue_length = 1 THEN
            SET front_id = FORMAT(queue,0);
            SET queue = '';
        ELSE
			SET front_id = SUBSTR(queue,1,LOCATE(',',queue)-1);
            SET pos = LOCATE(',',queue) + 1;
            SET q = SUBSTR(queue,pos);
            SET queue = q;
        END IF;
        SET queue_length = queue_length - 1;

        SELECT IFNULL(qc,'') INTO queue_children
        FROM (SELECT GROUP_CONCAT(childparameterId) qc
        FROM parameter_function WHERE parentParameterId = front_id) A;

        IF LENGTH(queue_children) = 0 THEN
            IF LENGTH(queue) = 0 THEN
                SET queue_length = 0;
            END IF;
        ELSE
            IF LENGTH(rv) = 0 THEN
                SET rv = queue_children;
            ELSE
                SET rv = CONCAT(rv,',',queue_children);
            END IF;
            IF LENGTH(queue) = 0 THEN
                SET queue = queue_children;
            ELSE
                SET queue = CONCAT(queue,',',queue_children);
            END IF;
            SET queue_length = LENGTH(queue) - LENGTH(REPLACE(queue,',','')) + 1;
        END IF;
    END WHILE;

    RETURN rv;

END ;;
DELIMITER ;
/*!50003 SET sql_mode              = @saved_sql_mode */ ;
/*!50003 SET character_set_client  = @saved_cs_client */ ;
/*!50003 SET character_set_results = @saved_cs_results */ ;
/*!50003 SET collation_connection  = @saved_col_connection */ ;
/*!50003 DROP PROCEDURE IF EXISTS `getParameterTree` */;
/*!50003 SET @saved_cs_client      = @@character_set_client */ ;
/*!50003 SET @saved_cs_results     = @@character_set_results */ ;
/*!50003 SET @saved_col_connection = @@collation_connection */ ;
/*!50003 SET character_set_client  = utf8 */ ;
/*!50003 SET character_set_results = utf8 */ ;
/*!50003 SET collation_connection  = utf8_general_ci */ ;
/*!50003 SET @saved_sql_mode       = @@sql_mode */ ;
/*!50003 SET sql_mode              = 'STRICT_TRANS_TABLES,NO_ENGINE_SUBSTITUTION' */ ;
DELIMITER ;;
CREATE DEFINER=`root`@`localhost` PROCEDURE `getParameterTree`(IN GivenID int, OUT rv VARCHAR(1024))
BEGIN

    set rv = getParameterTree(GivenID);

END ;;
DELIMITER ;
/*!50003 SET sql_mode              = @saved_sql_mode */ ;
/*!50003 SET character_set_client  = @saved_cs_client */ ;
/*!50003 SET character_set_results = @saved_cs_results */ ;
/*!50003 SET collation_connection  = @saved_col_connection */ ;
/*!40103 SET TIME_ZONE=@OLD_TIME_ZONE */;

/*!40101 SET SQL_MODE=@OLD_SQL_MODE */;
/*!40014 SET FOREIGN_KEY_CHECKS=@OLD_FOREIGN_KEY_CHECKS */;
/*!40014 SET UNIQUE_CHECKS=@OLD_UNIQUE_CHECKS */;
/*!40101 SET CHARACTER_SET_CLIENT=@OLD_CHARACTER_SET_CLIENT */;
/*!40101 SET CHARACTER_SET_RESULTS=@OLD_CHARACTER_SET_RESULTS */;
/*!40101 SET COLLATION_CONNECTION=@OLD_COLLATION_CONNECTION */;
/*!40111 SET SQL_NOTES=@OLD_SQL_NOTES */;

-- Dump completed on 2016-05-09 16:24:25
